"src","dst","tip"
"K000",".ai/architecture/00-kspace-anayasa.md","fm"
"K001",".ai/architecture/00-kspace-anayasa.md","fm"
"K002",".ai/architecture/00-kspace-anayasa.md","fm"
"K003",".ai/architecture/00-kspace-anayasa.md","fm"
"K004",".ai/architecture/00-kspace-anayasa.md","fm"
"K005",".ai/architecture/00-kspace-anayasa.md","fm"
"K006",".ai/architecture/00-kspace-anayasa.md","fm"
"K007",".ai/architecture/00-kspace-anayasa.md","fm"
"K008",".ai/architecture/00-kspace-anayasa.md","fm"
"K009",".ai/architecture/00-kspace-anayasa.md","fm"
"K010",".ai/architecture/00-kspace-anayasa.md","fm"
"K011",".ai/architecture/00-kspace-anayasa.md","fm"
"K012",".ai/architecture/00-kspace-anayasa.md","fm"
"K013",".ai/architecture/00-kspace-anayasa.md","fm"
"K014",".ai/architecture/00-kspace-anayasa.md","fm"
"K015",".ai/architecture/00-kspace-anayasa.md","fm"
"K016",".ai/architecture/00-kspace-anayasa.md","fm"
"K017",".ai/architecture/00-kspace-anayasa.md","fm"
"K018",".ai/architecture/00-kspace-anayasa.md","fm"
"K019",".ai/architecture/00-kspace-anayasa.md","fm"
"K020",".ai/architecture/00-kspace-anayasa.md","fm"
"K1000",".ai/architecture/rules.md","fm"
"K1001",".ai/architecture/rules.md","fm"
"K1002",".ai/architecture/rules.md","fm"
"K1003",".ai/architecture/rules.md","fm"
"K1004",".ai/architecture/rules.md","fm"
"K1005",".ai/architecture/rules.md","fm"
"K1006",".ai/architecture/rules.md","fm"
"K1007",".ai/architecture/rules.md","fm"
"K1008",".ai/architecture/rules.md","fm"
"K1009",".ai/architecture/rules.md","fm"
"K1010",".ai/architecture/rules.md","fm"
"K1011",".ai/architecture/rules.md","fm"
"K1012",".ai/architecture/rules.md","fm"
"K1013",".ai/architecture/rules.md","fm"
"K1014",".ai/architecture/rules.md","fm"
"K1015",".ai/architecture/rules.md","fm"
"K1016",".ai/architecture/rules.md","fm"
"K1017",".ai/architecture/rules.md","fm"
"K1018",".ai/architecture/rules.md","fm"
"K1019",".ai/architecture/rules.md","fm"
"K1020",".ai/architecture/rules.md","fm"
"K1021",".ai/architecture/rules.md","fm"
"K1022",".ai/architecture/rules.md","fm"
"K1023",".ai/architecture/rules.md","fm"
"K1024",".ai/architecture/rules.md","fm"
"K1025",".ai/architecture/rules.md","fm"
"K1026",".ai/architecture/rules.md","fm"
"K1027",".ai/architecture/rules.md","fm"
"K1028",".ai/architecture/rules.md","fm"
"K1029",".ai/architecture/rules.md","fm"
"K1030",".ai/architecture/rules.md","fm"
"K1031",".ai/architecture/rules.md","fm"
"K1032",".ai/architecture/rules.md","fm"
"K1033",".ai/architecture/rules.md","fm"
"K1034",".ai/architecture/rules.md","fm"
"K1035",".ai/architecture/rules.md","fm"
"K1036",".ai/architecture/rules.md","fm"
"K1037",".ai/architecture/rules.md","fm"
"K1038",".ai/architecture/rules.md","fm"
"K1039",".ai/architecture/rules.md","fm"
"K1040",".ai/architecture/rules.md","fm"
"K1041",".ai/architecture/rules.md","fm"
"K1042",".ai/architecture/rules.md","fm"
"K1043",".ai/architecture/rules.md","fm"
"K1044",".ai/architecture/rules.md","fm"
"K1045",".ai/architecture/rules.md","fm"
"K1046",".ai/architecture/rules.md","fm"
"K1047",".ai/architecture/rules.md","fm"
"K1048",".ai/architecture/rules.md","fm"
"K1049",".ai/architecture/rules.md","fm"
"K1050",".ai/architecture/rules.md","fm"
"K1051",".ai/architecture/rules.md","fm"
"K1052",".ai/architecture/rules.md","fm"
"K1053",".ai/architecture/rules.md","fm"
"K1054",".ai/architecture/rules.md","fm"
"K1055",".ai/architecture/rules.md","fm"
"K1056",".ai/architecture/rules.md","fm"
"K1057",".ai/architecture/rules.md","fm"
"K1058",".ai/architecture/rules.md","fm"
"K1059",".ai/architecture/rules.md","fm"
"K1060",".ai/architecture/rules.md","fm"
"K1061",".ai/architecture/rules.md","fm"
"K1062",".ai/architecture/rules.md","fm"
"K1063",".ai/architecture/rules.md","fm"
"K1064",".ai/architecture/rules.md","fm"
"K1065",".ai/architecture/rules.md","fm"
"K1066",".ai/architecture/rules.md","fm"
"K1067",".ai/architecture/rules.md","fm"
"K1068",".ai/architecture/rules.md","fm"
"K1069",".ai/architecture/rules.md","fm"
"K1070",".ai/architecture/rules.md","fm"
"K1071",".ai/architecture/rules.md","fm"
"K1072",".ai/architecture/rules.md","fm"
"K1073",".ai/architecture/rules.md","fm"
"K1074",".ai/architecture/rules.md","fm"
"K1075",".ai/architecture/rules.md","fm"
"K1076",".ai/architecture/rules.md","fm"
"K1077",".ai/architecture/rules.md","fm"
"K1078",".ai/architecture/rules.md","fm"
"K1079",".ai/architecture/rules.md","fm"
"K1080",".ai/architecture/rules.md","fm"
"K1081",".ai/architecture/rules.md","fm"
"K1082",".ai/architecture/rules.md","fm"
"K1083",".ai/architecture/rules.md","fm"
"K1084",".ai/architecture/rules.md","fm"
"K1085",".ai/architecture/rules.md","fm"
"K1086",".ai/architecture/rules.md","fm"
"K1087",".ai/architecture/rules.md","fm"
"K1088",".ai/architecture/rules.md","fm"
"K1089",".ai/architecture/rules.md","fm"
"K1090",".ai/architecture/rules.md","fm"
"K1091",".ai/architecture/rules.md","fm"
"K1092",".ai/architecture/rules.md","fm"
"K1093",".ai/architecture/rules.md","fm"
"K1094",".ai/architecture/rules.md","fm"
"K1095",".ai/architecture/rules.md","fm"
"K1096",".ai/architecture/rules.md","fm"
"K1097",".ai/architecture/rules.md","fm"
"K1098",".ai/architecture/rules.md","fm"
"K1099",".ai/architecture/rules.md","fm"
"K1100",".ai/architecture/rules.md","fm"
"K1101",".ai/architecture/rules.md","fm"
"K1102",".ai/architecture/rules.md","fm"
"K1103",".ai/architecture/rules.md","fm"
"K1104",".ai/architecture/rules.md","fm"
"K1105",".ai/architecture/rules.md","fm"
"K1106",".ai/architecture/rules.md","fm"
"K1107",".ai/architecture/rules.md","fm"
"K1108",".ai/architecture/rules.md","fm"
"K1109",".ai/architecture/rules.md","fm"
"K1110",".ai/architecture/rules.md","fm"
"K1111",".ai/architecture/rules.md","fm"
"K1112",".ai/architecture/rules.md","fm"
"K1113",".ai/architecture/rules.md","fm"
"K1114",".ai/architecture/rules.md","fm"
"K1115",".ai/architecture/rules.md","fm"
"K1116",".ai/architecture/rules.md","fm"
"K1117",".ai/architecture/rules.md","fm"
"K1118",".ai/architecture/rules.md","fm"
"K1119",".ai/architecture/rules.md","fm"
"K1120",".ai/architecture/rules.md","fm"
"K1121",".ai/architecture/rules.md","fm"
"K1122",".ai/architecture/rules.md","fm"
"K1123",".ai/architecture/rules.md","fm"
"K1124",".ai/architecture/rules.md","fm"
"K1125",".ai/architecture/rules.md","fm"
"K1126",".ai/architecture/rules.md","fm"
"K1127",".ai/architecture/rules.md","fm"
"K1128",".ai/architecture/rules.md","fm"
"K1129",".ai/architecture/rules.md","fm"
"K1130",".ai/architecture/rules.md","fm"
"K1131",".ai/architecture/rules.md","fm"
"K1132",".ai/architecture/rules.md","fm"
"K1133",".ai/architecture/rules.md","fm"
"K1134",".ai/architecture/rules.md","fm"
"K1135",".ai/architecture/rules.md","fm"
"K1136",".ai/architecture/rules.md","fm"
"K1137",".ai/architecture/rules.md","fm"
"K1138",".ai/architecture/rules.md","fm"
"K1139",".ai/architecture/rules.md","fm"
"K1140",".ai/architecture/rules.md","fm"
"K1141",".ai/architecture/rules.md","fm"
"K1142",".ai/architecture/rules.md","fm"
"K1143",".ai/architecture/rules.md","fm"
"K1144",".ai/architecture/rules.md","fm"
"K1145",".ai/architecture/rules.md","fm"
"K1146",".ai/architecture/rules.md","fm"
"K1147",".ai/architecture/rules.md","fm"
"K1148",".ai/architecture/rules.md","fm"
"K1149",".ai/architecture/rules.md","fm"
"K1150",".ai/architecture/rules.md","fm"
"K1151",".ai/architecture/rules.md","fm"
"K1152",".ai/architecture/rules.md","fm"
"K1153",".ai/architecture/rules.md","fm"
"K1154",".ai/architecture/rules.md","fm"
"K1155",".ai/architecture/rules.md","fm"
"K1156",".ai/architecture/rules.md","fm"
"K1157",".ai/architecture/rules.md","fm"
"K1158",".ai/architecture/rules.md","fm"
"K1159",".ai/architecture/rules.md","fm"
"K1160",".ai/architecture/rules.md","fm"
"K1161",".ai/architecture/rules.md","fm"
"K1162",".ai/architecture/rules.md","fm"
"K1163",".ai/architecture/rules.md","fm"
"K1164",".ai/architecture/rules.md","fm"
"K1165",".ai/architecture/rules.md","fm"
"K1166",".ai/architecture/rules.md","fm"
"K1167",".ai/architecture/rules.md","fm"
"K1168",".ai/architecture/rules.md","fm"
"K1169",".ai/architecture/rules.md","fm"
"K1170",".ai/architecture/rules.md","fm"
"K1171",".ai/architecture/rules.md","fm"
"K1172",".ai/architecture/rules.md","fm"
"K1173",".ai/architecture/rules.md","fm"
"K1174",".ai/architecture/rules.md","fm"
"K1175",".ai/architecture/rules.md","fm"
"K1176",".ai/architecture/rules.md","fm"
"K1177",".ai/architecture/rules.md","fm"
"K1178",".ai/architecture/rules.md","fm"
"K1179",".ai/architecture/rules.md","fm"
"K1180",".ai/architecture/rules.md","fm"
"K1181",".ai/architecture/rules.md","fm"
"K1182",".ai/architecture/rules.md","fm"
"K1183",".ai/architecture/rules.md","fm"
"K1184",".ai/architecture/rules.md","fm"
"K1185",".ai/architecture/rules.md","fm"
"K1186",".ai/architecture/rules.md","fm"
"K1187",".ai/architecture/rules.md","fm"
"K1188",".ai/architecture/rules.md","fm"
"K1189",".ai/architecture/rules.md","fm"
"K1190",".ai/architecture/rules.md","fm"
"K1191",".ai/architecture/rules.md","fm"
"K1192",".ai/architecture/rules.md","fm"
"K1193",".ai/architecture/rules.md","fm"
"K1194",".ai/architecture/rules.md","fm"
"K1195",".ai/architecture/rules.md","fm"
"K1196",".ai/architecture/rules.md","fm"
"K1197",".ai/architecture/rules.md","fm"
"K1198",".ai/architecture/rules.md","fm"
"K1199",".ai/architecture/rules.md","fm"
"K1200",".ai/architecture/rules.md","fm"
"K1201",".ai/architecture/rules.md","fm"
"K1202",".ai/architecture/rules.md","fm"
"K1203",".ai/architecture/rules.md","fm"
"K1204",".ai/architecture/rules.md","fm"
"K1205",".ai/architecture/rules.md","fm"
"K1206",".ai/architecture/rules.md","fm"
"K1207",".ai/architecture/rules.md","fm"
"K1208",".ai/architecture/rules.md","fm"
"K1209",".ai/architecture/rules.md","fm"
"K121",".ai/architecture/rules.md","fm"
"K1210",".ai/architecture/rules.md","fm"
"K1211",".ai/architecture/rules.md","fm"
"K1212",".ai/architecture/rules.md","fm"
"K1213",".ai/architecture/rules.md","fm"
"K1214",".ai/architecture/rules.md","fm"
"K1215",".ai/architecture/rules.md","fm"
"K1216",".ai/architecture/rules.md","fm"
"K1217",".ai/architecture/rules.md","fm"
"K1218",".ai/architecture/rules.md","fm"
"K1219",".ai/architecture/rules.md","fm"
"K122",".ai/architecture/rules.md","fm"
"K1220",".ai/architecture/rules.md","fm"
"K1221",".ai/architecture/rules.md","fm"
"K1222",".ai/architecture/rules.md","fm"
"K1223",".ai/architecture/rules.md","fm"
"K1224",".ai/architecture/rules.md","fm"
"K1225",".ai/architecture/rules.md","fm"
"K1226",".ai/architecture/rules.md","fm"
"K1227",".ai/architecture/rules.md","fm"
"K1228",".ai/architecture/rules.md","fm"
"K1229",".ai/architecture/rules.md","fm"
"K123",".ai/architecture/rules.md","fm"
"K1230",".ai/architecture/rules.md","fm"
"K1231",".ai/architecture/rules.md","fm"
"K1232",".ai/architecture/rules.md","fm"
"K1233",".ai/architecture/rules.md","fm"
"K1234",".ai/architecture/rules.md","fm"
"K1235",".ai/architecture/rules.md","fm"
"K1236",".ai/architecture/rules.md","fm"
"K1237",".ai/architecture/rules.md","fm"
"K1238",".ai/architecture/rules.md","fm"
"K1239",".ai/architecture/rules.md","fm"
"K124",".ai/architecture/rules.md","fm"
"K1240",".ai/architecture/rules.md","fm"
"K1241",".ai/architecture/rules.md","fm"
"K1242",".ai/architecture/rules.md","fm"
"K1243",".ai/architecture/rules.md","fm"
"K1244",".ai/architecture/rules.md","fm"
"K1245",".ai/architecture/rules.md","fm"
"K1246",".ai/architecture/rules.md","fm"
"K1247",".ai/architecture/rules.md","fm"
"K1248",".ai/architecture/rules.md","fm"
"K1249",".ai/architecture/rules.md","fm"
"K125",".ai/architecture/rules.md","fm"
"K1250",".ai/architecture/rules.md","fm"
"K1251",".ai/architecture/rules.md","fm"
"K1252",".ai/architecture/rules.md","fm"
"K1253",".ai/architecture/rules.md","fm"
"K1254",".ai/architecture/rules.md","fm"
"K1255",".ai/architecture/rules.md","fm"
"K1256",".ai/architecture/rules.md","fm"
"K1257",".ai/architecture/rules.md","fm"
"K1258",".ai/architecture/rules.md","fm"
"K1259",".ai/architecture/rules.md","fm"
"K126",".ai/architecture/rules.md","fm"
"K1260",".ai/architecture/rules.md","fm"
"K1261",".ai/architecture/rules.md","fm"
"K1262",".ai/architecture/rules.md","fm"
"K1263",".ai/architecture/rules.md","fm"
"K1264",".ai/architecture/rules.md","fm"
"K1265",".ai/architecture/rules.md","fm"
"K1266",".ai/architecture/rules.md","fm"
"K1267",".ai/architecture/rules.md","fm"
"K1268",".ai/architecture/rules.md","fm"
"K1269",".ai/architecture/rules.md","fm"
"K127",".ai/architecture/rules.md","fm"
"K1270",".ai/architecture/rules.md","fm"
"K1271",".ai/architecture/rules.md","fm"
"K1272",".ai/architecture/rules.md","fm"
"K1273",".ai/architecture/rules.md","fm"
"K1274",".ai/architecture/rules.md","fm"
"K1275",".ai/architecture/rules.md","fm"
"K1276",".ai/architecture/rules.md","fm"
"K1277",".ai/architecture/rules.md","fm"
"K1278",".ai/architecture/rules.md","fm"
"K1279",".ai/architecture/rules.md","fm"
"K128",".ai/architecture/rules.md","fm"
"K1280",".ai/architecture/rules.md","fm"
"K1281",".ai/architecture/rules.md","fm"
"K1282",".ai/architecture/rules.md","fm"
"K1283",".ai/architecture/rules.md","fm"
"K1284",".ai/architecture/rules.md","fm"
"K1285",".ai/architecture/rules.md","fm"
"K1286",".ai/architecture/rules.md","fm"
"K1287",".ai/architecture/rules.md","fm"
"K1288",".ai/architecture/rules.md","fm"
"K1289",".ai/architecture/rules.md","fm"
"K129",".ai/architecture/rules.md","fm"
"K1290",".ai/architecture/rules.md","fm"
"K1291",".ai/architecture/rules.md","fm"
"K1292",".ai/architecture/rules.md","fm"
"K1293",".ai/architecture/rules.md","fm"
"K1294",".ai/architecture/rules.md","fm"
"K1295",".ai/architecture/rules.md","fm"
"K1296",".ai/architecture/rules.md","fm"
"K1297",".ai/architecture/rules.md","fm"
"K1298",".ai/architecture/rules.md","fm"
"K1299",".ai/architecture/rules.md","fm"
"K130",".ai/architecture/rules.md","fm"
"K1300",".ai/architecture/rules.md","fm"
"K1301",".ai/architecture/rules.md","fm"
"K1302",".ai/architecture/rules.md","fm"
"K1303",".ai/architecture/rules.md","fm"
"K1304",".ai/architecture/rules.md","fm"
"K1305",".ai/architecture/rules.md","fm"
"K1306",".ai/architecture/rules.md","fm"
"K1307",".ai/architecture/rules.md","fm"
"K1308",".ai/architecture/rules.md","fm"
"K1309",".ai/architecture/rules.md","fm"
"K131",".ai/architecture/rules.md","fm"
"K1310",".ai/architecture/rules.md","fm"
"K1311",".ai/architecture/rules.md","fm"
"K1312",".ai/architecture/rules.md","fm"
"K1313",".ai/architecture/rules.md","fm"
"K1314",".ai/architecture/rules.md","fm"
"K1315",".ai/architecture/rules.md","fm"
"K1316",".ai/architecture/rules.md","fm"
"K1317",".ai/architecture/rules.md","fm"
"K1318",".ai/architecture/rules.md","fm"
"K1319",".ai/architecture/rules.md","fm"
"K132",".ai/architecture/rules.md","fm"
"K1320",".ai/architecture/rules.md","fm"
"K1321",".ai/architecture/rules.md","fm"
"K1322",".ai/architecture/rules.md","fm"
"K1323",".ai/architecture/rules.md","fm"
"K1324",".ai/architecture/rules.md","fm"
"K1325",".ai/architecture/rules.md","fm"
"K1326",".ai/architecture/rules.md","fm"
"K1327",".ai/architecture/rules.md","fm"
"K1328",".ai/architecture/rules.md","fm"
"K1329",".ai/architecture/rules.md","fm"
"K133",".ai/architecture/rules.md","fm"
"K1330",".ai/architecture/rules.md","fm"
"K1331",".ai/architecture/rules.md","fm"
"K1332",".ai/architecture/rules.md","fm"
"K1333",".ai/architecture/rules.md","fm"
"K1334",".ai/architecture/rules.md","fm"
"K1335",".ai/architecture/rules.md","fm"
"K1336",".ai/architecture/rules.md","fm"
"K1337",".ai/architecture/rules.md","fm"
"K1338",".ai/architecture/rules.md","fm"
"K1339",".ai/architecture/rules.md","fm"
"K134",".ai/architecture/rules.md","fm"
"K1340",".ai/architecture/rules.md","fm"
"K1341",".ai/architecture/rules.md","fm"
"K1342",".ai/architecture/rules.md","fm"
"K1343",".ai/architecture/rules.md","fm"
"K1344",".ai/architecture/rules.md","fm"
"K1345",".ai/architecture/rules.md","fm"
"K1346",".ai/architecture/rules.md","fm"
"K1347",".ai/architecture/rules.md","fm"
"K1348",".ai/architecture/rules.md","fm"
"K1349",".ai/architecture/rules.md","fm"
"K135",".ai/architecture/rules.md","fm"
"K1350",".ai/architecture/rules.md","fm"
"K1351",".ai/architecture/rules.md","fm"
"K1352",".ai/architecture/rules.md","fm"
"K1353",".ai/architecture/rules.md","fm"
"K1354",".ai/architecture/rules.md","fm"
"K1355",".ai/architecture/rules.md","fm"
"K1356",".ai/architecture/rules.md","fm"
"K1357",".ai/architecture/rules.md","fm"
"K1358",".ai/architecture/rules.md","fm"
"K1359",".ai/architecture/rules.md","fm"
"K136",".ai/architecture/rules.md","fm"
"K1360",".ai/architecture/rules.md","fm"
"K1361",".ai/architecture/rules.md","fm"
"K1362",".ai/architecture/rules.md","fm"
"K1363",".ai/architecture/rules.md","fm"
"K1364",".ai/architecture/rules.md","fm"
"K1365",".ai/architecture/rules.md","fm"
"K1366",".ai/architecture/rules.md","fm"
"K1367",".ai/architecture/rules.md","fm"
"K1368",".ai/architecture/rules.md","fm"
"K1369",".ai/architecture/rules.md","fm"
"K137",".ai/architecture/rules.md","fm"
"K1370",".ai/architecture/rules.md","fm"
"K1371",".ai/architecture/rules.md","fm"
"K1372",".ai/architecture/rules.md","fm"
"K1373",".ai/architecture/rules.md","fm"
"K1374",".ai/architecture/rules.md","fm"
"K1375",".ai/architecture/rules.md","fm"
"K1376",".ai/architecture/rules.md","fm"
"K1377",".ai/architecture/rules.md","fm"
"K1378",".ai/architecture/rules.md","fm"
"K1379",".ai/architecture/rules.md","fm"
"K138",".ai/architecture/rules.md","fm"
"K1380",".ai/architecture/rules.md","fm"
"K1381",".ai/architecture/rules.md","fm"
"K1382",".ai/architecture/rules.md","fm"
"K1383",".ai/architecture/rules.md","fm"
"K1384",".ai/architecture/rules.md","fm"
"K1385",".ai/architecture/rules.md","fm"
"K1386",".ai/architecture/rules.md","fm"
"K1387",".ai/architecture/rules.md","fm"
"K1388",".ai/architecture/rules.md","fm"
"K1389",".ai/architecture/rules.md","fm"
"K139",".ai/architecture/rules.md","fm"
"K1390",".ai/architecture/rules.md","fm"
"K1391",".ai/architecture/rules.md","fm"
"K1392",".ai/architecture/rules.md","fm"
"K1393",".ai/architecture/rules.md","fm"
"K1394",".ai/architecture/rules.md","fm"
"K1395",".ai/architecture/rules.md","fm"
"K1396",".ai/architecture/rules.md","fm"
"K1397",".ai/architecture/rules.md","fm"
"K1398",".ai/architecture/rules.md","fm"
"K1399",".ai/architecture/rules.md","fm"
"K140",".ai/architecture/rules.md","fm"
"K1400",".ai/architecture/rules.md","fm"
"K1401",".ai/architecture/rules.md","fm"
"K1402",".ai/architecture/rules.md","fm"
"K1403",".ai/architecture/rules.md","fm"
"K1404",".ai/architecture/rules.md","fm"
"K1405",".ai/architecture/rules.md","fm"
"K1406",".ai/architecture/rules.md","fm"
"K1407",".ai/architecture/rules.md","fm"
"K1408",".ai/architecture/rules.md","fm"
"K1409",".ai/architecture/rules.md","fm"
"K141",".ai/architecture/rules.md","fm"
"K1410",".ai/architecture/rules.md","fm"
"K1411",".ai/architecture/rules.md","fm"
"K1412",".ai/architecture/rules.md","fm"
"K1413",".ai/architecture/rules.md","fm"
"K1414",".ai/architecture/rules.md","fm"
"K1415",".ai/architecture/rules.md","fm"
"K1416",".ai/architecture/rules.md","fm"
"K1417",".ai/architecture/rules.md","fm"
"K1418",".ai/architecture/rules.md","fm"
"K1419",".ai/architecture/rules.md","fm"
"K142",".ai/architecture/rules.md","fm"
"K1420",".ai/architecture/rules.md","fm"
"K1421",".ai/architecture/rules.md","fm"
"K1422",".ai/architecture/rules.md","fm"
"K1423",".ai/architecture/rules.md","fm"
"K1424",".ai/architecture/rules.md","fm"
"K1425",".ai/architecture/rules.md","fm"
"K1426",".ai/architecture/rules.md","fm"
"K1427",".ai/architecture/rules.md","fm"
"K1428",".ai/architecture/rules.md","fm"
"K1429",".ai/architecture/rules.md","fm"
"K143",".ai/architecture/rules.md","fm"
"K1430",".ai/architecture/rules.md","fm"
"K1431",".ai/architecture/rules.md","fm"
"K1432",".ai/architecture/rules.md","fm"
"K1433",".ai/architecture/rules.md","fm"
"K1434",".ai/architecture/rules.md","fm"
"K1435",".ai/architecture/rules.md","fm"
"K1436",".ai/architecture/rules.md","fm"
"K1437",".ai/architecture/rules.md","fm"
"K1438",".ai/architecture/rules.md","fm"
"K1439",".ai/architecture/rules.md","fm"
"K144",".ai/architecture/rules.md","fm"
"K1440",".ai/architecture/rules.md","fm"
"K1441",".ai/architecture/rules.md","fm"
"K1442",".ai/architecture/rules.md","fm"
"K1443",".ai/architecture/rules.md","fm"
"K1444",".ai/architecture/rules.md","fm"
"K1445",".ai/architecture/rules.md","fm"
"K1446",".ai/architecture/rules.md","fm"
"K1447",".ai/architecture/rules.md","fm"
"K1448",".ai/architecture/rules.md","fm"
"K1449",".ai/architecture/rules.md","fm"
"K145",".ai/architecture/rules.md","fm"
"K1450",".ai/architecture/rules.md","fm"
"K1451",".ai/architecture/rules.md","fm"
"K1452",".ai/architecture/rules.md","fm"
"K1453",".ai/architecture/rules.md","fm"
"K1454",".ai/architecture/rules.md","fm"
"K1455",".ai/architecture/rules.md","fm"
"K1456",".ai/architecture/rules.md","fm"
"K1457",".ai/architecture/rules.md","fm"
"K1458",".ai/architecture/rules.md","fm"
"K1459",".ai/architecture/rules.md","fm"
"K146",".ai/architecture/rules.md","fm"
"K1460",".ai/architecture/rules.md","fm"
"K1461",".ai/architecture/rules.md","fm"
"K1462",".ai/architecture/rules.md","fm"
"K1463",".ai/architecture/rules.md","fm"
"K1464",".ai/architecture/rules.md","fm"
"K1465",".ai/architecture/rules.md","fm"
"K1466",".ai/architecture/rules.md","fm"
"K1467",".ai/architecture/rules.md","fm"
"K1468",".ai/architecture/rules.md","fm"
"K1469",".ai/architecture/rules.md","fm"
"K147",".ai/architecture/rules.md","fm"
"K1470",".ai/architecture/rules.md","fm"
"K1471",".ai/architecture/rules.md","fm"
"K1472",".ai/architecture/rules.md","fm"
"K1473",".ai/architecture/rules.md","fm"
"K1474",".ai/architecture/rules.md","fm"
"K1475",".ai/architecture/rules.md","fm"
"K1476",".ai/architecture/rules.md","fm"
"K1477",".ai/architecture/rules.md","fm"
"K1478",".ai/architecture/rules.md","fm"
"K1479",".ai/architecture/rules.md","fm"
"K148",".ai/architecture/rules.md","fm"
"K1480",".ai/architecture/rules.md","fm"
"K1481",".ai/architecture/rules.md","fm"
"K1482",".ai/architecture/rules.md","fm"
"K1483",".ai/architecture/rules.md","fm"
"K1484",".ai/architecture/rules.md","fm"
"K1485",".ai/architecture/rules.md","fm"
"K1486",".ai/architecture/rules.md","fm"
"K1487",".ai/architecture/rules.md","fm"
"K1488",".ai/architecture/rules.md","fm"
"K1489",".ai/architecture/rules.md","fm"
"K149",".ai/architecture/rules.md","fm"
"K1490",".ai/architecture/rules.md","fm"
"K1491",".ai/architecture/rules.md","fm"
"K1492",".ai/architecture/rules.md","fm"
"K1493",".ai/architecture/rules.md","fm"
"K1494",".ai/architecture/rules.md","fm"
"K1495",".ai/architecture/rules.md","fm"
"K1496",".ai/architecture/rules.md","fm"
"K1497",".ai/architecture/rules.md","fm"
"K1498",".ai/architecture/rules.md","fm"
"K1499",".ai/architecture/rules.md","fm"
"K150",".ai/architecture/rules.md","fm"
"K1500",".ai/architecture/rules.md","fm"
"K1501",".ai/architecture/rules.md","fm"
"K1502",".ai/architecture/rules.md","fm"
"K1503",".ai/architecture/rules.md","fm"
"K1504",".ai/architecture/rules.md","fm"
"K1505",".ai/architecture/rules.md","fm"
"K1506",".ai/architecture/rules.md","fm"
"K1507",".ai/architecture/rules.md","fm"
"K1508",".ai/architecture/rules.md","fm"
"K1509",".ai/architecture/rules.md","fm"
"K151",".ai/architecture/rules.md","fm"
"K1510",".ai/architecture/rules.md","fm"
"K1511",".ai/architecture/rules.md","fm"
"K1512",".ai/architecture/rules.md","fm"
"K1513",".ai/architecture/rules.md","fm"
"K1514",".ai/architecture/rules.md","fm"
"K1515",".ai/architecture/rules.md","fm"
"K1516",".ai/architecture/rules.md","fm"
"K1517",".ai/architecture/rules.md","fm"
"K1518",".ai/architecture/rules.md","fm"
"K1519",".ai/architecture/rules.md","fm"
"K152",".ai/architecture/rules.md","fm"
"K1520",".ai/architecture/rules.md","fm"
"K1521",".ai/architecture/rules.md","fm"
"K1522",".ai/architecture/rules.md","fm"
"K1523",".ai/architecture/rules.md","fm"
"K1524",".ai/architecture/rules.md","fm"
"K1525",".ai/architecture/rules.md","fm"
"K1526",".ai/architecture/rules.md","fm"
"K1527",".ai/architecture/rules.md","fm"
"K1528",".ai/architecture/rules.md","fm"
"K1529",".ai/architecture/rules.md","fm"
"K153",".ai/architecture/rules.md","fm"
"K1530",".ai/architecture/rules.md","fm"
"K1531",".ai/architecture/rules.md","fm"
"K1532",".ai/architecture/rules.md","fm"
"K1533",".ai/architecture/rules.md","fm"
"K1534",".ai/architecture/rules.md","fm"
"K1535",".ai/architecture/rules.md","fm"
"K1536",".ai/architecture/rules.md","fm"
"K1537",".ai/architecture/rules.md","fm"
"K1538",".ai/architecture/rules.md","fm"
"K1539",".ai/architecture/rules.md","fm"
"K154",".ai/architecture/rules.md","fm"
"K1540",".ai/architecture/rules.md","fm"
"K1541",".ai/architecture/rules.md","fm"
"K1542",".ai/architecture/rules.md","fm"
"K1543",".ai/architecture/rules.md","fm"
"K1544",".ai/architecture/rules.md","fm"
"K1545",".ai/architecture/rules.md","fm"
"K1546",".ai/architecture/rules.md","fm"
"K1547",".ai/architecture/rules.md","fm"
"K1548",".ai/architecture/rules.md","fm"
"K1549",".ai/architecture/rules.md","fm"
"K155",".ai/architecture/rules.md","fm"
"K1550",".ai/architecture/rules.md","fm"
"K1551",".ai/architecture/rules.md","fm"
"K1552",".ai/architecture/rules.md","fm"
"K1553",".ai/architecture/rules.md","fm"
"K1554",".ai/architecture/rules.md","fm"
"K1555",".ai/architecture/rules.md","fm"
"K1556",".ai/architecture/rules.md","fm"
"K1557",".ai/architecture/rules.md","fm"
"K1558",".ai/architecture/rules.md","fm"
"K1559",".ai/architecture/rules.md","fm"
"K156",".ai/architecture/rules.md","fm"
"K1560",".ai/architecture/rules.md","fm"
"K1561",".ai/architecture/rules.md","fm"
"K1562",".ai/architecture/rules.md","fm"
"K1563",".ai/architecture/rules.md","fm"
"K1564",".ai/architecture/rules.md","fm"
"K1565",".ai/architecture/rules.md","fm"
"K1566",".ai/architecture/rules.md","fm"
"K1567",".ai/architecture/rules.md","fm"
"K1568",".ai/architecture/rules.md","fm"
"K1569",".ai/architecture/rules.md","fm"
"K157",".ai/architecture/rules.md","fm"
"K1570",".ai/architecture/rules.md","fm"
"K1571",".ai/architecture/rules.md","fm"
"K1572",".ai/architecture/rules.md","fm"
"K1573",".ai/architecture/rules.md","fm"
"K1574",".ai/architecture/rules.md","fm"
"K1575",".ai/architecture/rules.md","fm"
"K1576",".ai/architecture/rules.md","fm"
"K1577",".ai/architecture/rules.md","fm"
"K1578",".ai/architecture/rules.md","fm"
"K1579",".ai/architecture/rules.md","fm"
"K158",".ai/architecture/rules.md","fm"
"K1580",".ai/architecture/rules.md","fm"
"K1581",".ai/architecture/rules.md","fm"
"K1582",".ai/architecture/rules.md","fm"
"K1583",".ai/architecture/rules.md","fm"
"K1584",".ai/architecture/rules.md","fm"
"K1585",".ai/architecture/rules.md","fm"
"K1586",".ai/architecture/rules.md","fm"
"K1587",".ai/architecture/rules.md","fm"
"K1588",".ai/architecture/rules.md","fm"
"K1589",".ai/architecture/rules.md","fm"
"K159",".ai/architecture/rules.md","fm"
"K1590",".ai/architecture/rules.md","fm"
"K1591",".ai/architecture/rules.md","fm"
"K1592",".ai/architecture/rules.md","fm"
"K1593",".ai/architecture/rules.md","fm"
"K1594",".ai/architecture/rules.md","fm"
"K1595",".ai/architecture/rules.md","fm"
"K1596",".ai/architecture/rules.md","fm"
"K1597",".ai/architecture/rules.md","fm"
"K1598",".ai/architecture/rules.md","fm"
"K1599",".ai/architecture/rules.md","fm"
"K160",".ai/architecture/rules.md","fm"
"K1600",".ai/architecture/rules.md","fm"
"K1601",".ai/architecture/rules.md","fm"
"K1602",".ai/architecture/rules.md","fm"
"K1603",".ai/architecture/rules.md","fm"
"K1604",".ai/architecture/rules.md","fm"
"K1605",".ai/architecture/rules.md","fm"
"K1606",".ai/architecture/rules.md","fm"
"K1607",".ai/architecture/rules.md","fm"
"K1608",".ai/architecture/rules.md","fm"
"K1609",".ai/architecture/rules.md","fm"
"K161",".ai/architecture/rules.md","fm"
"K1610",".ai/architecture/rules.md","fm"
"K1611",".ai/architecture/rules.md","fm"
"K1612",".ai/architecture/rules.md","fm"
"K1613",".ai/architecture/rules.md","fm"
"K1614",".ai/architecture/rules.md","fm"
"K1615",".ai/architecture/rules.md","fm"
"K1616",".ai/architecture/rules.md","fm"
"K1617",".ai/architecture/rules.md","fm"
"K1618",".ai/architecture/rules.md","fm"
"K1619",".ai/architecture/rules.md","fm"
"K162",".ai/architecture/rules.md","fm"
"K1620",".ai/architecture/rules.md","fm"
"K1621",".ai/architecture/rules.md","fm"
"K1622",".ai/architecture/rules.md","fm"
"K1623",".ai/architecture/rules.md","fm"
"K1624",".ai/architecture/rules.md","fm"
"K1625",".ai/architecture/rules.md","fm"
"K1626",".ai/architecture/rules.md","fm"
"K1627",".ai/architecture/rules.md","fm"
"K1628",".ai/architecture/rules.md","fm"
"K1629",".ai/architecture/rules.md","fm"
"K163",".ai/architecture/rules.md","fm"
"K1630",".ai/architecture/rules.md","fm"
"K1631",".ai/architecture/rules.md","fm"
"K1632",".ai/architecture/rules.md","fm"
"K1633",".ai/architecture/rules.md","fm"
"K1634",".ai/architecture/rules.md","fm"
"K1635",".ai/architecture/rules.md","fm"
"K1636",".ai/architecture/rules.md","fm"
"K1637",".ai/architecture/rules.md","fm"
"K1638",".ai/architecture/rules.md","fm"
"K1639",".ai/architecture/rules.md","fm"
"K164",".ai/architecture/rules.md","fm"
"K1640",".ai/architecture/rules.md","fm"
"K1641",".ai/architecture/rules.md","fm"
"K1642",".ai/architecture/rules.md","fm"
"K1643",".ai/architecture/rules.md","fm"
"K1644",".ai/architecture/rules.md","fm"
"K1645",".ai/architecture/rules.md","fm"
"K1646",".ai/architecture/rules.md","fm"
"K1647",".ai/architecture/rules.md","fm"
"K1648",".ai/architecture/rules.md","fm"
"K1649",".ai/architecture/rules.md","fm"
"K165",".ai/architecture/rules.md","fm"
"K1650",".ai/architecture/rules.md","fm"
"K1651",".ai/architecture/rules.md","fm"
"K1652",".ai/architecture/rules.md","fm"
"K1653",".ai/architecture/rules.md","fm"
"K1654",".ai/architecture/rules.md","fm"
"K1655",".ai/architecture/rules.md","fm"
"K1656",".ai/architecture/rules.md","fm"
"K1657",".ai/architecture/rules.md","fm"
"K1658",".ai/architecture/rules.md","fm"
"K1659",".ai/architecture/rules.md","fm"
"K166",".ai/architecture/rules.md","fm"
"K1660",".ai/architecture/rules.md","fm"
"K1661",".ai/architecture/rules.md","fm"
"K1662",".ai/architecture/rules.md","fm"
"K1663",".ai/architecture/rules.md","fm"
"K1664",".ai/architecture/rules.md","fm"
"K1665",".ai/architecture/rules.md","fm"
"K1666",".ai/architecture/rules.md","fm"
"K1667",".ai/architecture/rules.md","fm"
"K1668",".ai/architecture/rules.md","fm"
"K1669",".ai/architecture/rules.md","fm"
"K167",".ai/architecture/rules.md","fm"
"K1670",".ai/architecture/rules.md","fm"
"K1671",".ai/architecture/rules.md","fm"
"K1672",".ai/architecture/rules.md","fm"
"K1673",".ai/architecture/rules.md","fm"
"K1674",".ai/architecture/rules.md","fm"
"K1675",".ai/architecture/rules.md","fm"
"K1676",".ai/architecture/rules.md","fm"
"K1677",".ai/architecture/rules.md","fm"
"K1678",".ai/architecture/rules.md","fm"
"K1679",".ai/architecture/rules.md","fm"
"K168",".ai/architecture/rules.md","fm"
"K1680",".ai/architecture/rules.md","fm"
"K1681",".ai/architecture/rules.md","fm"
"K1682",".ai/architecture/rules.md","fm"
"K1683",".ai/architecture/rules.md","fm"
"K1684",".ai/architecture/rules.md","fm"
"K1685",".ai/architecture/rules.md","fm"
"K1686",".ai/architecture/rules.md","fm"
"K1687",".ai/architecture/rules.md","fm"
"K1688",".ai/architecture/rules.md","fm"
"K1689",".ai/architecture/rules.md","fm"
"K169",".ai/architecture/rules.md","fm"
"K1690",".ai/architecture/rules.md","fm"
"K1691",".ai/architecture/rules.md","fm"
"K1692",".ai/architecture/rules.md","fm"
"K1693",".ai/architecture/rules.md","fm"
"K1694",".ai/architecture/rules.md","fm"
"K1695",".ai/architecture/rules.md","fm"
"K1696",".ai/architecture/rules.md","fm"
"K1697",".ai/architecture/rules.md","fm"
"K1698",".ai/architecture/rules.md","fm"
"K1699",".ai/architecture/rules.md","fm"
"K170",".ai/architecture/rules.md","fm"
"K1700",".ai/architecture/rules.md","fm"
"K1701",".ai/architecture/rules.md","fm"
"K1702",".ai/architecture/rules.md","fm"
"K1703",".ai/architecture/rules.md","fm"
"K1704",".ai/architecture/rules.md","fm"
"K1705",".ai/architecture/rules.md","fm"
"K1706",".ai/architecture/rules.md","fm"
"K1707",".ai/architecture/rules.md","fm"
"K1708",".ai/architecture/rules.md","fm"
"K1709",".ai/architecture/rules.md","fm"
"K171",".ai/architecture/rules.md","fm"
"K1710",".ai/architecture/rules.md","fm"
"K1711",".ai/architecture/rules.md","fm"
"K1712",".ai/architecture/rules.md","fm"
"K1713",".ai/architecture/rules.md","fm"
"K1714",".ai/architecture/rules.md","fm"
"K1715",".ai/architecture/rules.md","fm"
"K1716",".ai/architecture/rules.md","fm"
"K1717",".ai/architecture/rules.md","fm"
"K1718",".ai/architecture/rules.md","fm"
"K1719",".ai/architecture/rules.md","fm"
"K172",".ai/architecture/rules.md","fm"
"K1720",".ai/architecture/rules.md","fm"
"K1721",".ai/architecture/rules.md","fm"
"K1722",".ai/architecture/rules.md","fm"
"K1723",".ai/architecture/rules.md","fm"
"K1724",".ai/architecture/rules.md","fm"
"K1725",".ai/architecture/rules.md","fm"
"K1726",".ai/architecture/rules.md","fm"
"K1727",".ai/architecture/rules.md","fm"
"K1728",".ai/architecture/rules.md","fm"
"K1729",".ai/architecture/rules.md","fm"
"K173",".ai/architecture/rules.md","fm"
"K1730",".ai/architecture/rules.md","fm"
"K1731",".ai/architecture/rules.md","fm"
"K1732",".ai/architecture/rules.md","fm"
"K1733",".ai/architecture/rules.md","fm"
"K1734",".ai/architecture/rules.md","fm"
"K1735",".ai/architecture/rules.md","fm"
"K1736",".ai/architecture/rules.md","fm"
"K1737",".ai/architecture/rules.md","fm"
"K1738",".ai/architecture/rules.md","fm"
"K1739",".ai/architecture/rules.md","fm"
"K174",".ai/architecture/rules.md","fm"
"K1740",".ai/architecture/rules.md","fm"
"K1741",".ai/architecture/rules.md","fm"
"K1742",".ai/architecture/rules.md","fm"
"K1743",".ai/architecture/rules.md","fm"
"K1744",".ai/architecture/rules.md","fm"
"K1745",".ai/architecture/rules.md","fm"
"K1746",".ai/architecture/rules.md","fm"
"K1747",".ai/architecture/rules.md","fm"
"K1748",".ai/architecture/rules.md","fm"
"K1749",".ai/architecture/rules.md","fm"
"K175",".ai/architecture/rules.md","fm"
"K1750",".ai/architecture/rules.md","fm"
"K1751",".ai/architecture/rules.md","fm"
"K1752",".ai/architecture/rules.md","fm"
"K1753",".ai/architecture/rules.md","fm"
"K1754",".ai/architecture/rules.md","fm"
"K1755",".ai/architecture/rules.md","fm"
"K1756",".ai/architecture/rules.md","fm"
"K1757",".ai/architecture/rules.md","fm"
"K1758",".ai/architecture/rules.md","fm"
"K1759",".ai/architecture/rules.md","fm"
"K176",".ai/architecture/rules.md","fm"
"K1760",".ai/architecture/rules.md","fm"
"K1761",".ai/architecture/rules.md","fm"
"K1762",".ai/architecture/rules.md","fm"
"K1763",".ai/architecture/rules.md","fm"
"K1764",".ai/architecture/rules.md","fm"
"K1765",".ai/architecture/rules.md","fm"
"K1766",".ai/architecture/rules.md","fm"
"K1767",".ai/architecture/rules.md","fm"
"K1768",".ai/architecture/rules.md","fm"
"K1769",".ai/architecture/rules.md","fm"
"K177",".ai/architecture/rules.md","fm"
"K1770",".ai/architecture/rules.md","fm"
"K1771",".ai/architecture/rules.md","fm"
"K1772",".ai/architecture/rules.md","fm"
"K1773",".ai/architecture/rules.md","fm"
"K1774",".ai/architecture/rules.md","fm"
"K1775",".ai/architecture/rules.md","fm"
"K1776",".ai/architecture/rules.md","fm"
"K1777",".ai/architecture/rules.md","fm"
"K1778",".ai/architecture/rules.md","fm"
"K1779",".ai/architecture/rules.md","fm"
"K178",".ai/architecture/rules.md","fm"
"K1780",".ai/architecture/rules.md","fm"
"K1781",".ai/architecture/rules.md","fm"
"K1782",".ai/architecture/rules.md","fm"
"K1783",".ai/architecture/rules.md","fm"
"K1784",".ai/architecture/rules.md","fm"
"K1785",".ai/architecture/rules.md","fm"
"K1786",".ai/architecture/rules.md","fm"
"K1787",".ai/architecture/rules.md","fm"
"K1788",".ai/architecture/rules.md","fm"
"K1789",".ai/architecture/rules.md","fm"
"K179",".ai/architecture/rules.md","fm"
"K1790",".ai/architecture/rules.md","fm"
"K1791",".ai/architecture/rules.md","fm"
"K1792",".ai/architecture/rules.md","fm"
"K1793",".ai/architecture/rules.md","fm"
"K1794",".ai/architecture/rules.md","fm"
"K1795",".ai/architecture/rules.md","fm"
"K1796",".ai/architecture/rules.md","fm"
"K1797",".ai/architecture/rules.md","fm"
"K1798",".ai/architecture/rules.md","fm"
"K1799",".ai/architecture/rules.md","fm"
"K180",".ai/architecture/rules.md","fm"
"K1800",".ai/architecture/rules.md","fm"
"K1801",".ai/architecture/rules.md","fm"
"K1802",".ai/architecture/rules.md","fm"
"K1803",".ai/architecture/rules.md","fm"
"K1804",".ai/architecture/rules.md","fm"
"K1805",".ai/architecture/rules.md","fm"
"K1806",".ai/architecture/rules.md","fm"
"K1807",".ai/architecture/rules.md","fm"
"K1808",".ai/architecture/rules.md","fm"
"K1809",".ai/architecture/rules.md","fm"
"K181",".ai/architecture/rules.md","fm"
"K1810",".ai/architecture/rules.md","fm"
"K1811",".ai/architecture/rules.md","fm"
"K1812",".ai/architecture/rules.md","fm"
"K1813",".ai/architecture/rules.md","fm"
"K1814",".ai/architecture/rules.md","fm"
"K1815",".ai/architecture/rules.md","fm"
"K1816",".ai/architecture/rules.md","fm"
"K1817",".ai/architecture/rules.md","fm"
"K1818",".ai/architecture/rules.md","fm"
"K1819",".ai/architecture/rules.md","fm"
"K182",".ai/architecture/rules.md","fm"
"K1820",".ai/architecture/rules.md","fm"
"K1821",".ai/architecture/rules.md","fm"
"K1822",".ai/architecture/rules.md","fm"
"K1823",".ai/architecture/rules.md","fm"
"K1824",".ai/architecture/rules.md","fm"
"K1825",".ai/architecture/rules.md","fm"
"K1826",".ai/architecture/rules.md","fm"
"K1827",".ai/architecture/rules.md","fm"
"K1828",".ai/architecture/rules.md","fm"
"K1829",".ai/architecture/rules.md","fm"
"K183",".ai/architecture/rules.md","fm"
"K1830",".ai/architecture/rules.md","fm"
"K1831",".ai/architecture/rules.md","fm"
"K1832",".ai/architecture/rules.md","fm"
"K1833",".ai/architecture/rules.md","fm"
"K1834",".ai/architecture/rules.md","fm"
"K1835",".ai/architecture/rules.md","fm"
"K1836",".ai/architecture/rules.md","fm"
"K1837",".ai/architecture/rules.md","fm"
"K1838",".ai/architecture/rules.md","fm"
"K1839",".ai/architecture/rules.md","fm"
"K184",".ai/architecture/rules.md","fm"
"K1840",".ai/architecture/rules.md","fm"
"K1841",".ai/architecture/rules.md","fm"
"K1842",".ai/architecture/rules.md","fm"
"K1843",".ai/architecture/rules.md","fm"
"K1844",".ai/architecture/rules.md","fm"
"K1845",".ai/architecture/rules.md","fm"
"K1846",".ai/architecture/rules.md","fm"
"K1847",".ai/architecture/rules.md","fm"
"K1848",".ai/architecture/rules.md","fm"
"K1849",".ai/architecture/rules.md","fm"
"K185",".ai/architecture/rules.md","fm"
"K1850",".ai/architecture/rules.md","fm"
"K1851",".ai/architecture/rules.md","fm"
"K1852",".ai/architecture/rules.md","fm"
"K1853",".ai/architecture/rules.md","fm"
"K1854",".ai/architecture/rules.md","fm"
"K1855",".ai/architecture/rules.md","fm"
"K1856",".ai/architecture/rules.md","fm"
"K1857",".ai/architecture/rules.md","fm"
"K1858",".ai/architecture/rules.md","fm"
"K1859",".ai/architecture/rules.md","fm"
"K186",".ai/architecture/rules.md","fm"
"K1860",".ai/architecture/rules.md","fm"
"K1861",".ai/architecture/rules.md","fm"
"K1862",".ai/architecture/rules.md","fm"
"K1863",".ai/architecture/rules.md","fm"
"K1864",".ai/architecture/rules.md","fm"
"K1865",".ai/architecture/rules.md","fm"
"K1866",".ai/architecture/rules.md","fm"
"K1867",".ai/architecture/rules.md","fm"
"K1868",".ai/architecture/rules.md","fm"
"K1869",".ai/architecture/rules.md","fm"
"K187",".ai/architecture/rules.md","fm"
"K1870",".ai/architecture/rules.md","fm"
"K1871",".ai/architecture/rules.md","fm"
"K1872",".ai/architecture/rules.md","fm"
"K1873",".ai/architecture/rules.md","fm"
"K1874",".ai/architecture/rules.md","fm"
"K1875",".ai/architecture/rules.md","fm"
"K1876",".ai/architecture/rules.md","fm"
"K1877",".ai/architecture/rules.md","fm"
"K1878",".ai/architecture/rules.md","fm"
"K1879",".ai/architecture/rules.md","fm"
"K188",".ai/architecture/rules.md","fm"
"K1880",".ai/architecture/rules.md","fm"
"K1881",".ai/architecture/rules.md","fm"
"K1882",".ai/architecture/rules.md","fm"
"K1883",".ai/architecture/rules.md","fm"
"K1884",".ai/architecture/rules.md","fm"
"K1885",".ai/architecture/rules.md","fm"
"K1886",".ai/architecture/rules.md","fm"
"K1887",".ai/architecture/rules.md","fm"
"K1888",".ai/architecture/rules.md","fm"
"K1889",".ai/architecture/rules.md","fm"
"K189",".ai/architecture/rules.md","fm"
"K1890",".ai/architecture/rules.md","fm"
"K1891",".ai/architecture/rules.md","fm"
"K1892",".ai/architecture/rules.md","fm"
"K1893",".ai/architecture/rules.md","fm"
"K1894",".ai/architecture/rules.md","fm"
"K1895",".ai/architecture/rules.md","fm"
"K1896",".ai/architecture/rules.md","fm"
"K1897",".ai/architecture/rules.md","fm"
"K1898",".ai/architecture/rules.md","fm"
"K1899",".ai/architecture/rules.md","fm"
"K190",".ai/architecture/rules.md","fm"
"K1900",".ai/architecture/rules.md","fm"
"K1901",".ai/architecture/rules.md","fm"
"K1902",".ai/architecture/rules.md","fm"
"K1903",".ai/architecture/rules.md","fm"
"K1904",".ai/architecture/rules.md","fm"
"K1905",".ai/architecture/rules.md","fm"
"K1906",".ai/architecture/rules.md","fm"
"K1907",".ai/architecture/rules.md","fm"
"K1908",".ai/architecture/rules.md","fm"
"K1909",".ai/architecture/rules.md","fm"
"K191",".ai/architecture/rules.md","fm"
"K1910",".ai/architecture/rules.md","fm"
"K1911",".ai/architecture/rules.md","fm"
"K1912",".ai/architecture/rules.md","fm"
"K1913",".ai/architecture/rules.md","fm"
"K1914",".ai/architecture/rules.md","fm"
"K1915",".ai/architecture/rules.md","fm"
"K1916",".ai/architecture/rules.md","fm"
"K1917",".ai/architecture/rules.md","fm"
"K1918",".ai/architecture/rules.md","fm"
"K1919",".ai/architecture/rules.md","fm"
"K192",".ai/architecture/rules.md","fm"
"K1920",".ai/architecture/rules.md","fm"
"K1921",".ai/architecture/rules.md","fm"
"K1922",".ai/architecture/rules.md","fm"
"K1923",".ai/architecture/rules.md","fm"
"K1924",".ai/architecture/rules.md","fm"
"K1925",".ai/architecture/rules.md","fm"
"K1926",".ai/architecture/rules.md","fm"
"K1927",".ai/architecture/rules.md","fm"
"K1928",".ai/architecture/rules.md","fm"
"K1929",".ai/architecture/rules.md","fm"
"K193",".ai/architecture/rules.md","fm"
"K1930",".ai/architecture/rules.md","fm"
"K1931",".ai/architecture/rules.md","fm"
"K1932",".ai/architecture/rules.md","fm"
"K1933",".ai/architecture/rules.md","fm"
"K1934",".ai/architecture/rules.md","fm"
"K1935",".ai/architecture/rules.md","fm"
"K1936",".ai/architecture/rules.md","fm"
"K1937",".ai/architecture/rules.md","fm"
"K1938",".ai/architecture/rules.md","fm"
"K1939",".ai/architecture/rules.md","fm"
"K194",".ai/architecture/rules.md","fm"
"K1940",".ai/architecture/rules.md","fm"
"K1941",".ai/architecture/rules.md","fm"
"K1942",".ai/architecture/rules.md","fm"
"K1943",".ai/architecture/rules.md","fm"
"K1944",".ai/architecture/rules.md","fm"
"K1945",".ai/architecture/rules.md","fm"
"K1946",".ai/architecture/rules.md","fm"
"K1947",".ai/architecture/rules.md","fm"
"K1948",".ai/architecture/rules.md","fm"
"K1949",".ai/architecture/rules.md","fm"
"K195",".ai/architecture/rules.md","fm"
"K1950",".ai/architecture/rules.md","fm"
"K1951",".ai/architecture/rules.md","fm"
"K1952",".ai/architecture/rules.md","fm"
"K1953",".ai/architecture/rules.md","fm"
"K1954",".ai/architecture/rules.md","fm"
"K1955",".ai/architecture/rules.md","fm"
"K1956",".ai/architecture/rules.md","fm"
"K1957",".ai/architecture/rules.md","fm"
"K1958",".ai/architecture/rules.md","fm"
"K1959",".ai/architecture/rules.md","fm"
"K196",".ai/architecture/rules.md","fm"
"K1960",".ai/architecture/rules.md","fm"
"K1961",".ai/architecture/rules.md","fm"
"K1962",".ai/architecture/rules.md","fm"
"K1963",".ai/architecture/rules.md","fm"
"K1964",".ai/architecture/rules.md","fm"
"K1965",".ai/architecture/rules.md","fm"
"K1966",".ai/architecture/rules.md","fm"
"K1967",".ai/architecture/rules.md","fm"
"K1968",".ai/architecture/rules.md","fm"
"K1969",".ai/architecture/rules.md","fm"
"K197",".ai/architecture/rules.md","fm"
"K1970",".ai/architecture/rules.md","fm"
"K1971",".ai/architecture/rules.md","fm"
"K1972",".ai/architecture/rules.md","fm"
"K1973",".ai/architecture/rules.md","fm"
"K1974",".ai/architecture/rules.md","fm"
"K1975",".ai/architecture/rules.md","fm"
"K1976",".ai/architecture/rules.md","fm"
"K1977",".ai/architecture/rules.md","fm"
"K1978",".ai/architecture/rules.md","fm"
"K1979",".ai/architecture/rules.md","fm"
"K198",".ai/architecture/rules.md","fm"
"K1980",".ai/architecture/rules.md","fm"
"K1981",".ai/architecture/rules.md","fm"
"K1982",".ai/architecture/rules.md","fm"
"K1983",".ai/architecture/rules.md","fm"
"K1984",".ai/architecture/rules.md","fm"
"K1985",".ai/architecture/rules.md","fm"
"K1986",".ai/architecture/rules.md","fm"
"K1987",".ai/architecture/rules.md","fm"
"K1988",".ai/architecture/rules.md","fm"
"K1989",".ai/architecture/rules.md","fm"
"K199",".ai/architecture/rules.md","fm"
"K1990",".ai/architecture/rules.md","fm"
"K1991",".ai/architecture/rules.md","fm"
"K1992",".ai/architecture/rules.md","fm"
"K1993",".ai/architecture/rules.md","fm"
"K1994",".ai/architecture/rules.md","fm"
"K1995",".ai/architecture/rules.md","fm"
"K1996",".ai/architecture/rules.md","fm"
"K1997",".ai/architecture/rules.md","fm"
"K1998",".ai/architecture/rules.md","fm"
"K1999",".ai/architecture/rules.md","fm"
"K200",".ai/architecture/rules.md","fm"
"K2000",".ai/architecture/rules.md","fm"
"K2001",".ai/architecture/rules.md","fm"
"K2002",".ai/architecture/rules.md","fm"
"K2003",".ai/architecture/rules.md","fm"
"K2004",".ai/architecture/rules.md","fm"
"K2005",".ai/architecture/rules.md","fm"
"K2006",".ai/architecture/rules.md","fm"
"K2007",".ai/architecture/rules.md","fm"
"K2008",".ai/architecture/rules.md","fm"
"K2009",".ai/architecture/rules.md","fm"
"K201",".ai/architecture/rules.md","fm"
"K2010",".ai/architecture/rules.md","fm"
"K2011",".ai/architecture/rules.md","fm"
"K2012",".ai/architecture/rules.md","fm"
"K2013",".ai/architecture/rules.md","fm"
"K2014",".ai/architecture/rules.md","fm"
"K2015",".ai/architecture/rules.md","fm"
"K2016",".ai/architecture/rules.md","fm"
"K2017",".ai/architecture/rules.md","fm"
"K2018",".ai/architecture/rules.md","fm"
"K2019",".ai/architecture/rules.md","fm"
"K202",".ai/architecture/rules.md","fm"
"K2020",".ai/architecture/rules.md","fm"
"K2021",".ai/architecture/rules.md","fm"
"K2022",".ai/architecture/rules.md","fm"
"K2023",".ai/architecture/rules.md","fm"
"K2024",".ai/architecture/rules.md","fm"
"K2025",".ai/architecture/rules.md","fm"
"K2026",".ai/architecture/rules.md","fm"
"K2027",".ai/architecture/rules.md","fm"
"K2028",".ai/architecture/rules.md","fm"
"K2029",".ai/architecture/rules.md","fm"
"K203",".ai/architecture/rules.md","fm"
"K2030",".ai/architecture/rules.md","fm"
"K2031",".ai/architecture/rules.md","fm"
"K2032",".ai/architecture/rules.md","fm"
"K2033",".ai/architecture/rules.md","fm"
"K2034",".ai/architecture/rules.md","fm"
"K2035",".ai/architecture/rules.md","fm"
"K2036",".ai/architecture/rules.md","fm"
"K2037",".ai/architecture/rules.md","fm"
"K2038",".ai/architecture/rules.md","fm"
"K2039",".ai/architecture/rules.md","fm"
"K204",".ai/architecture/rules.md","fm"
"K2040",".ai/architecture/rules.md","fm"
"K2041",".ai/architecture/rules.md","fm"
"K2042",".ai/architecture/rules.md","fm"
"K2043",".ai/architecture/rules.md","fm"
"K2044",".ai/architecture/rules.md","fm"
"K2045",".ai/architecture/rules.md","fm"
"K2046",".ai/architecture/rules.md","fm"
"K2047",".ai/architecture/rules.md","fm"
"K2048",".ai/architecture/rules.md","fm"
"K2049",".ai/architecture/rules.md","fm"
"K205",".ai/architecture/rules.md","fm"
"K2050",".ai/architecture/rules.md","fm"
"K2051",".ai/architecture/rules.md","fm"
"K2052",".ai/architecture/rules.md","fm"
"K2053",".ai/architecture/rules.md","fm"
"K2054",".ai/architecture/rules.md","fm"
"K2055",".ai/architecture/rules.md","fm"
"K2056",".ai/architecture/rules.md","fm"
"K2057",".ai/architecture/rules.md","fm"
"K2058",".ai/architecture/rules.md","fm"
"K2059",".ai/architecture/rules.md","fm"
"K206",".ai/architecture/rules.md","fm"
"K2060",".ai/architecture/rules.md","fm"
"K2061",".ai/architecture/rules.md","fm"
"K2062",".ai/architecture/rules.md","fm"
"K2063",".ai/architecture/rules.md","fm"
"K2064",".ai/architecture/rules.md","fm"
"K2065",".ai/architecture/rules.md","fm"
"K2066",".ai/architecture/rules.md","fm"
"K2067",".ai/architecture/rules.md","fm"
"K2068",".ai/architecture/rules.md","fm"
"K2069",".ai/architecture/rules.md","fm"
"K207",".ai/architecture/rules.md","fm"
"K2070",".ai/architecture/rules.md","fm"
"K2071",".ai/architecture/rules.md","fm"
"K2072",".ai/architecture/rules.md","fm"
"K2073",".ai/architecture/rules.md","fm"
"K2074",".ai/architecture/rules.md","fm"
"K2075",".ai/architecture/rules.md","fm"
"K2076",".ai/architecture/rules.md","fm"
"K2077",".ai/architecture/rules.md","fm"
"K2078",".ai/architecture/rules.md","fm"
"K2079",".ai/architecture/rules.md","fm"
"K208",".ai/architecture/rules.md","fm"
"K2080",".ai/architecture/rules.md","fm"
"K2081",".ai/architecture/rules.md","fm"
"K2082",".ai/architecture/rules.md","fm"
"K2083",".ai/architecture/rules.md","fm"
"K2084",".ai/architecture/rules.md","fm"
"K2085",".ai/architecture/rules.md","fm"
"K2086",".ai/architecture/rules.md","fm"
"K2087",".ai/architecture/rules.md","fm"
"K2088",".ai/architecture/rules.md","fm"
"K2089",".ai/architecture/rules.md","fm"
"K209",".ai/architecture/rules.md","fm"
"K2090",".ai/architecture/rules.md","fm"
"K2091",".ai/architecture/rules.md","fm"
"K2092",".ai/architecture/rules.md","fm"
"K2093",".ai/architecture/rules.md","fm"
"K2094",".ai/architecture/rules.md","fm"
"K2095",".ai/architecture/rules.md","fm"
"K2096",".ai/architecture/rules.md","fm"
"K2097",".ai/architecture/rules.md","fm"
"K2098",".ai/architecture/rules.md","fm"
"K2099",".ai/architecture/rules.md","fm"
"K210",".ai/architecture/rules.md","fm"
"K2100",".ai/architecture/rules.md","fm"
"K2101",".ai/architecture/rules.md","fm"
"K2102",".ai/architecture/rules.md","fm"
"K2103",".ai/architecture/rules.md","fm"
"K2104",".ai/architecture/rules.md","fm"
"K2105",".ai/architecture/rules.md","fm"
"K2106",".ai/architecture/rules.md","fm"
"K2107",".ai/architecture/rules.md","fm"
"K2108",".ai/architecture/rules.md","fm"
"K2109",".ai/architecture/rules.md","fm"
"K211",".ai/architecture/rules.md","fm"
"K2110",".ai/architecture/rules.md","fm"
"K2111",".ai/architecture/rules.md","fm"
"K2112",".ai/architecture/rules.md","fm"
"K2113",".ai/architecture/rules.md","fm"
"K2114",".ai/architecture/rules.md","fm"
"K2115",".ai/architecture/rules.md","fm"
"K2116",".ai/architecture/rules.md","fm"
"K2117",".ai/architecture/rules.md","fm"
"K2118",".ai/architecture/rules.md","fm"
"K2119",".ai/architecture/rules.md","fm"
"K212",".ai/architecture/rules.md","fm"
"K2120",".ai/architecture/rules.md","fm"
"K2121",".ai/architecture/rules.md","fm"
"K2122",".ai/architecture/rules.md","fm"
"K2123",".ai/architecture/rules.md","fm"
"K2124",".ai/architecture/rules.md","fm"
"K2125",".ai/architecture/rules.md","fm"
"K2126",".ai/architecture/rules.md","fm"
"K2127",".ai/architecture/rules.md","fm"
"K2128",".ai/architecture/rules.md","fm"
"K2129",".ai/architecture/rules.md","fm"
"K213",".ai/architecture/rules.md","fm"
"K2130",".ai/architecture/rules.md","fm"
"K2131",".ai/architecture/rules.md","fm"
"K2132",".ai/architecture/rules.md","fm"
"K2133",".ai/architecture/rules.md","fm"
"K2134",".ai/architecture/rules.md","fm"
"K2135",".ai/architecture/rules.md","fm"
"K2136",".ai/architecture/rules.md","fm"
"K2137",".ai/architecture/rules.md","fm"
"K2138",".ai/architecture/rules.md","fm"
"K2139",".ai/architecture/rules.md","fm"
"K214",".ai/architecture/rules.md","fm"
"K2140",".ai/architecture/rules.md","fm"
"K2141",".ai/architecture/rules.md","fm"
"K2142",".ai/architecture/rules.md","fm"
"K2143",".ai/architecture/rules.md","fm"
"K2144",".ai/architecture/rules.md","fm"
"K2145",".ai/architecture/rules.md","fm"
"K2146",".ai/architecture/rules.md","fm"
"K2147",".ai/architecture/rules.md","fm"
"K2148",".ai/architecture/rules.md","fm"
"K2149",".ai/architecture/rules.md","fm"
"K215",".ai/architecture/rules.md","fm"
"K2150",".ai/architecture/rules.md","fm"
"K2151",".ai/architecture/rules.md","fm"
"K2152",".ai/architecture/rules.md","fm"
"K2153",".ai/architecture/rules.md","fm"
"K2154",".ai/architecture/rules.md","fm"
"K2155",".ai/architecture/rules.md","fm"
"K2156",".ai/architecture/rules.md","fm"
"K2157",".ai/architecture/rules.md","fm"
"K2158",".ai/architecture/rules.md","fm"
"K2159",".ai/architecture/rules.md","fm"
"K216",".ai/architecture/rules.md","fm"
"K2160",".ai/architecture/rules.md","fm"
"K2161",".ai/architecture/rules.md","fm"
"K2162",".ai/architecture/rules.md","fm"
"K2163",".ai/architecture/rules.md","fm"
"K2164",".ai/architecture/rules.md","fm"
"K2165",".ai/architecture/rules.md","fm"
"K2166",".ai/architecture/rules.md","fm"
"K2167",".ai/architecture/rules.md","fm"
"K2168",".ai/architecture/rules.md","fm"
"K2169",".ai/architecture/rules.md","fm"
"K217",".ai/architecture/rules.md","fm"
"K2170",".ai/architecture/rules.md","fm"
"K2171",".ai/architecture/rules.md","fm"
"K2172",".ai/architecture/rules.md","fm"
"K2173",".ai/architecture/rules.md","fm"
"K2174",".ai/architecture/rules.md","fm"
"K2175",".ai/architecture/rules.md","fm"
"K2176",".ai/architecture/rules.md","fm"
"K2177",".ai/architecture/rules.md","fm"
"K2178",".ai/architecture/rules.md","fm"
"K2179",".ai/architecture/rules.md","fm"
"K218",".ai/architecture/rules.md","fm"
"K2180",".ai/architecture/rules.md","fm"
"K2181",".ai/architecture/rules.md","fm"
"K2182",".ai/architecture/rules.md","fm"
"K2183",".ai/architecture/rules.md","fm"
"K2184",".ai/architecture/rules.md","fm"
"K2185",".ai/architecture/rules.md","fm"
"K2186",".ai/architecture/rules.md","fm"
"K2187",".ai/architecture/rules.md","fm"
"K2188",".ai/architecture/rules.md","fm"
"K2189",".ai/architecture/rules.md","fm"
"K219",".ai/architecture/rules.md","fm"
"K2190",".ai/architecture/rules.md","fm"
"K2191",".ai/architecture/rules.md","fm"
"K2192",".ai/architecture/rules.md","fm"
"K2193",".ai/architecture/rules.md","fm"
"K2194",".ai/architecture/rules.md","fm"
"K2195",".ai/architecture/rules.md","fm"
"K2196",".ai/architecture/rules.md","fm"
"K2197",".ai/architecture/rules.md","fm"
"K2198",".ai/architecture/rules.md","fm"
"K2199",".ai/architecture/rules.md","fm"
"K220",".ai/architecture/rules.md","fm"
"K2200",".ai/architecture/rules.md","fm"
"K2201",".ai/architecture/rules.md","fm"
"K2202",".ai/architecture/rules.md","fm"
"K2203",".ai/architecture/rules.md","fm"
"K2204",".ai/architecture/rules.md","fm"
"K2205",".ai/architecture/rules.md","fm"
"K2206",".ai/architecture/rules.md","fm"
"K2207",".ai/architecture/rules.md","fm"
"K2208",".ai/architecture/rules.md","fm"
"K2209",".ai/architecture/rules.md","fm"
"K221",".ai/architecture/rules.md","fm"
"K2210",".ai/architecture/rules.md","fm"
"K2211",".ai/architecture/rules.md","fm"
"K2212",".ai/architecture/rules.md","fm"
"K2213",".ai/architecture/rules.md","fm"
"K2214",".ai/architecture/rules.md","fm"
"K2215",".ai/architecture/rules.md","fm"
"K2216",".ai/architecture/rules.md","fm"
"K2217",".ai/architecture/rules.md","fm"
"K2218",".ai/architecture/rules.md","fm"
"K2219",".ai/architecture/rules.md","fm"
"K222",".ai/architecture/rules.md","fm"
"K2220",".ai/architecture/rules.md","fm"
"K2221",".ai/architecture/rules.md","fm"
"K2222",".ai/architecture/rules.md","fm"
"K2223",".ai/architecture/rules.md","fm"
"K2224",".ai/architecture/rules.md","fm"
"K2225",".ai/architecture/rules.md","fm"
"K2226",".ai/architecture/rules.md","fm"
"K2227",".ai/architecture/rules.md","fm"
"K2228",".ai/architecture/rules.md","fm"
"K2229",".ai/architecture/rules.md","fm"
"K223",".ai/architecture/rules.md","fm"
"K2230",".ai/architecture/rules.md","fm"
"K2231",".ai/architecture/rules.md","fm"
"K2232",".ai/architecture/rules.md","fm"
"K2233",".ai/architecture/rules.md","fm"
"K2234",".ai/architecture/rules.md","fm"
"K2235",".ai/architecture/rules.md","fm"
"K2236",".ai/architecture/rules.md","fm"
"K2237",".ai/architecture/rules.md","fm"
"K2238",".ai/architecture/rules.md","fm"
"K2239",".ai/architecture/rules.md","fm"
"K224",".ai/architecture/rules.md","fm"
"K2240",".ai/architecture/rules.md","fm"
"K2241",".ai/architecture/rules.md","fm"
"K2242",".ai/architecture/rules.md","fm"
"K2243",".ai/architecture/rules.md","fm"
"K2244",".ai/architecture/rules.md","fm"
"K2245",".ai/architecture/rules.md","fm"
"K2246",".ai/architecture/rules.md","fm"
"K2247",".ai/architecture/rules.md","fm"
"K2248",".ai/architecture/rules.md","fm"
"K2249",".ai/architecture/rules.md","fm"
"K225",".ai/architecture/rules.md","fm"
"K2250",".ai/architecture/rules.md","fm"
"K2251",".ai/architecture/rules.md","fm"
"K2252",".ai/architecture/rules.md","fm"
"K2253",".ai/architecture/rules.md","fm"
"K2254",".ai/architecture/rules.md","fm"
"K2255",".ai/architecture/rules.md","fm"
"K2256",".ai/architecture/rules.md","fm"
"K2257",".ai/architecture/rules.md","fm"
"K2258",".ai/architecture/rules.md","fm"
"K2259",".ai/architecture/rules.md","fm"
"K226",".ai/architecture/rules.md","fm"
"K2260",".ai/architecture/rules.md","fm"
"K2261",".ai/architecture/rules.md","fm"
"K2262",".ai/architecture/rules.md","fm"
"K2263",".ai/architecture/rules.md","fm"
"K2264",".ai/architecture/rules.md","fm"
"K2265",".ai/architecture/rules.md","fm"
"K2266",".ai/architecture/rules.md","fm"
"K2267",".ai/architecture/rules.md","fm"
"K2268",".ai/architecture/rules.md","fm"
"K2269",".ai/architecture/rules.md","fm"
"K227",".ai/architecture/rules.md","fm"
"K2270",".ai/architecture/rules.md","fm"
"K2271",".ai/architecture/rules.md","fm"
"K2272",".ai/architecture/rules.md","fm"
"K2273",".ai/architecture/rules.md","fm"
"K2274",".ai/architecture/rules.md","fm"
"K2275",".ai/architecture/rules.md","fm"
"K2276",".ai/architecture/rules.md","fm"
"K2277",".ai/architecture/rules.md","fm"
"K2278",".ai/architecture/rules.md","fm"
"K2279",".ai/architecture/rules.md","fm"
"K228",".ai/architecture/rules.md","fm"
"K2280",".ai/architecture/rules.md","fm"
"K2281",".ai/architecture/rules.md","fm"
"K2282",".ai/architecture/rules.md","fm"
"K2283",".ai/architecture/rules.md","fm"
"K2284",".ai/architecture/rules.md","fm"
"K2285",".ai/architecture/rules.md","fm"
"K2286",".ai/architecture/rules.md","fm"
"K2287",".ai/architecture/rules.md","fm"
"K2288",".ai/architecture/rules.md","fm"
"K2289",".ai/architecture/rules.md","fm"
"K229",".ai/architecture/rules.md","fm"
"K2290",".ai/architecture/rules.md","fm"
"K2291",".ai/architecture/rules.md","fm"
"K2292",".ai/architecture/rules.md","fm"
"K2293",".ai/architecture/rules.md","fm"
"K2294",".ai/architecture/rules.md","fm"
"K2295",".ai/architecture/rules.md","fm"
"K2296",".ai/architecture/rules.md","fm"
"K2297",".ai/architecture/rules.md","fm"
"K2298",".ai/architecture/rules.md","fm"
"K2299",".ai/architecture/rules.md","fm"
"K230",".ai/architecture/rules.md","fm"
"K2300",".ai/architecture/rules.md","fm"
"K2301",".ai/architecture/rules.md","fm"
"K2302",".ai/architecture/rules.md","fm"
"K2303",".ai/architecture/rules.md","fm"
"K2304",".ai/architecture/rules.md","fm"
"K2305",".ai/architecture/rules.md","fm"
"K2306",".ai/architecture/rules.md","fm"
"K2307",".ai/architecture/rules.md","fm"
"K2308",".ai/architecture/rules.md","fm"
"K2309",".ai/architecture/rules.md","fm"
"K231",".ai/architecture/rules.md","fm"
"K2310",".ai/architecture/rules.md","fm"
"K2311",".ai/architecture/rules.md","fm"
"K2312",".ai/architecture/rules.md","fm"
"K2313",".ai/architecture/rules.md","fm"
"K2314",".ai/architecture/rules.md","fm"
"K2315",".ai/architecture/rules.md","fm"
"K2316",".ai/architecture/rules.md","fm"
"K2317",".ai/architecture/rules.md","fm"
"K2318",".ai/architecture/rules.md","fm"
"K2319",".ai/architecture/rules.md","fm"
"K232",".ai/architecture/rules.md","fm"
"K2320",".ai/architecture/rules.md","fm"
"K2321",".ai/architecture/rules.md","fm"
"K2322",".ai/architecture/rules.md","fm"
"K2323",".ai/architecture/rules.md","fm"
"K2324",".ai/architecture/rules.md","fm"
"K2325",".ai/architecture/rules.md","fm"
"K2326",".ai/architecture/rules.md","fm"
"K2327",".ai/architecture/rules.md","fm"
"K2328",".ai/architecture/rules.md","fm"
"K2329",".ai/architecture/rules.md","fm"
"K233",".ai/architecture/rules.md","fm"
"K2330",".ai/architecture/rules.md","fm"
"K2331",".ai/architecture/rules.md","fm"
"K2332",".ai/architecture/rules.md","fm"
"K2333",".ai/architecture/rules.md","fm"
"K2334",".ai/architecture/rules.md","fm"
"K2335",".ai/architecture/rules.md","fm"
"K2336",".ai/architecture/rules.md","fm"
"K2337",".ai/architecture/rules.md","fm"
"K2338",".ai/architecture/rules.md","fm"
"K2339",".ai/architecture/rules.md","fm"
"K234",".ai/architecture/rules.md","fm"
"K2340",".ai/architecture/rules.md","fm"
"K2341",".ai/architecture/rules.md","fm"
"K2342",".ai/architecture/rules.md","fm"
"K2343",".ai/architecture/rules.md","fm"
"K2344",".ai/architecture/rules.md","fm"
"K2345",".ai/architecture/rules.md","fm"
"K2346",".ai/architecture/rules.md","fm"
"K2347",".ai/architecture/rules.md","fm"
"K2348",".ai/architecture/rules.md","fm"
"K2349",".ai/architecture/rules.md","fm"
"K235",".ai/architecture/rules.md","fm"
"K2350",".ai/architecture/rules.md","fm"
"K2351",".ai/architecture/rules.md","fm"
"K2352",".ai/architecture/rules.md","fm"
"K2353",".ai/architecture/rules.md","fm"
"K2354",".ai/architecture/rules.md","fm"
"K2355",".ai/architecture/rules.md","fm"
"K2356",".ai/architecture/rules.md","fm"
"K2357",".ai/architecture/rules.md","fm"
"K2358",".ai/architecture/rules.md","fm"
"K2359",".ai/architecture/rules.md","fm"
"K236",".ai/architecture/rules.md","fm"
"K2360",".ai/architecture/rules.md","fm"
"K2361",".ai/architecture/rules.md","fm"
"K2362",".ai/architecture/rules.md","fm"
"K2363",".ai/architecture/rules.md","fm"
"K2364",".ai/architecture/rules.md","fm"
"K2365",".ai/architecture/rules.md","fm"
"K2366",".ai/architecture/rules.md","fm"
"K2367",".ai/architecture/rules.md","fm"
"K2368",".ai/architecture/rules.md","fm"
"K2369",".ai/architecture/rules.md","fm"
"K237",".ai/architecture/rules.md","fm"
"K2370",".ai/architecture/rules.md","fm"
"K2371",".ai/architecture/rules.md","fm"
"K2372",".ai/architecture/rules.md","fm"
"K2373",".ai/architecture/rules.md","fm"
"K2374",".ai/architecture/rules.md","fm"
"K2375",".ai/architecture/rules.md","fm"
"K2376",".ai/architecture/rules.md","fm"
"K2377",".ai/architecture/rules.md","fm"
"K2378",".ai/architecture/rules.md","fm"
"K2379",".ai/architecture/rules.md","fm"
"K238",".ai/architecture/rules.md","fm"
"K2380",".ai/architecture/rules.md","fm"
"K2381",".ai/architecture/rules.md","fm"
"K2382",".ai/architecture/rules.md","fm"
"K2383",".ai/architecture/rules.md","fm"
"K2384",".ai/architecture/rules.md","fm"
"K2385",".ai/architecture/rules.md","fm"
"K2386",".ai/architecture/rules.md","fm"
"K2387",".ai/architecture/rules.md","fm"
"K2388",".ai/architecture/rules.md","fm"
"K2389",".ai/architecture/rules.md","fm"
"K239",".ai/architecture/rules.md","fm"
"K2390",".ai/architecture/rules.md","fm"
"K2391",".ai/architecture/rules.md","fm"
"K2392",".ai/architecture/rules.md","fm"
"K2393",".ai/architecture/rules.md","fm"
"K2394",".ai/architecture/rules.md","fm"
"K2395",".ai/architecture/rules.md","fm"
"K2396",".ai/architecture/rules.md","fm"
"K2397",".ai/architecture/rules.md","fm"
"K2398",".ai/architecture/rules.md","fm"
"K2399",".ai/architecture/rules.md","fm"
"K240",".ai/architecture/rules.md","fm"
"K2400",".ai/architecture/rules.md","fm"
"K2401",".ai/architecture/rules.md","fm"
"K2402",".ai/architecture/rules.md","fm"
"K2403",".ai/architecture/rules.md","fm"
"K2404",".ai/architecture/rules.md","fm"
"K2405",".ai/architecture/rules.md","fm"
"K2406",".ai/architecture/rules.md","fm"
"K2407",".ai/architecture/rules.md","fm"
"K2408",".ai/architecture/rules.md","fm"
"K2409",".ai/architecture/rules.md","fm"
"K241",".ai/architecture/rules.md","fm"
"K2410",".ai/architecture/rules.md","fm"
"K2411",".ai/architecture/rules.md","fm"
"K2412",".ai/architecture/rules.md","fm"
"K2413",".ai/architecture/rules.md","fm"
"K2414",".ai/architecture/rules.md","fm"
"K2415",".ai/architecture/rules.md","fm"
"K2416",".ai/architecture/rules.md","fm"
"K2417",".ai/architecture/rules.md","fm"
"K2418",".ai/architecture/rules.md","fm"
"K2419",".ai/architecture/rules.md","fm"
"K242",".ai/architecture/rules.md","fm"
"K2420",".ai/architecture/rules.md","fm"
"K2421",".ai/architecture/rules.md","fm"
"K2422",".ai/architecture/rules.md","fm"
"K2423",".ai/architecture/rules.md","fm"
"K2424",".ai/architecture/rules.md","fm"
"K2425",".ai/architecture/rules.md","fm"
"K2426",".ai/architecture/rules.md","fm"
"K2427",".ai/architecture/rules.md","fm"
"K2428",".ai/architecture/rules.md","fm"
"K2429",".ai/architecture/rules.md","fm"
"K243",".ai/architecture/rules.md","fm"
"K2430",".ai/architecture/rules.md","fm"
"K2431",".ai/architecture/rules.md","fm"
"K2432",".ai/architecture/rules.md","fm"
"K2433",".ai/architecture/rules.md","fm"
"K2434",".ai/architecture/rules.md","fm"
"K2435",".ai/architecture/rules.md","fm"
"K2436",".ai/architecture/rules.md","fm"
"K2437",".ai/architecture/rules.md","fm"
"K2438",".ai/architecture/rules.md","fm"
"K2439",".ai/architecture/rules.md","fm"
"K244",".ai/architecture/rules.md","fm"
"K2440",".ai/architecture/rules.md","fm"
"K2441",".ai/architecture/rules.md","fm"
"K2442",".ai/architecture/rules.md","fm"
"K2443",".ai/architecture/rules.md","fm"
"K2444",".ai/architecture/rules.md","fm"
"K2445",".ai/architecture/rules.md","fm"
"K2446",".ai/architecture/rules.md","fm"
"K2447",".ai/architecture/rules.md","fm"
"K2448",".ai/architecture/rules.md","fm"
"K2449",".ai/architecture/rules.md","fm"
"K245",".ai/architecture/rules.md","fm"
"K2450",".ai/architecture/rules.md","fm"
"K2451",".ai/architecture/rules.md","fm"
"K2452",".ai/architecture/rules.md","fm"
"K2453",".ai/architecture/rules.md","fm"
"K2454",".ai/architecture/rules.md","fm"
"K2455",".ai/architecture/rules.md","fm"
"K2456",".ai/architecture/rules.md","fm"
"K2457",".ai/architecture/rules.md","fm"
"K2458",".ai/architecture/rules.md","fm"
"K2459",".ai/architecture/rules.md","fm"
"K246",".ai/architecture/rules.md","fm"
"K2460",".ai/architecture/rules.md","fm"
"K2461",".ai/architecture/rules.md","fm"
"K2462",".ai/architecture/rules.md","fm"
"K2463",".ai/architecture/rules.md","fm"
"K2464",".ai/architecture/rules.md","fm"
"K2465",".ai/architecture/rules.md","fm"
"K2466",".ai/architecture/rules.md","fm"
"K2467",".ai/architecture/rules.md","fm"
"K2468",".ai/architecture/rules.md","fm"
"K2469",".ai/architecture/rules.md","fm"
"K247",".ai/architecture/rules.md","fm"
"K2470",".ai/architecture/rules.md","fm"
"K2471",".ai/architecture/rules.md","fm"
"K2472",".ai/architecture/rules.md","fm"
"K2473",".ai/architecture/rules.md","fm"
"K2474",".ai/architecture/rules.md","fm"
"K2475",".ai/architecture/rules.md","fm"
"K2476",".ai/architecture/rules.md","fm"
"K2477",".ai/architecture/rules.md","fm"
"K2478",".ai/architecture/rules.md","fm"
"K2479",".ai/architecture/rules.md","fm"
"K248",".ai/architecture/rules.md","fm"
"K2480",".ai/architecture/rules.md","fm"
"K2481",".ai/architecture/rules.md","fm"
"K2482",".ai/architecture/rules.md","fm"
"K2483",".ai/architecture/rules.md","fm"
"K2484",".ai/architecture/rules.md","fm"
"K2485",".ai/architecture/rules.md","fm"
"K2486",".ai/architecture/rules.md","fm"
"K2487",".ai/architecture/rules.md","fm"
"K2488",".ai/architecture/rules.md","fm"
"K2489",".ai/architecture/rules.md","fm"
"K249",".ai/architecture/rules.md","fm"
"K2490",".ai/architecture/rules.md","fm"
"K2491",".ai/architecture/rules.md","fm"
"K2492",".ai/architecture/rules.md","fm"
"K2493",".ai/architecture/rules.md","fm"
"K2494",".ai/architecture/rules.md","fm"
"K2495",".ai/architecture/rules.md","fm"
"K2496",".ai/architecture/rules.md","fm"
"K2497",".ai/architecture/rules.md","fm"
"K2498",".ai/architecture/rules.md","fm"
"K2499",".ai/architecture/rules.md","fm"
"K250",".ai/architecture/rules.md","fm"
"K2500",".ai/architecture/rules.md","fm"
"K2501",".ai/architecture/rules.md","fm"
"K2502",".ai/architecture/rules.md","fm"
"K2503",".ai/architecture/rules.md","fm"
"K2504",".ai/architecture/rules.md","fm"
"K2505",".ai/architecture/rules.md","fm"
"K2506",".ai/architecture/rules.md","fm"
"K2507",".ai/architecture/rules.md","fm"
"K2508",".ai/architecture/rules.md","fm"
"K2509",".ai/architecture/rules.md","fm"
"K251",".ai/architecture/rules.md","fm"
"K2510",".ai/architecture/rules.md","fm"
"K2511",".ai/architecture/rules.md","fm"
"K2512",".ai/architecture/rules.md","fm"
"K2513",".ai/architecture/rules.md","fm"
"K2514",".ai/architecture/rules.md","fm"
"K2515",".ai/architecture/rules.md","fm"
"K2516",".ai/architecture/rules.md","fm"
"K2517",".ai/architecture/rules.md","fm"
"K2518",".ai/architecture/rules.md","fm"
"K2519",".ai/architecture/rules.md","fm"
"K252",".ai/architecture/rules.md","fm"
"K2520",".ai/architecture/rules.md","fm"
"K2521",".ai/architecture/rules.md","fm"
"K2522",".ai/architecture/rules.md","fm"
"K2523",".ai/architecture/rules.md","fm"
"K2524",".ai/architecture/rules.md","fm"
"K2525",".ai/architecture/rules.md","fm"
"K2526",".ai/architecture/rules.md","fm"
"K2527",".ai/architecture/rules.md","fm"
"K2528",".ai/architecture/rules.md","fm"
"K2529",".ai/architecture/rules.md","fm"
"K253",".ai/architecture/rules.md","fm"
"K2530",".ai/architecture/rules.md","fm"
"K2531",".ai/architecture/rules.md","fm"
"K2532",".ai/architecture/rules.md","fm"
"K2533",".ai/architecture/rules.md","fm"
"K2534",".ai/architecture/rules.md","fm"
"K2535",".ai/architecture/rules.md","fm"
"K2536",".ai/architecture/rules.md","fm"
"K2537",".ai/architecture/rules.md","fm"
"K2538",".ai/architecture/rules.md","fm"
"K2539",".ai/architecture/rules.md","fm"
"K254",".ai/architecture/rules.md","fm"
"K2540",".ai/architecture/rules.md","fm"
"K2541",".ai/architecture/rules.md","fm"
"K2542",".ai/architecture/rules.md","fm"
"K2543",".ai/architecture/rules.md","fm"
"K2544",".ai/architecture/rules.md","fm"
"K2545",".ai/architecture/rules.md","fm"
"K2546",".ai/architecture/rules.md","fm"
"K2547",".ai/architecture/rules.md","fm"
"K2548",".ai/architecture/rules.md","fm"
"K2549",".ai/architecture/rules.md","fm"
"K255",".ai/architecture/rules.md","fm"
"K2550",".ai/architecture/rules.md","fm"
"K2551",".ai/architecture/rules.md","fm"
"K2552",".ai/architecture/rules.md","fm"
"K2553",".ai/architecture/rules.md","fm"
"K2554",".ai/architecture/rules.md","fm"
"K2555",".ai/architecture/rules.md","fm"
"K2556",".ai/architecture/rules.md","fm"
"K2557",".ai/architecture/rules.md","fm"
"K2558",".ai/architecture/rules.md","fm"
"K2559",".ai/architecture/rules.md","fm"
"K256",".ai/architecture/rules.md","fm"
"K2560",".ai/architecture/rules.md","fm"
"K2561",".ai/architecture/rules.md","fm"
"K2562",".ai/architecture/rules.md","fm"
"K2563",".ai/architecture/rules.md","fm"
"K2564",".ai/architecture/rules.md","fm"
"K2565",".ai/architecture/rules.md","fm"
"K2566",".ai/architecture/rules.md","fm"
"K2567",".ai/architecture/rules.md","fm"
"K2568",".ai/architecture/rules.md","fm"
"K2569",".ai/architecture/rules.md","fm"
"K257",".ai/architecture/rules.md","fm"
"K2570",".ai/architecture/rules.md","fm"
"K2571",".ai/architecture/rules.md","fm"
"K2572",".ai/architecture/rules.md","fm"
"K2573",".ai/architecture/rules.md","fm"
"K2574",".ai/architecture/rules.md","fm"
"K2575",".ai/architecture/rules.md","fm"
"K2576",".ai/architecture/rules.md","fm"
"K2577",".ai/architecture/rules.md","fm"
"K2578",".ai/architecture/rules.md","fm"
"K2579",".ai/architecture/rules.md","fm"
"K258",".ai/architecture/rules.md","fm"
"K2580",".ai/architecture/rules.md","fm"
"K2581",".ai/architecture/rules.md","fm"
"K2582",".ai/architecture/rules.md","fm"
"K2583",".ai/architecture/rules.md","fm"
"K2584",".ai/architecture/rules.md","fm"
"K2585",".ai/architecture/rules.md","fm"
"K2586",".ai/architecture/rules.md","fm"
"K2587",".ai/architecture/rules.md","fm"
"K2588",".ai/architecture/rules.md","fm"
"K2589",".ai/architecture/rules.md","fm"
"K259",".ai/architecture/rules.md","fm"
"K2590",".ai/architecture/rules.md","fm"
"K2591",".ai/architecture/rules.md","fm"
"K2592",".ai/architecture/rules.md","fm"
"K2593",".ai/architecture/rules.md","fm"
"K2594",".ai/architecture/rules.md","fm"
"K2595",".ai/architecture/rules.md","fm"
"K2596",".ai/architecture/rules.md","fm"
"K2597",".ai/architecture/rules.md","fm"
"K2598",".ai/architecture/rules.md","fm"
"K2599",".ai/architecture/rules.md","fm"
"K260",".ai/architecture/rules.md","fm"
"K2600",".ai/architecture/rules.md","fm"
"K2601",".ai/architecture/rules.md","fm"
"K2602",".ai/architecture/rules.md","fm"
"K2603",".ai/architecture/rules.md","fm"
"K2604",".ai/architecture/rules.md","fm"
"K2605",".ai/architecture/rules.md","fm"
"K2606",".ai/architecture/rules.md","fm"
"K2607",".ai/architecture/rules.md","fm"
"K2608",".ai/architecture/rules.md","fm"
"K2609",".ai/architecture/rules.md","fm"
"K261",".ai/architecture/rules.md","fm"
"K2610",".ai/architecture/rules.md","fm"
"K2611",".ai/architecture/rules.md","fm"
"K2612",".ai/architecture/rules.md","fm"
"K2613",".ai/architecture/rules.md","fm"
"K2614",".ai/architecture/rules.md","fm"
"K2615",".ai/architecture/rules.md","fm"
"K2616",".ai/architecture/rules.md","fm"
"K2617",".ai/architecture/rules.md","fm"
"K2618",".ai/architecture/rules.md","fm"
"K2619",".ai/architecture/rules.md","fm"
"K262",".ai/architecture/rules.md","fm"
"K2620",".ai/architecture/rules.md","fm"
"K2621",".ai/architecture/rules.md","fm"
"K2622",".ai/architecture/rules.md","fm"
"K2623",".ai/architecture/rules.md","fm"
"K2624",".ai/architecture/rules.md","fm"
"K2625",".ai/architecture/rules.md","fm"
"K2626",".ai/architecture/rules.md","fm"
"K2627",".ai/architecture/rules.md","fm"
"K2628",".ai/architecture/rules.md","fm"
"K2629",".ai/architecture/rules.md","fm"
"K263",".ai/architecture/rules.md","fm"
"K2630",".ai/architecture/rules.md","fm"
"K2631",".ai/architecture/rules.md","fm"
"K2632",".ai/architecture/rules.md","fm"
"K2633",".ai/architecture/rules.md","fm"
"K2634",".ai/architecture/rules.md","fm"
"K2635",".ai/architecture/rules.md","fm"
"K2636",".ai/architecture/rules.md","fm"
"K2637",".ai/architecture/rules.md","fm"
"K2638",".ai/architecture/rules.md","fm"
"K2639",".ai/architecture/rules.md","fm"
"K264",".ai/architecture/rules.md","fm"
"K2640",".ai/architecture/rules.md","fm"
"K2641",".ai/architecture/rules.md","fm"
"K2642",".ai/architecture/rules.md","fm"
"K2643",".ai/architecture/rules.md","fm"
"K2644",".ai/architecture/rules.md","fm"
"K2645",".ai/architecture/rules.md","fm"
"K2646",".ai/architecture/rules.md","fm"
"K2647",".ai/architecture/rules.md","fm"
"K2648",".ai/architecture/rules.md","fm"
"K2649",".ai/architecture/rules.md","fm"
"K265",".ai/architecture/rules.md","fm"
"K2650",".ai/architecture/rules.md","fm"
"K2651",".ai/architecture/rules.md","fm"
"K2652",".ai/architecture/rules.md","fm"
"K2653",".ai/architecture/rules.md","fm"
"K2654",".ai/architecture/rules.md","fm"
"K2655",".ai/architecture/rules.md","fm"
"K2656",".ai/architecture/rules.md","fm"
"K2657",".ai/architecture/rules.md","fm"
"K2658",".ai/architecture/rules.md","fm"
"K2659",".ai/architecture/rules.md","fm"
"K266",".ai/architecture/rules.md","fm"
"K2660",".ai/architecture/rules.md","fm"
"K2661",".ai/architecture/rules.md","fm"
"K2662",".ai/architecture/rules.md","fm"
"K2663",".ai/architecture/rules.md","fm"
"K2664",".ai/architecture/rules.md","fm"
"K2665",".ai/architecture/rules.md","fm"
"K2666",".ai/architecture/rules.md","fm"
"K2667",".ai/architecture/rules.md","fm"
"K2668",".ai/architecture/rules.md","fm"
"K2669",".ai/architecture/rules.md","fm"
"K267",".ai/architecture/rules.md","fm"
"K2670",".ai/architecture/rules.md","fm"
"K2671",".ai/architecture/rules.md","fm"
"K2672",".ai/architecture/rules.md","fm"
"K2673",".ai/architecture/rules.md","fm"
"K2674",".ai/architecture/rules.md","fm"
"K2675",".ai/architecture/rules.md","fm"
"K2676",".ai/architecture/rules.md","fm"
"K2677",".ai/architecture/rules.md","fm"
"K2678",".ai/architecture/rules.md","fm"
"K2679",".ai/architecture/rules.md","fm"
"K268",".ai/architecture/rules.md","fm"
"K2680",".ai/architecture/rules.md","fm"
"K2681",".ai/architecture/rules.md","fm"
"K2682",".ai/architecture/rules.md","fm"
"K2683",".ai/architecture/rules.md","fm"
"K2684",".ai/architecture/rules.md","fm"
"K2685",".ai/architecture/rules.md","fm"
"K2686",".ai/architecture/rules.md","fm"
"K2687",".ai/architecture/rules.md","fm"
"K2688",".ai/architecture/rules.md","fm"
"K2689",".ai/architecture/rules.md","fm"
"K269",".ai/architecture/rules.md","fm"
"K2690",".ai/architecture/rules.md","fm"
"K2691",".ai/architecture/rules.md","fm"
"K2692",".ai/architecture/rules.md","fm"
"K2693",".ai/architecture/rules.md","fm"
"K2694",".ai/architecture/rules.md","fm"
"K2695",".ai/architecture/rules.md","fm"
"K2696",".ai/architecture/rules.md","fm"
"K2697",".ai/architecture/rules.md","fm"
"K2698",".ai/architecture/rules.md","fm"
"K2699",".ai/architecture/rules.md","fm"
"K270",".ai/architecture/rules.md","fm"
"K2700",".ai/architecture/rules.md","fm"
"K2701",".ai/architecture/rules.md","fm"
"K2702",".ai/architecture/rules.md","fm"
"K2703",".ai/architecture/rules.md","fm"
"K2704",".ai/architecture/rules.md","fm"
"K2705",".ai/architecture/rules.md","fm"
"K2706",".ai/architecture/rules.md","fm"
"K2707",".ai/architecture/rules.md","fm"
"K2708",".ai/architecture/rules.md","fm"
"K2709",".ai/architecture/rules.md","fm"
"K271",".ai/architecture/rules.md","fm"
"K2710",".ai/architecture/rules.md","fm"
"K2711",".ai/architecture/rules.md","fm"
"K2712",".ai/architecture/rules.md","fm"
"K2713",".ai/architecture/rules.md","fm"
"K2714",".ai/architecture/rules.md","fm"
"K2715",".ai/architecture/rules.md","fm"
"K2716",".ai/architecture/rules.md","fm"
"K2717",".ai/architecture/rules.md","fm"
"K2718",".ai/architecture/rules.md","fm"
"K2719",".ai/architecture/rules.md","fm"
"K272",".ai/architecture/rules.md","fm"
"K2720",".ai/architecture/rules.md","fm"
"K2721",".ai/architecture/rules.md","fm"
"K2722",".ai/architecture/rules.md","fm"
"K2723",".ai/architecture/rules.md","fm"
"K2724",".ai/architecture/rules.md","fm"
"K2725",".ai/architecture/rules.md","fm"
"K2726",".ai/architecture/rules.md","fm"
"K2727",".ai/architecture/rules.md","fm"
"K2728",".ai/architecture/rules.md","fm"
"K2729",".ai/architecture/rules.md","fm"
"K273",".ai/architecture/rules.md","fm"
"K2730",".ai/architecture/rules.md","fm"
"K2731",".ai/architecture/rules.md","fm"
"K2732",".ai/architecture/rules.md","fm"
"K2733",".ai/architecture/rules.md","fm"
"K2734",".ai/architecture/rules.md","fm"
"K2735",".ai/architecture/rules.md","fm"
"K2736",".ai/architecture/rules.md","fm"
"K2737",".ai/architecture/rules.md","fm"
"K2738",".ai/architecture/rules.md","fm"
"K2739",".ai/architecture/rules.md","fm"
"K274",".ai/architecture/rules.md","fm"
"K2740",".ai/architecture/rules.md","fm"
"K2741",".ai/architecture/rules.md","fm"
"K2742",".ai/architecture/rules.md","fm"
"K2743",".ai/architecture/rules.md","fm"
"K2744",".ai/architecture/rules.md","fm"
"K2745",".ai/architecture/rules.md","fm"
"K2746",".ai/architecture/rules.md","fm"
"K2747",".ai/architecture/rules.md","fm"
"K2748",".ai/architecture/rules.md","fm"
"K2749",".ai/architecture/rules.md","fm"
"K275",".ai/architecture/rules.md","fm"
"K2750",".ai/architecture/rules.md","fm"
"K2751",".ai/architecture/rules.md","fm"
"K2752",".ai/architecture/rules.md","fm"
"K2753",".ai/architecture/rules.md","fm"
"K2754",".ai/architecture/rules.md","fm"
"K2755",".ai/architecture/rules.md","fm"
"K2756",".ai/architecture/rules.md","fm"
"K2757",".ai/architecture/rules.md","fm"
"K2758",".ai/architecture/rules.md","fm"
"K2759",".ai/architecture/rules.md","fm"
"K276",".ai/architecture/rules.md","fm"
"K2760",".ai/architecture/rules.md","fm"
"K2761",".ai/architecture/rules.md","fm"
"K2762",".ai/architecture/rules.md","fm"
"K2763",".ai/architecture/rules.md","fm"
"K2764",".ai/architecture/rules.md","fm"
"K2765",".ai/architecture/rules.md","fm"
"K2766",".ai/architecture/rules.md","fm"
"K2767",".ai/architecture/rules.md","fm"
"K2768",".ai/architecture/rules.md","fm"
"K2769",".ai/architecture/rules.md","fm"
"K277",".ai/architecture/rules.md","fm"
"K2770",".ai/architecture/rules.md","fm"
"K2771",".ai/architecture/rules.md","fm"
"K2772",".ai/architecture/rules.md","fm"
"K2773",".ai/architecture/rules.md","fm"
"K2774",".ai/architecture/rules.md","fm"
"K2775",".ai/architecture/rules.md","fm"
"K2776",".ai/architecture/rules.md","fm"
"K2777",".ai/architecture/rules.md","fm"
"K2778",".ai/architecture/rules.md","fm"
"K2779",".ai/architecture/rules.md","fm"
"K278",".ai/architecture/rules.md","fm"
"K2780",".ai/architecture/rules.md","fm"
"K2781",".ai/architecture/rules.md","fm"
"K2782",".ai/architecture/rules.md","fm"
"K2783",".ai/architecture/rules.md","fm"
"K2784",".ai/architecture/rules.md","fm"
"K2785",".ai/architecture/rules.md","fm"
"K2786",".ai/architecture/rules.md","fm"
"K2787",".ai/architecture/rules.md","fm"
"K2788",".ai/architecture/rules.md","fm"
"K2789",".ai/architecture/rules.md","fm"
"K279",".ai/architecture/rules.md","fm"
"K2790",".ai/architecture/rules.md","fm"
"K2791",".ai/architecture/rules.md","fm"
"K2792",".ai/architecture/rules.md","fm"
"K2793",".ai/architecture/rules.md","fm"
"K2794",".ai/architecture/rules.md","fm"
"K2795",".ai/architecture/rules.md","fm"
"K2796",".ai/architecture/rules.md","fm"
"K2797",".ai/architecture/rules.md","fm"
"K2798",".ai/architecture/rules.md","fm"
"K2799",".ai/architecture/rules.md","fm"
"K280",".ai/architecture/rules.md","fm"
"K2800",".ai/architecture/rules.md","fm"
"K2801",".ai/architecture/rules.md","fm"
"K2802",".ai/architecture/rules.md","fm"
"K2803",".ai/architecture/rules.md","fm"
"K2804",".ai/architecture/rules.md","fm"
"K2805",".ai/architecture/rules.md","fm"
"K2806",".ai/architecture/rules.md","fm"
"K2807",".ai/architecture/rules.md","fm"
"K2808",".ai/architecture/rules.md","fm"
"K2809",".ai/architecture/rules.md","fm"
"K281",".ai/architecture/rules.md","fm"
"K2810",".ai/architecture/rules.md","fm"
"K2811",".ai/architecture/rules.md","fm"
"K2812",".ai/architecture/rules.md","fm"
"K2813",".ai/architecture/rules.md","fm"
"K2814",".ai/architecture/rules.md","fm"
"K2815",".ai/architecture/rules.md","fm"
"K2816",".ai/architecture/rules.md","fm"
"K2817",".ai/architecture/rules.md","fm"
"K2818",".ai/architecture/rules.md","fm"
"K2819",".ai/architecture/rules.md","fm"
"K282",".ai/architecture/rules.md","fm"
"K2820",".ai/architecture/rules.md","fm"
"K2821",".ai/architecture/rules.md","fm"
"K2822",".ai/architecture/rules.md","fm"
"K2823",".ai/architecture/rules.md","fm"
"K2824",".ai/architecture/rules.md","fm"
"K2825",".ai/architecture/rules.md","fm"
"K2826",".ai/architecture/rules.md","fm"
"K2827",".ai/architecture/rules.md","fm"
"K2828",".ai/architecture/rules.md","fm"
"K2829",".ai/architecture/rules.md","fm"
"K283",".ai/architecture/rules.md","fm"
"K2830",".ai/architecture/rules.md","fm"
"K2831",".ai/architecture/rules.md","fm"
"K2832",".ai/architecture/rules.md","fm"
"K2833",".ai/architecture/rules.md","fm"
"K2834",".ai/architecture/rules.md","fm"
"K2835",".ai/architecture/rules.md","fm"
"K2836",".ai/architecture/rules.md","fm"
"K2837",".ai/architecture/rules.md","fm"
"K2838",".ai/architecture/rules.md","fm"
"K2839",".ai/architecture/rules.md","fm"
"K284",".ai/architecture/rules.md","fm"
"K2840",".ai/architecture/rules.md","fm"
"K2841",".ai/architecture/rules.md","fm"
"K2842",".ai/architecture/rules.md","fm"
"K2843",".ai/architecture/rules.md","fm"
"K2844",".ai/architecture/rules.md","fm"
"K2845",".ai/architecture/rules.md","fm"
"K2846",".ai/architecture/rules.md","fm"
"K2847",".ai/architecture/rules.md","fm"
"K2848",".ai/architecture/rules.md","fm"
"K2849",".ai/architecture/rules.md","fm"
"K285",".ai/architecture/rules.md","fm"
"K2850",".ai/architecture/rules.md","fm"
"K2851",".ai/architecture/rules.md","fm"
"K2852",".ai/architecture/rules.md","fm"
"K2853",".ai/architecture/rules.md","fm"
"K2854",".ai/architecture/rules.md","fm"
"K2855",".ai/architecture/rules.md","fm"
"K2856",".ai/architecture/rules.md","fm"
"K2857",".ai/architecture/rules.md","fm"
"K2858",".ai/architecture/rules.md","fm"
"K2859",".ai/architecture/rules.md","fm"
"K286",".ai/architecture/rules.md","fm"
"K2860",".ai/architecture/rules.md","fm"
"K2861",".ai/architecture/rules.md","fm"
"K2862",".ai/architecture/rules.md","fm"
"K2863",".ai/architecture/rules.md","fm"
"K2864",".ai/architecture/rules.md","fm"
"K2865",".ai/architecture/rules.md","fm"
"K2866",".ai/architecture/rules.md","fm"
"K2867",".ai/architecture/rules.md","fm"
"K2868",".ai/architecture/rules.md","fm"
"K2869",".ai/architecture/rules.md","fm"
"K287",".ai/architecture/rules.md","fm"
"K2870",".ai/architecture/rules.md","fm"
"K2871",".ai/architecture/rules.md","fm"
"K2872",".ai/architecture/rules.md","fm"
"K2873",".ai/architecture/rules.md","fm"
"K2874",".ai/architecture/rules.md","fm"
"K2875",".ai/architecture/rules.md","fm"
"K2876",".ai/architecture/rules.md","fm"
"K2877",".ai/architecture/rules.md","fm"
"K2878",".ai/architecture/rules.md","fm"
"K2879",".ai/architecture/rules.md","fm"
"K288",".ai/architecture/rules.md","fm"
"K2880",".ai/architecture/rules.md","fm"
"K2881",".ai/architecture/rules.md","fm"
"K2882",".ai/architecture/rules.md","fm"
"K2883",".ai/architecture/rules.md","fm"
"K2884",".ai/architecture/rules.md","fm"
"K2885",".ai/architecture/rules.md","fm"
"K2886",".ai/architecture/rules.md","fm"
"K2887",".ai/architecture/rules.md","fm"
"K2888",".ai/architecture/rules.md","fm"
"K2889",".ai/architecture/rules.md","fm"
"K289",".ai/architecture/rules.md","fm"
"K2890",".ai/architecture/rules.md","fm"
"K2891",".ai/architecture/rules.md","fm"
"K2892",".ai/architecture/rules.md","fm"
"K2893",".ai/architecture/rules.md","fm"
"K2894",".ai/architecture/rules.md","fm"
"K2895",".ai/architecture/rules.md","fm"
"K2896",".ai/architecture/rules.md","fm"
"K2897",".ai/architecture/rules.md","fm"
"K2898",".ai/architecture/rules.md","fm"
"K2899",".ai/architecture/rules.md","fm"
"K290",".ai/architecture/rules.md","fm"
"K2900",".ai/architecture/rules.md","fm"
"K2901",".ai/architecture/rules.md","fm"
"K2902",".ai/architecture/rules.md","fm"
"K2903",".ai/architecture/rules.md","fm"
"K2904",".ai/architecture/rules.md","fm"
"K2905",".ai/architecture/rules.md","fm"
"K2906",".ai/architecture/rules.md","fm"
"K2907",".ai/architecture/rules.md","fm"
"K2908",".ai/architecture/rules.md","fm"
"K2909",".ai/architecture/rules.md","fm"
"K291",".ai/architecture/rules.md","fm"
"K2910",".ai/architecture/rules.md","fm"
"K2911",".ai/architecture/rules.md","fm"
"K2912",".ai/architecture/rules.md","fm"
"K2913",".ai/architecture/rules.md","fm"
"K2914",".ai/architecture/rules.md","fm"
"K2915",".ai/architecture/rules.md","fm"
"K2916",".ai/architecture/rules.md","fm"
"K2917",".ai/architecture/rules.md","fm"
"K2918",".ai/architecture/rules.md","fm"
"K2919",".ai/architecture/rules.md","fm"
"K292",".ai/architecture/rules.md","fm"
"K2920",".ai/architecture/rules.md","fm"
"K2921",".ai/architecture/rules.md","fm"
"K2922",".ai/architecture/rules.md","fm"
"K2923",".ai/architecture/rules.md","fm"
"K2924",".ai/architecture/rules.md","fm"
"K2925",".ai/architecture/rules.md","fm"
"K2926",".ai/architecture/rules.md","fm"
"K2927",".ai/architecture/rules.md","fm"
"K2928",".ai/architecture/rules.md","fm"
"K2929",".ai/architecture/rules.md","fm"
"K293",".ai/architecture/rules.md","fm"
"K2930",".ai/architecture/rules.md","fm"
"K2931",".ai/architecture/rules.md","fm"
"K2932",".ai/architecture/rules.md","fm"
"K2933",".ai/architecture/rules.md","fm"
"K2934",".ai/architecture/rules.md","fm"
"K2935",".ai/architecture/rules.md","fm"
"K2936",".ai/architecture/rules.md","fm"
"K2937",".ai/architecture/rules.md","fm"
"K2938",".ai/architecture/rules.md","fm"
"K2939",".ai/architecture/rules.md","fm"
"K294",".ai/architecture/rules.md","fm"
"K2940",".ai/architecture/rules.md","fm"
"K2941",".ai/architecture/rules.md","fm"
"K2942",".ai/architecture/rules.md","fm"
"K2943",".ai/architecture/rules.md","fm"
"K2944",".ai/architecture/rules.md","fm"
"K2945",".ai/architecture/rules.md","fm"
"K2946",".ai/architecture/rules.md","fm"
"K2947",".ai/architecture/rules.md","fm"
"K2948",".ai/architecture/rules.md","fm"
"K2949",".ai/architecture/rules.md","fm"
"K295",".ai/architecture/rules.md","fm"
"K2950",".ai/architecture/rules.md","fm"
"K2951",".ai/architecture/rules.md","fm"
"K2952",".ai/architecture/rules.md","fm"
"K2953",".ai/architecture/rules.md","fm"
"K2954",".ai/architecture/rules.md","fm"
"K2955",".ai/architecture/rules.md","fm"
"K2956",".ai/architecture/rules.md","fm"
"K2957",".ai/architecture/rules.md","fm"
"K2958",".ai/architecture/rules.md","fm"
"K2959",".ai/architecture/rules.md","fm"
"K296",".ai/architecture/rules.md","fm"
"K2960",".ai/architecture/rules.md","fm"
"K2961",".ai/architecture/rules.md","fm"
"K2962",".ai/architecture/rules.md","fm"
"K2963",".ai/architecture/rules.md","fm"
"K2964",".ai/architecture/rules.md","fm"
"K2965",".ai/architecture/rules.md","fm"
"K2966",".ai/architecture/rules.md","fm"
"K2967",".ai/architecture/rules.md","fm"
"K2968",".ai/architecture/rules.md","fm"
"K2969",".ai/architecture/rules.md","fm"
"K297",".ai/architecture/rules.md","fm"
"K2970",".ai/architecture/rules.md","fm"
"K2971",".ai/architecture/rules.md","fm"
"K2972",".ai/architecture/rules.md","fm"
"K2973",".ai/architecture/rules.md","fm"
"K2974",".ai/architecture/rules.md","fm"
"K2975",".ai/architecture/rules.md","fm"
"K2976",".ai/architecture/rules.md","fm"
"K2977",".ai/architecture/rules.md","fm"
"K2978",".ai/architecture/rules.md","fm"
"K2979",".ai/architecture/rules.md","fm"
"K298",".ai/architecture/rules.md","fm"
"K2980",".ai/architecture/rules.md","fm"
"K2981",".ai/architecture/rules.md","fm"
"K2982",".ai/architecture/rules.md","fm"
"K2983",".ai/architecture/rules.md","fm"
"K2984",".ai/architecture/rules.md","fm"
"K2985",".ai/architecture/rules.md","fm"
"K2986",".ai/architecture/rules.md","fm"
"K2987",".ai/architecture/rules.md","fm"
"K2988",".ai/architecture/rules.md","fm"
"K2989",".ai/architecture/rules.md","fm"
"K299",".ai/architecture/rules.md","fm"
"K2990",".ai/architecture/rules.md","fm"
"K2991",".ai/architecture/rules.md","fm"
"K2992",".ai/architecture/rules.md","fm"
"K2993",".ai/architecture/rules.md","fm"
"K2994",".ai/architecture/rules.md","fm"
"K2995",".ai/architecture/rules.md","fm"
"K2996",".ai/architecture/rules.md","fm"
"K2997",".ai/architecture/rules.md","fm"
"K2998",".ai/architecture/rules.md","fm"
"K2999",".ai/architecture/rules.md","fm"
"K300",".ai/architecture/rules.md","fm"
"K3000",".ai/architecture/rules.md","fm"
"K3001",".ai/architecture/rules.md","fm"
"K3002",".ai/architecture/rules.md","fm"
"K3003",".ai/architecture/rules.md","fm"
"K3004",".ai/architecture/rules.md","fm"
"K3005",".ai/architecture/rules.md","fm"
"K3006",".ai/architecture/rules.md","fm"
"K3007",".ai/architecture/rules.md","fm"
"K3008",".ai/architecture/rules.md","fm"
"K3009",".ai/architecture/rules.md","fm"
"K301",".ai/architecture/rules.md","fm"
"K3010",".ai/architecture/rules.md","fm"
"K3011",".ai/architecture/rules.md","fm"
"K3012",".ai/architecture/rules.md","fm"
"K3013",".ai/architecture/rules.md","fm"
"K3014",".ai/architecture/rules.md","fm"
"K3015",".ai/architecture/rules.md","fm"
"K3016",".ai/architecture/rules.md","fm"
"K3017",".ai/architecture/rules.md","fm"
"K3018",".ai/architecture/rules.md","fm"
"K3019",".ai/architecture/rules.md","fm"
"K302",".ai/architecture/rules.md","fm"
"K3020",".ai/architecture/rules.md","fm"
"K3021",".ai/architecture/rules.md","fm"
"K3022",".ai/architecture/rules.md","fm"
"K3023",".ai/architecture/rules.md","fm"
"K3024",".ai/architecture/rules.md","fm"
"K3025",".ai/architecture/rules.md","fm"
"K3026",".ai/architecture/rules.md","fm"
"K3027",".ai/architecture/rules.md","fm"
"K3028",".ai/architecture/rules.md","fm"
"K3029",".ai/architecture/rules.md","fm"
"K303",".ai/architecture/rules.md","fm"
"K3030",".ai/architecture/rules.md","fm"
"K3031",".ai/architecture/rules.md","fm"
"K3032",".ai/architecture/rules.md","fm"
"K3033",".ai/architecture/rules.md","fm"
"K3034",".ai/architecture/rules.md","fm"
"K3035",".ai/architecture/rules.md","fm"
"K3036",".ai/architecture/rules.md","fm"
"K3037",".ai/architecture/rules.md","fm"
"K3038",".ai/architecture/rules.md","fm"
"K3039",".ai/architecture/rules.md","fm"
"K304",".ai/architecture/rules.md","fm"
"K3040",".ai/architecture/rules.md","fm"
"K3041",".ai/architecture/rules.md","fm"
"K3042",".ai/architecture/rules.md","fm"
"K3043",".ai/architecture/rules.md","fm"
"K3044",".ai/architecture/rules.md","fm"
"K3045",".ai/architecture/rules.md","fm"
"K3046",".ai/architecture/rules.md","fm"
"K3047",".ai/architecture/rules.md","fm"
"K3048",".ai/architecture/rules.md","fm"
"K3049",".ai/architecture/rules.md","fm"
"K305",".ai/architecture/rules.md","fm"
"K3050",".ai/architecture/rules.md","fm"
"K3051",".ai/architecture/rules.md","fm"
"K3052",".ai/architecture/rules.md","fm"
"K3053",".ai/architecture/rules.md","fm"
"K3054",".ai/architecture/rules.md","fm"
"K3055",".ai/architecture/rules.md","fm"
"K3056",".ai/architecture/rules.md","fm"
"K3057",".ai/architecture/rules.md","fm"
"K3058",".ai/architecture/rules.md","fm"
"K3059",".ai/architecture/rules.md","fm"
"K306",".ai/architecture/rules.md","fm"
"K3060",".ai/architecture/rules.md","fm"
"K3061",".ai/architecture/rules.md","fm"
"K3062",".ai/architecture/rules.md","fm"
"K3063",".ai/architecture/rules.md","fm"
"K3064",".ai/architecture/rules.md","fm"
"K3065",".ai/architecture/rules.md","fm"
"K3066",".ai/architecture/rules.md","fm"
"K3067",".ai/architecture/rules.md","fm"
"K3068",".ai/architecture/rules.md","fm"
"K3069",".ai/architecture/rules.md","fm"
"K307",".ai/architecture/rules.md","fm"
"K3070",".ai/architecture/rules.md","fm"
"K3071",".ai/architecture/rules.md","fm"
"K3072",".ai/architecture/rules.md","fm"
"K3073",".ai/architecture/rules.md","fm"
"K3074",".ai/architecture/rules.md","fm"
"K3075",".ai/architecture/rules.md","fm"
"K3076",".ai/architecture/rules.md","fm"
"K3077",".ai/architecture/rules.md","fm"
"K3078",".ai/architecture/rules.md","fm"
"K3079",".ai/architecture/rules.md","fm"
"K308",".ai/architecture/rules.md","fm"
"K3080",".ai/architecture/rules.md","fm"
"K3081",".ai/architecture/rules.md","fm"
"K3082",".ai/architecture/rules.md","fm"
"K3083",".ai/architecture/rules.md","fm"
"K3084",".ai/architecture/rules.md","fm"
"K3085",".ai/architecture/rules.md","fm"
"K3086",".ai/architecture/rules.md","fm"
"K3087",".ai/architecture/rules.md","fm"
"K3088",".ai/architecture/rules.md","fm"
"K3089",".ai/architecture/rules.md","fm"
"K309",".ai/architecture/rules.md","fm"
"K3090",".ai/architecture/rules.md","fm"
"K3091",".ai/architecture/rules.md","fm"
"K3092",".ai/architecture/rules.md","fm"
"K3093",".ai/architecture/rules.md","fm"
"K3094",".ai/architecture/rules.md","fm"
"K3095",".ai/architecture/rules.md","fm"
"K3096",".ai/architecture/rules.md","fm"
"K3097",".ai/architecture/rules.md","fm"
"K3098",".ai/architecture/rules.md","fm"
"K3099",".ai/architecture/rules.md","fm"
"K310",".ai/architecture/rules.md","fm"
"K3100",".ai/architecture/rules.md","fm"
"K3101",".ai/architecture/rules.md","fm"
"K3102",".ai/architecture/rules.md","fm"
"K3103",".ai/architecture/rules.md","fm"
"K3104",".ai/architecture/rules.md","fm"
"K3105",".ai/architecture/rules.md","fm"
"K3106",".ai/architecture/rules.md","fm"
"K3107",".ai/architecture/rules.md","fm"
"K3108",".ai/architecture/rules.md","fm"
"K3109",".ai/architecture/rules.md","fm"
"K311",".ai/architecture/rules.md","fm"
"K3110",".ai/architecture/rules.md","fm"
"K3111",".ai/architecture/rules.md","fm"
"K3112",".ai/architecture/rules.md","fm"
"K3113",".ai/architecture/rules.md","fm"
"K3114",".ai/architecture/rules.md","fm"
"K3115",".ai/architecture/rules.md","fm"
"K3116",".ai/architecture/rules.md","fm"
"K3117",".ai/architecture/rules.md","fm"
"K3118",".ai/architecture/rules.md","fm"
"K3119",".ai/architecture/rules.md","fm"
"K312",".ai/architecture/rules.md","fm"
"K3120",".ai/architecture/rules.md","fm"
"K3121",".ai/architecture/rules.md","fm"
"K3122",".ai/architecture/rules.md","fm"
"K3123",".ai/architecture/rules.md","fm"
"K3124",".ai/architecture/rules.md","fm"
"K3125",".ai/architecture/rules.md","fm"
"K3126",".ai/architecture/rules.md","fm"
"K3127",".ai/architecture/rules.md","fm"
"K3128",".ai/architecture/rules.md","fm"
"K3129",".ai/architecture/rules.md","fm"
"K313",".ai/architecture/rules.md","fm"
"K3130",".ai/architecture/rules.md","fm"
"K3131",".ai/architecture/rules.md","fm"
"K3132",".ai/architecture/rules.md","fm"
"K3133",".ai/architecture/rules.md","fm"
"K3134",".ai/architecture/rules.md","fm"
"K3135",".ai/architecture/rules.md","fm"
"K3136",".ai/architecture/rules.md","fm"
"K3137",".ai/architecture/rules.md","fm"
"K3138",".ai/architecture/rules.md","fm"
"K3139",".ai/architecture/rules.md","fm"
"K314",".ai/architecture/rules.md","fm"
"K3140",".ai/architecture/rules.md","fm"
"K3141",".ai/architecture/rules.md","fm"
"K3142",".ai/architecture/rules.md","fm"
"K3143",".ai/architecture/rules.md","fm"
"K3144",".ai/architecture/rules.md","fm"
"K3145",".ai/architecture/rules.md","fm"
"K3146",".ai/architecture/rules.md","fm"
"K3147",".ai/architecture/rules.md","fm"
"K3148",".ai/architecture/rules.md","fm"
"K3149",".ai/architecture/rules.md","fm"
"K315",".ai/architecture/rules.md","fm"
"K3150",".ai/architecture/rules.md","fm"
"K3151",".ai/architecture/rules.md","fm"
"K3152",".ai/architecture/rules.md","fm"
"K3153",".ai/architecture/rules.md","fm"
"K3154",".ai/architecture/rules.md","fm"
"K3155",".ai/architecture/rules.md","fm"
"K3156",".ai/architecture/rules.md","fm"
"K3157",".ai/architecture/rules.md","fm"
"K3158",".ai/architecture/rules.md","fm"
"K3159",".ai/architecture/rules.md","fm"
"K316",".ai/architecture/rules.md","fm"
"K3160",".ai/architecture/rules.md","fm"
"K3161",".ai/architecture/rules.md","fm"
"K3162",".ai/architecture/rules.md","fm"
"K3163",".ai/architecture/rules.md","fm"
"K3164",".ai/architecture/rules.md","fm"
"K3165",".ai/architecture/rules.md","fm"
"K3166",".ai/architecture/rules.md","fm"
"K3167",".ai/architecture/rules.md","fm"
"K3168",".ai/architecture/rules.md","fm"
"K3169",".ai/architecture/rules.md","fm"
"K317",".ai/architecture/rules.md","fm"
"K3170",".ai/architecture/rules.md","fm"
"K3171",".ai/architecture/rules.md","fm"
"K3172",".ai/architecture/rules.md","fm"
"K3173",".ai/architecture/rules.md","fm"
"K3174",".ai/architecture/rules.md","fm"
"K3175",".ai/architecture/rules.md","fm"
"K3176",".ai/architecture/rules.md","fm"
"K3177",".ai/architecture/rules.md","fm"
"K3178",".ai/architecture/rules.md","fm"
"K3179",".ai/architecture/rules.md","fm"
"K318",".ai/architecture/rules.md","fm"
"K3180",".ai/architecture/rules.md","fm"
"K3181",".ai/architecture/rules.md","fm"
"K3182",".ai/architecture/rules.md","fm"
"K3183",".ai/architecture/rules.md","fm"
"K3184",".ai/architecture/rules.md","fm"
"K3185",".ai/architecture/rules.md","fm"
"K3186",".ai/architecture/rules.md","fm"
"K3187",".ai/architecture/rules.md","fm"
"K3188",".ai/architecture/rules.md","fm"
"K3189",".ai/architecture/rules.md","fm"
"K319",".ai/architecture/rules.md","fm"
"K3190",".ai/architecture/rules.md","fm"
"K3191",".ai/architecture/rules.md","fm"
"K3192",".ai/architecture/rules.md","fm"
"K3193",".ai/architecture/rules.md","fm"
"K3194",".ai/architecture/rules.md","fm"
"K3195",".ai/architecture/rules.md","fm"
"K3196",".ai/architecture/rules.md","fm"
"K3197",".ai/architecture/rules.md","fm"
"K3198",".ai/architecture/rules.md","fm"
"K3199",".ai/architecture/rules.md","fm"
"K320",".ai/architecture/rules.md","fm"
"K3200",".ai/architecture/rules.md","fm"
"K3201",".ai/architecture/rules.md","fm"
"K3202",".ai/architecture/rules.md","fm"
"K3203",".ai/architecture/rules.md","fm"
"K3204",".ai/architecture/rules.md","fm"
"K3205",".ai/architecture/rules.md","fm"
"K3206",".ai/architecture/rules.md","fm"
"K3207",".ai/architecture/rules.md","fm"
"K3208",".ai/architecture/rules.md","fm"
"K3209",".ai/architecture/rules.md","fm"
"K321",".ai/architecture/rules.md","fm"
"K3210",".ai/architecture/rules.md","fm"
"K3211",".ai/architecture/rules.md","fm"
"K3212",".ai/architecture/rules.md","fm"
"K3213",".ai/architecture/rules.md","fm"
"K3214",".ai/architecture/rules.md","fm"
"K3215",".ai/architecture/rules.md","fm"
"K3216",".ai/architecture/rules.md","fm"
"K3217",".ai/architecture/rules.md","fm"
"K3218",".ai/architecture/rules.md","fm"
"K3219",".ai/architecture/rules.md","fm"
"K322",".ai/architecture/rules.md","fm"
"K3220",".ai/architecture/rules.md","fm"
"K3221",".ai/architecture/rules.md","fm"
"K3222",".ai/architecture/rules.md","fm"
"K3223",".ai/architecture/rules.md","fm"
"K3224",".ai/architecture/rules.md","fm"
"K3225",".ai/architecture/rules.md","fm"
"K3226",".ai/architecture/rules.md","fm"
"K3227",".ai/architecture/rules.md","fm"
"K3228",".ai/architecture/rules.md","fm"
"K3229",".ai/architecture/rules.md","fm"
"K323",".ai/architecture/rules.md","fm"
"K3230",".ai/architecture/rules.md","fm"
"K3231",".ai/architecture/rules.md","fm"
"K3232",".ai/architecture/rules.md","fm"
"K3233",".ai/architecture/rules.md","fm"
"K3234",".ai/architecture/rules.md","fm"
"K3235",".ai/architecture/rules.md","fm"
"K3236",".ai/architecture/rules.md","fm"
"K3237",".ai/architecture/rules.md","fm"
"K3238",".ai/architecture/rules.md","fm"
"K3239",".ai/architecture/rules.md","fm"
"K324",".ai/architecture/rules.md","fm"
"K3240",".ai/architecture/rules.md","fm"
"K3241",".ai/architecture/rules.md","fm"
"K3242",".ai/architecture/rules.md","fm"
"K3243",".ai/architecture/rules.md","fm"
"K3244",".ai/architecture/rules.md","fm"
"K3245",".ai/architecture/rules.md","fm"
"K3246",".ai/architecture/rules.md","fm"
"K3247",".ai/architecture/rules.md","fm"
"K3248",".ai/architecture/rules.md","fm"
"K3249",".ai/architecture/rules.md","fm"
"K325",".ai/architecture/rules.md","fm"
"K3250",".ai/architecture/rules.md","fm"
"K3251",".ai/architecture/rules.md","fm"
"K3252",".ai/architecture/rules.md","fm"
"K3253",".ai/architecture/rules.md","fm"
"K3254",".ai/architecture/rules.md","fm"
"K3255",".ai/architecture/rules.md","fm"
"K3256",".ai/architecture/rules.md","fm"
"K3257",".ai/architecture/rules.md","fm"
"K3258",".ai/architecture/rules.md","fm"
"K3259",".ai/architecture/rules.md","fm"
"K326",".ai/architecture/rules.md","fm"
"K3260",".ai/architecture/rules.md","fm"
"K3261",".ai/architecture/rules.md","fm"
"K3262",".ai/architecture/rules.md","fm"
"K3263",".ai/architecture/rules.md","fm"
"K3264",".ai/architecture/rules.md","fm"
"K3265",".ai/architecture/rules.md","fm"
"K3266",".ai/architecture/rules.md","fm"
"K3267",".ai/architecture/rules.md","fm"
"K3268",".ai/architecture/rules.md","fm"
"K3269",".ai/architecture/rules.md","fm"
"K327",".ai/architecture/rules.md","fm"
"K3270",".ai/architecture/rules.md","fm"
"K3271",".ai/architecture/rules.md","fm"
"K3272",".ai/architecture/rules.md","fm"
"K3273",".ai/architecture/rules.md","fm"
"K3274",".ai/architecture/rules.md","fm"
"K3275",".ai/architecture/rules.md","fm"
"K3276",".ai/architecture/rules.md","fm"
"K3277",".ai/architecture/rules.md","fm"
"K3278",".ai/architecture/rules.md","fm"
"K3279",".ai/architecture/rules.md","fm"
"K328",".ai/architecture/rules.md","fm"
"K3280",".ai/architecture/rules.md","fm"
"K3281",".ai/architecture/rules.md","fm"
"K3282",".ai/architecture/rules.md","fm"
"K3283",".ai/architecture/rules.md","fm"
"K3284",".ai/architecture/rules.md","fm"
"K3285",".ai/architecture/rules.md","fm"
"K3286",".ai/architecture/rules.md","fm"
"K3287",".ai/architecture/rules.md","fm"
"K3288",".ai/architecture/rules.md","fm"
"K3289",".ai/architecture/rules.md","fm"
"K329",".ai/architecture/rules.md","fm"
"K3290",".ai/architecture/rules.md","fm"
"K3291",".ai/architecture/rules.md","fm"
"K3292",".ai/architecture/rules.md","fm"
"K3293",".ai/architecture/rules.md","fm"
"K3294",".ai/architecture/rules.md","fm"
"K3295",".ai/architecture/rules.md","fm"
"K3296",".ai/architecture/rules.md","fm"
"K3297",".ai/architecture/rules.md","fm"
"K3298",".ai/architecture/rules.md","fm"
"K3299",".ai/architecture/rules.md","fm"
"K330",".ai/architecture/rules.md","fm"
"K3300",".ai/architecture/rules.md","fm"
"K3301",".ai/architecture/rules.md","fm"
"K3302",".ai/architecture/rules.md","fm"
"K3303",".ai/architecture/rules.md","fm"
"K3304",".ai/architecture/rules.md","fm"
"K3305",".ai/architecture/rules.md","fm"
"K3306",".ai/architecture/rules.md","fm"
"K3307",".ai/architecture/rules.md","fm"
"K3308",".ai/architecture/rules.md","fm"
"K3309",".ai/architecture/rules.md","fm"
"K331",".ai/architecture/rules.md","fm"
"K3310",".ai/architecture/rules.md","fm"
"K3311",".ai/architecture/rules.md","fm"
"K3312",".ai/architecture/rules.md","fm"
"K3313",".ai/architecture/rules.md","fm"
"K3314",".ai/architecture/rules.md","fm"
"K3315",".ai/architecture/rules.md","fm"
"K3316",".ai/architecture/rules.md","fm"
"K3317",".ai/architecture/rules.md","fm"
"K3318",".ai/architecture/rules.md","fm"
"K3319",".ai/architecture/rules.md","fm"
"K332",".ai/architecture/rules.md","fm"
"K3320",".ai/architecture/rules.md","fm"
"K3321",".ai/architecture/rules.md","fm"
"K3322",".ai/architecture/rules.md","fm"
"K3323",".ai/architecture/rules.md","fm"
"K3324",".ai/architecture/rules.md","fm"
"K3325",".ai/architecture/rules.md","fm"
"K3326",".ai/architecture/rules.md","fm"
"K3327",".ai/architecture/rules.md","fm"
"K3328",".ai/architecture/rules.md","fm"
"K3329",".ai/architecture/rules.md","fm"
"K333",".ai/architecture/rules.md","fm"
"K3330",".ai/architecture/rules.md","fm"
"K3331",".ai/architecture/rules.md","fm"
"K3332",".ai/architecture/rules.md","fm"
"K3333",".ai/architecture/rules.md","fm"
"K3334",".ai/architecture/rules.md","fm"
"K3335",".ai/architecture/rules.md","fm"
"K3336",".ai/architecture/rules.md","fm"
"K3337",".ai/architecture/rules.md","fm"
"K3338",".ai/architecture/rules.md","fm"
"K3339",".ai/architecture/rules.md","fm"
"K334",".ai/architecture/rules.md","fm"
"K3340",".ai/architecture/rules.md","fm"
"K3341",".ai/architecture/rules.md","fm"
"K3342",".ai/architecture/rules.md","fm"
"K3343",".ai/architecture/rules.md","fm"
"K3344",".ai/architecture/rules.md","fm"
"K3345",".ai/architecture/rules.md","fm"
"K3346",".ai/architecture/rules.md","fm"
"K3347",".ai/architecture/rules.md","fm"
"K3348",".ai/architecture/rules.md","fm"
"K3349",".ai/architecture/rules.md","fm"
"K335",".ai/architecture/rules.md","fm"
"K3350",".ai/architecture/rules.md","fm"
"K3351",".ai/architecture/rules.md","fm"
"K3352",".ai/architecture/rules.md","fm"
"K3353",".ai/architecture/rules.md","fm"
"K3354",".ai/architecture/rules.md","fm"
"K3355",".ai/architecture/rules.md","fm"
"K3356",".ai/architecture/rules.md","fm"
"K3357",".ai/architecture/rules.md","fm"
"K3358",".ai/architecture/rules.md","fm"
"K3359",".ai/architecture/rules.md","fm"
"K336",".ai/architecture/rules.md","fm"
"K3360",".ai/architecture/rules.md","fm"
"K3361",".ai/architecture/rules.md","fm"
"K3362",".ai/architecture/rules.md","fm"
"K3363",".ai/architecture/rules.md","fm"
"K3364",".ai/architecture/rules.md","fm"
"K3365",".ai/architecture/rules.md","fm"
"K3366",".ai/architecture/rules.md","fm"
"K3367",".ai/architecture/rules.md","fm"
"K3368",".ai/architecture/rules.md","fm"
"K3369",".ai/architecture/rules.md","fm"
"K337",".ai/architecture/rules.md","fm"
"K3370",".ai/architecture/rules.md","fm"
"K3371",".ai/architecture/rules.md","fm"
"K3372",".ai/architecture/rules.md","fm"
"K3373",".ai/architecture/rules.md","fm"
"K3374",".ai/architecture/rules.md","fm"
"K3375",".ai/architecture/rules.md","fm"
"K3376",".ai/architecture/rules.md","fm"
"K3377",".ai/architecture/rules.md","fm"
"K3378",".ai/architecture/rules.md","fm"
"K3379",".ai/architecture/rules.md","fm"
"K338",".ai/architecture/rules.md","fm"
"K3380",".ai/architecture/rules.md","fm"
"K3381",".ai/architecture/rules.md","fm"
"K3382",".ai/architecture/rules.md","fm"
"K3383",".ai/architecture/rules.md","fm"
"K3384",".ai/architecture/rules.md","fm"
"K3385",".ai/architecture/rules.md","fm"
"K3386",".ai/architecture/rules.md","fm"
"K3387",".ai/architecture/rules.md","fm"
"K3388",".ai/architecture/rules.md","fm"
"K3389",".ai/architecture/rules.md","fm"
"K339",".ai/architecture/rules.md","fm"
"K3390",".ai/architecture/rules.md","fm"
"K3391",".ai/architecture/rules.md","fm"
"K3392",".ai/architecture/rules.md","fm"
"K3393",".ai/architecture/rules.md","fm"
"K3394",".ai/architecture/rules.md","fm"
"K3395",".ai/architecture/rules.md","fm"
"K3396",".ai/architecture/rules.md","fm"
"K3397",".ai/architecture/rules.md","fm"
"K3398",".ai/architecture/rules.md","fm"
"K3399",".ai/architecture/rules.md","fm"
"K340",".ai/architecture/rules.md","fm"
"K3400",".ai/architecture/rules.md","fm"
"K3401",".ai/architecture/rules.md","fm"
"K3402",".ai/architecture/rules.md","fm"
"K3403",".ai/architecture/rules.md","fm"
"K3404",".ai/architecture/rules.md","fm"
"K3405",".ai/architecture/rules.md","fm"
"K3406",".ai/architecture/rules.md","fm"
"K3407",".ai/architecture/rules.md","fm"
"K3408",".ai/architecture/rules.md","fm"
"K3409",".ai/architecture/rules.md","fm"
"K341",".ai/architecture/rules.md","fm"
"K3410",".ai/architecture/rules.md","fm"
"K3411",".ai/architecture/rules.md","fm"
"K3412",".ai/architecture/rules.md","fm"
"K3413",".ai/architecture/rules.md","fm"
"K3414",".ai/architecture/rules.md","fm"
"K3415",".ai/architecture/rules.md","fm"
"K3416",".ai/architecture/rules.md","fm"
"K3417",".ai/architecture/rules.md","fm"
"K3418",".ai/architecture/rules.md","fm"
"K3419",".ai/architecture/rules.md","fm"
"K342",".ai/architecture/rules.md","fm"
"K3420",".ai/architecture/rules.md","fm"
"K3421",".ai/architecture/rules.md","fm"
"K3422",".ai/architecture/rules.md","fm"
"K3423",".ai/architecture/rules.md","fm"
"K3424",".ai/architecture/rules.md","fm"
"K3425",".ai/architecture/rules.md","fm"
"K3426",".ai/architecture/rules.md","fm"
"K3427",".ai/architecture/rules.md","fm"
"K3428",".ai/architecture/rules.md","fm"
"K3429",".ai/architecture/rules.md","fm"
"K343",".ai/architecture/rules.md","fm"
"K3430",".ai/architecture/rules.md","fm"
"K3431",".ai/architecture/rules.md","fm"
"K3432",".ai/architecture/rules.md","fm"
"K3433",".ai/architecture/rules.md","fm"
"K3434",".ai/architecture/rules.md","fm"
"K3435",".ai/architecture/rules.md","fm"
"K3436",".ai/architecture/rules.md","fm"
"K3437",".ai/architecture/rules.md","fm"
"K3438",".ai/architecture/rules.md","fm"
"K3439",".ai/architecture/rules.md","fm"
"K344",".ai/architecture/rules.md","fm"
"K3440",".ai/architecture/rules.md","fm"
"K3441",".ai/architecture/rules.md","fm"
"K3442",".ai/architecture/rules.md","fm"
"K3443",".ai/architecture/rules.md","fm"
"K3444",".ai/architecture/rules.md","fm"
"K3445",".ai/architecture/rules.md","fm"
"K3446",".ai/architecture/rules.md","fm"
"K3447",".ai/architecture/rules.md","fm"
"K3448",".ai/architecture/rules.md","fm"
"K3449",".ai/architecture/rules.md","fm"
"K345",".ai/architecture/rules.md","fm"
"K3450",".ai/architecture/rules.md","fm"
"K3451",".ai/architecture/rules.md","fm"
"K3452",".ai/architecture/rules.md","fm"
"K3453",".ai/architecture/rules.md","fm"
"K3454",".ai/architecture/rules.md","fm"
"K3455",".ai/architecture/rules.md","fm"
"K3456",".ai/architecture/rules.md","fm"
"K3457",".ai/architecture/rules.md","fm"
"K3458",".ai/architecture/rules.md","fm"
"K3459",".ai/architecture/rules.md","fm"
"K346",".ai/architecture/rules.md","fm"
"K3460",".ai/architecture/rules.md","fm"
"K3461",".ai/architecture/rules.md","fm"
"K3462",".ai/architecture/rules.md","fm"
"K3463",".ai/architecture/rules.md","fm"
"K3464",".ai/architecture/rules.md","fm"
"K3465",".ai/architecture/rules.md","fm"
"K3466",".ai/architecture/rules.md","fm"
"K3467",".ai/architecture/rules.md","fm"
"K3468",".ai/architecture/rules.md","fm"
"K3469",".ai/architecture/rules.md","fm"
"K347",".ai/architecture/rules.md","fm"
"K3470",".ai/architecture/rules.md","fm"
"K3471",".ai/architecture/rules.md","fm"
"K3472",".ai/architecture/rules.md","fm"
"K3473",".ai/architecture/rules.md","fm"
"K3474",".ai/architecture/rules.md","fm"
"K3475",".ai/architecture/rules.md","fm"
"K3476",".ai/architecture/rules.md","fm"
"K3477",".ai/architecture/rules.md","fm"
"K3478",".ai/architecture/rules.md","fm"
"K3479",".ai/architecture/rules.md","fm"
"K348",".ai/architecture/rules.md","fm"
"K3480",".ai/architecture/rules.md","fm"
"K3481",".ai/architecture/rules.md","fm"
"K3482",".ai/architecture/rules.md","fm"
"K3483",".ai/architecture/rules.md","fm"
"K3484",".ai/architecture/rules.md","fm"
"K3485",".ai/architecture/rules.md","fm"
"K3486",".ai/architecture/rules.md","fm"
"K3487",".ai/architecture/rules.md","fm"
"K3488",".ai/architecture/rules.md","fm"
"K3489",".ai/architecture/rules.md","fm"
"K349",".ai/architecture/rules.md","fm"
"K3490",".ai/architecture/rules.md","fm"
"K3491",".ai/architecture/rules.md","fm"
"K3492",".ai/architecture/rules.md","fm"
"K3493",".ai/architecture/rules.md","fm"
"K3494",".ai/architecture/rules.md","fm"
"K3495",".ai/architecture/rules.md","fm"
"K3496",".ai/architecture/rules.md","fm"
"K3497",".ai/architecture/rules.md","fm"
"K3498",".ai/architecture/rules.md","fm"
"K3499",".ai/architecture/rules.md","fm"
"K350",".ai/architecture/rules.md","fm"
"K3500",".ai/architecture/rules.md","fm"
"K3501",".ai/architecture/rules.md","fm"
"K3502",".ai/architecture/rules.md","fm"
"K3503",".ai/architecture/rules.md","fm"
"K3504",".ai/architecture/rules.md","fm"
"K3505",".ai/architecture/rules.md","fm"
"K3506",".ai/architecture/rules.md","fm"
"K3507",".ai/architecture/rules.md","fm"
"K3508",".ai/architecture/rules.md","fm"
"K3509",".ai/architecture/rules.md","fm"
"K351",".ai/architecture/rules.md","fm"
"K3510",".ai/architecture/rules.md","fm"
"K3511",".ai/architecture/rules.md","fm"
"K3512",".ai/architecture/rules.md","fm"
"K3513",".ai/architecture/rules.md","fm"
"K3514",".ai/architecture/rules.md","fm"
"K3515",".ai/architecture/rules.md","fm"
"K3516",".ai/architecture/rules.md","fm"
"K3517",".ai/architecture/rules.md","fm"
"K3518",".ai/architecture/rules.md","fm"
"K3519",".ai/architecture/rules.md","fm"
"K352",".ai/architecture/rules.md","fm"
"K3520",".ai/architecture/rules.md","fm"
"K3521",".ai/architecture/rules.md","fm"
"K3522",".ai/architecture/rules.md","fm"
"K3523",".ai/architecture/rules.md","fm"
"K3524",".ai/architecture/rules.md","fm"
"K3525",".ai/architecture/rules.md","fm"
"K3526",".ai/architecture/rules.md","fm"
"K3527",".ai/architecture/rules.md","fm"
"K3528",".ai/architecture/rules.md","fm"
"K3529",".ai/architecture/rules.md","fm"
"K353",".ai/architecture/rules.md","fm"
"K3530",".ai/architecture/rules.md","fm"
"K3531",".ai/architecture/rules.md","fm"
"K3532",".ai/architecture/rules.md","fm"
"K3533",".ai/architecture/rules.md","fm"
"K3534",".ai/architecture/rules.md","fm"
"K3535",".ai/architecture/rules.md","fm"
"K3536",".ai/architecture/rules.md","fm"
"K3537",".ai/architecture/rules.md","fm"
"K3538",".ai/architecture/rules.md","fm"
"K3539",".ai/architecture/rules.md","fm"
"K354",".ai/architecture/rules.md","fm"
"K3540",".ai/architecture/rules.md","fm"
"K3541",".ai/architecture/rules.md","fm"
"K3542",".ai/architecture/rules.md","fm"
"K3543",".ai/architecture/rules.md","fm"
"K3544",".ai/architecture/rules.md","fm"
"K3545",".ai/architecture/rules.md","fm"
"K3546",".ai/architecture/rules.md","fm"
"K3547",".ai/architecture/rules.md","fm"
"K3548",".ai/architecture/rules.md","fm"
"K3549",".ai/architecture/rules.md","fm"
"K355",".ai/architecture/rules.md","fm"
"K3550",".ai/architecture/rules.md","fm"
"K3551",".ai/architecture/rules.md","fm"
"K3552",".ai/architecture/rules.md","fm"
"K3553",".ai/architecture/rules.md","fm"
"K3554",".ai/architecture/rules.md","fm"
"K3555",".ai/architecture/rules.md","fm"
"K3556",".ai/architecture/rules.md","fm"
"K3557",".ai/architecture/rules.md","fm"
"K3558",".ai/architecture/rules.md","fm"
"K3559",".ai/architecture/rules.md","fm"
"K356",".ai/architecture/rules.md","fm"
"K3560",".ai/architecture/rules.md","fm"
"K3561",".ai/architecture/rules.md","fm"
"K3562",".ai/architecture/rules.md","fm"
"K3563",".ai/architecture/rules.md","fm"
"K3564",".ai/architecture/rules.md","fm"
"K3565",".ai/architecture/rules.md","fm"
"K3566",".ai/architecture/rules.md","fm"
"K3567",".ai/architecture/rules.md","fm"
"K3568",".ai/architecture/rules.md","fm"
"K3569",".ai/architecture/rules.md","fm"
"K357",".ai/architecture/rules.md","fm"
"K3570",".ai/architecture/rules.md","fm"
"K3571",".ai/architecture/rules.md","fm"
"K3572",".ai/architecture/rules.md","fm"
"K3573",".ai/architecture/rules.md","fm"
"K3574",".ai/architecture/rules.md","fm"
"K3575",".ai/architecture/rules.md","fm"
"K3576",".ai/architecture/rules.md","fm"
"K3577",".ai/architecture/rules.md","fm"
"K3578",".ai/architecture/rules.md","fm"
"K3579",".ai/architecture/rules.md","fm"
"K358",".ai/architecture/rules.md","fm"
"K3580",".ai/architecture/rules.md","fm"
"K3581",".ai/architecture/rules.md","fm"
"K3582",".ai/architecture/rules.md","fm"
"K3583",".ai/architecture/rules.md","fm"
"K3584",".ai/architecture/rules.md","fm"
"K3585",".ai/architecture/rules.md","fm"
"K3586",".ai/architecture/rules.md","fm"
"K3587",".ai/architecture/rules.md","fm"
"K3588",".ai/architecture/rules.md","fm"
"K3589",".ai/architecture/rules.md","fm"
"K359",".ai/architecture/rules.md","fm"
"K3590",".ai/architecture/rules.md","fm"
"K3591",".ai/architecture/rules.md","fm"
"K3592",".ai/architecture/rules.md","fm"
"K3593",".ai/architecture/rules.md","fm"
"K3594",".ai/architecture/rules.md","fm"
"K3595",".ai/architecture/rules.md","fm"
"K3596",".ai/architecture/rules.md","fm"
"K3597",".ai/architecture/rules.md","fm"
"K3598",".ai/architecture/rules.md","fm"
"K3599",".ai/architecture/rules.md","fm"
"K360",".ai/architecture/rules.md","fm"
"K3600",".ai/architecture/rules.md","fm"
"K3601",".ai/architecture/rules.md","fm"
"K3602",".ai/architecture/rules.md","fm"
"K3603",".ai/architecture/rules.md","fm"
"K3604",".ai/architecture/rules.md","fm"
"K3605",".ai/architecture/rules.md","fm"
"K3606",".ai/architecture/rules.md","fm"
"K3607",".ai/architecture/rules.md","fm"
"K3608",".ai/architecture/rules.md","fm"
"K3609",".ai/architecture/rules.md","fm"
"K361",".ai/architecture/rules.md","fm"
"K3610",".ai/architecture/rules.md","fm"
"K3611",".ai/architecture/rules.md","fm"
"K3612",".ai/architecture/rules.md","fm"
"K3613",".ai/architecture/rules.md","fm"
"K3614",".ai/architecture/rules.md","fm"
"K3615",".ai/architecture/rules.md","fm"
"K3616",".ai/architecture/rules.md","fm"
"K3617",".ai/architecture/rules.md","fm"
"K3618",".ai/architecture/rules.md","fm"
"K3619",".ai/architecture/rules.md","fm"
"K362",".ai/architecture/rules.md","fm"
"K3620",".ai/architecture/rules.md","fm"
"K3621",".ai/architecture/rules.md","fm"
"K3622",".ai/architecture/rules.md","fm"
"K3623",".ai/architecture/rules.md","fm"
"K3624",".ai/architecture/rules.md","fm"
"K3625",".ai/architecture/rules.md","fm"
"K3626",".ai/architecture/rules.md","fm"
"K3627",".ai/architecture/rules.md","fm"
"K3628",".ai/architecture/rules.md","fm"
"K3629",".ai/architecture/rules.md","fm"
"K363",".ai/architecture/rules.md","fm"
"K3630",".ai/architecture/rules.md","fm"
"K3631",".ai/architecture/rules.md","fm"
"K3632",".ai/architecture/rules.md","fm"
"K3633",".ai/architecture/rules.md","fm"
"K3634",".ai/architecture/rules.md","fm"
"K3635",".ai/architecture/rules.md","fm"
"K3636",".ai/architecture/rules.md","fm"
"K3637",".ai/architecture/rules.md","fm"
"K3638",".ai/architecture/rules.md","fm"
"K3639",".ai/architecture/rules.md","fm"
"K364",".ai/architecture/rules.md","fm"
"K3640",".ai/architecture/rules.md","fm"
"K3641",".ai/architecture/rules.md","fm"
"K3642",".ai/architecture/rules.md","fm"
"K3643",".ai/architecture/rules.md","fm"
"K3644",".ai/architecture/rules.md","fm"
"K3645",".ai/architecture/rules.md","fm"
"K3646",".ai/architecture/rules.md","fm"
"K3647",".ai/architecture/rules.md","fm"
"K3648",".ai/architecture/rules.md","fm"
"K3649",".ai/architecture/rules.md","fm"
"K365",".ai/architecture/rules.md","fm"
"K3650",".ai/architecture/rules.md","fm"
"K3651",".ai/architecture/rules.md","fm"
"K3652",".ai/architecture/rules.md","fm"
"K3653",".ai/architecture/rules.md","fm"
"K3654",".ai/architecture/rules.md","fm"
"K3655",".ai/architecture/rules.md","fm"
"K3656",".ai/architecture/rules.md","fm"
"K3657",".ai/architecture/rules.md","fm"
"K3658",".ai/architecture/rules.md","fm"
"K3659",".ai/architecture/rules.md","fm"
"K366",".ai/architecture/rules.md","fm"
"K3660",".ai/architecture/rules.md","fm"
"K3661",".ai/architecture/rules.md","fm"
"K3662",".ai/architecture/rules.md","fm"
"K3663",".ai/architecture/rules.md","fm"
"K3664",".ai/architecture/rules.md","fm"
"K3665",".ai/architecture/rules.md","fm"
"K3666",".ai/architecture/rules.md","fm"
"K3667",".ai/architecture/rules.md","fm"
"K3668",".ai/architecture/rules.md","fm"
"K3669",".ai/architecture/rules.md","fm"
"K367",".ai/architecture/rules.md","fm"
"K3670",".ai/architecture/rules.md","fm"
"K3671",".ai/architecture/rules.md","fm"
"K3672",".ai/architecture/rules.md","fm"
"K3673",".ai/architecture/rules.md","fm"
"K3674",".ai/architecture/rules.md","fm"
"K3675",".ai/architecture/rules.md","fm"
"K3676",".ai/architecture/rules.md","fm"
"K3677",".ai/architecture/rules.md","fm"
"K3678",".ai/architecture/rules.md","fm"
"K3679",".ai/architecture/rules.md","fm"
"K368",".ai/architecture/rules.md","fm"
"K3680",".ai/architecture/rules.md","fm"
"K3681",".ai/architecture/rules.md","fm"
"K3682",".ai/architecture/rules.md","fm"
"K3683",".ai/architecture/rules.md","fm"
"K3684",".ai/architecture/rules.md","fm"
"K3685",".ai/architecture/rules.md","fm"
"K3686",".ai/architecture/rules.md","fm"
"K3687",".ai/architecture/rules.md","fm"
"K3688",".ai/architecture/rules.md","fm"
"K3689",".ai/architecture/rules.md","fm"
"K369",".ai/architecture/rules.md","fm"
"K3690",".ai/architecture/rules.md","fm"
"K3691",".ai/architecture/rules.md","fm"
"K3692",".ai/architecture/rules.md","fm"
"K3693",".ai/architecture/rules.md","fm"
"K3694",".ai/architecture/rules.md","fm"
"K3695",".ai/architecture/rules.md","fm"
"K3696",".ai/architecture/rules.md","fm"
"K3697",".ai/architecture/rules.md","fm"
"K3698",".ai/architecture/rules.md","fm"
"K3699",".ai/architecture/rules.md","fm"
"K370",".ai/architecture/rules.md","fm"
"K3700",".ai/architecture/rules.md","fm"
"K3701",".ai/architecture/rules.md","fm"
"K3702",".ai/architecture/rules.md","fm"
"K3703",".ai/architecture/rules.md","fm"
"K3704",".ai/architecture/rules.md","fm"
"K3705",".ai/architecture/rules.md","fm"
"K3706",".ai/architecture/rules.md","fm"
"K3707",".ai/architecture/rules.md","fm"
"K3708",".ai/architecture/rules.md","fm"
"K3709",".ai/architecture/rules.md","fm"
"K371",".ai/architecture/rules.md","fm"
"K3710",".ai/architecture/rules.md","fm"
"K3711",".ai/architecture/rules.md","fm"
"K3712",".ai/architecture/rules.md","fm"
"K3713",".ai/architecture/rules.md","fm"
"K3714",".ai/architecture/rules.md","fm"
"K3715",".ai/architecture/rules.md","fm"
"K3716",".ai/architecture/rules.md","fm"
"K3717",".ai/architecture/rules.md","fm"
"K3718",".ai/architecture/rules.md","fm"
"K3719",".ai/architecture/rules.md","fm"
"K372",".ai/architecture/rules.md","fm"
"K3720",".ai/architecture/rules.md","fm"
"K3721",".ai/architecture/rules.md","fm"
"K3722",".ai/architecture/rules.md","fm"
"K3723",".ai/architecture/rules.md","fm"
"K3724",".ai/architecture/rules.md","fm"
"K3725",".ai/architecture/rules.md","fm"
"K3726",".ai/architecture/rules.md","fm"
"K3727",".ai/architecture/rules.md","fm"
"K3728",".ai/architecture/rules.md","fm"
"K3729",".ai/architecture/rules.md","fm"
"K373",".ai/architecture/rules.md","fm"
"K3730",".ai/architecture/rules.md","fm"
"K3731",".ai/architecture/rules.md","fm"
"K3732",".ai/architecture/rules.md","fm"
"K3733",".ai/architecture/rules.md","fm"
"K3734",".ai/architecture/rules.md","fm"
"K3735",".ai/architecture/rules.md","fm"
"K3736",".ai/architecture/rules.md","fm"
"K3737",".ai/architecture/rules.md","fm"
"K3738",".ai/architecture/rules.md","fm"
"K3739",".ai/architecture/rules.md","fm"
"K374",".ai/architecture/rules.md","fm"
"K3740",".ai/architecture/rules.md","fm"
"K3741",".ai/architecture/rules.md","fm"
"K3742",".ai/architecture/rules.md","fm"
"K3743",".ai/architecture/rules.md","fm"
"K3744",".ai/architecture/rules.md","fm"
"K3745",".ai/architecture/rules.md","fm"
"K3746",".ai/architecture/rules.md","fm"
"K3747",".ai/architecture/rules.md","fm"
"K3748",".ai/architecture/rules.md","fm"
"K3749",".ai/architecture/rules.md","fm"
"K375",".ai/architecture/rules.md","fm"
"K3750",".ai/architecture/rules.md","fm"
"K3751",".ai/architecture/rules.md","fm"
"K3752",".ai/architecture/rules.md","fm"
"K3753",".ai/architecture/rules.md","fm"
"K3754",".ai/architecture/rules.md","fm"
"K3755",".ai/architecture/rules.md","fm"
"K3756",".ai/architecture/rules.md","fm"
"K3757",".ai/architecture/rules.md","fm"
"K3758",".ai/architecture/rules.md","fm"
"K3759",".ai/architecture/rules.md","fm"
"K376",".ai/architecture/rules.md","fm"
"K3760",".ai/architecture/rules.md","fm"
"K3761",".ai/architecture/rules.md","fm"
"K3762",".ai/architecture/rules.md","fm"
"K3763",".ai/architecture/rules.md","fm"
"K3764",".ai/architecture/rules.md","fm"
"K3765",".ai/architecture/rules.md","fm"
"K3766",".ai/architecture/rules.md","fm"
"K3767",".ai/architecture/rules.md","fm"
"K3768",".ai/architecture/rules.md","fm"
"K3769",".ai/architecture/rules.md","fm"
"K377",".ai/architecture/rules.md","fm"
"K3770",".ai/architecture/rules.md","fm"
"K3771",".ai/architecture/rules.md","fm"
"K3772",".ai/architecture/rules.md","fm"
"K3773",".ai/architecture/rules.md","fm"
"K3774",".ai/architecture/rules.md","fm"
"K3775",".ai/architecture/rules.md","fm"
"K3776",".ai/architecture/rules.md","fm"
"K3777",".ai/architecture/rules.md","fm"
"K3778",".ai/architecture/rules.md","fm"
"K3779",".ai/architecture/rules.md","fm"
"K378",".ai/architecture/rules.md","fm"
"K3780",".ai/architecture/rules.md","fm"
"K3781",".ai/architecture/rules.md","fm"
"K3782",".ai/architecture/rules.md","fm"
"K3783",".ai/architecture/rules.md","fm"
"K3784",".ai/architecture/rules.md","fm"
"K3785",".ai/architecture/rules.md","fm"
"K3786",".ai/architecture/rules.md","fm"
"K3787",".ai/architecture/rules.md","fm"
"K3788",".ai/architecture/rules.md","fm"
"K3789",".ai/architecture/rules.md","fm"
"K379",".ai/architecture/rules.md","fm"
"K3790",".ai/architecture/rules.md","fm"
"K3791",".ai/architecture/rules.md","fm"
"K3792",".ai/architecture/rules.md","fm"
"K3793",".ai/architecture/rules.md","fm"
"K3794",".ai/architecture/rules.md","fm"
"K3795",".ai/architecture/rules.md","fm"
"K3796",".ai/architecture/rules.md","fm"
"K3797",".ai/architecture/rules.md","fm"
"K3798",".ai/architecture/rules.md","fm"
"K3799",".ai/architecture/rules.md","fm"
"K380",".ai/architecture/rules.md","fm"
"K3800",".ai/architecture/rules.md","fm"
"K3801",".ai/architecture/rules.md","fm"
"K3802",".ai/architecture/rules.md","fm"
"K3803",".ai/architecture/rules.md","fm"
"K3804",".ai/architecture/rules.md","fm"
"K3805",".ai/architecture/rules.md","fm"
"K3806",".ai/architecture/rules.md","fm"
"K3807",".ai/architecture/rules.md","fm"
"K3808",".ai/architecture/rules.md","fm"
"K3809",".ai/architecture/rules.md","fm"
"K381",".ai/architecture/rules.md","fm"
"K3810",".ai/architecture/rules.md","fm"
"K3811",".ai/architecture/rules.md","fm"
"K3812",".ai/architecture/rules.md","fm"
"K3813",".ai/architecture/rules.md","fm"
"K3814",".ai/architecture/rules.md","fm"
"K3815",".ai/architecture/rules.md","fm"
"K3816",".ai/architecture/rules.md","fm"
"K3817",".ai/architecture/rules.md","fm"
"K3818",".ai/architecture/rules.md","fm"
"K3819",".ai/architecture/rules.md","fm"
"K382",".ai/architecture/rules.md","fm"
"K3820",".ai/architecture/rules.md","fm"
"K3821",".ai/architecture/rules.md","fm"
"K3822",".ai/architecture/rules.md","fm"
"K3823",".ai/architecture/rules.md","fm"
"K3824",".ai/architecture/rules.md","fm"
"K3825",".ai/architecture/rules.md","fm"
"K3826",".ai/architecture/rules.md","fm"
"K3827",".ai/architecture/rules.md","fm"
"K3828",".ai/architecture/rules.md","fm"
"K3829",".ai/architecture/rules.md","fm"
"K383",".ai/architecture/rules.md","fm"
"K3830",".ai/architecture/rules.md","fm"
"K3831",".ai/architecture/rules.md","fm"
"K3832",".ai/architecture/rules.md","fm"
"K3833",".ai/architecture/rules.md","fm"
"K3834",".ai/architecture/rules.md","fm"
"K3835",".ai/architecture/rules.md","fm"
"K3836",".ai/architecture/rules.md","fm"
"K3837",".ai/architecture/rules.md","fm"
"K3838",".ai/architecture/rules.md","fm"
"K3839",".ai/architecture/rules.md","fm"
"K384",".ai/architecture/rules.md","fm"
"K3840",".ai/architecture/rules.md","fm"
"K3841",".ai/architecture/rules.md","fm"
"K3842",".ai/architecture/rules.md","fm"
"K3843",".ai/architecture/rules.md","fm"
"K3844",".ai/architecture/rules.md","fm"
"K3845",".ai/architecture/rules.md","fm"
"K3846",".ai/architecture/rules.md","fm"
"K3847",".ai/architecture/rules.md","fm"
"K3848",".ai/architecture/rules.md","fm"
"K3849",".ai/architecture/rules.md","fm"
"K385",".ai/architecture/rules.md","fm"
"K3850",".ai/architecture/rules.md","fm"
"K3851",".ai/architecture/rules.md","fm"
"K3852",".ai/architecture/rules.md","fm"
"K3853",".ai/architecture/rules.md","fm"
"K3854",".ai/architecture/rules.md","fm"
"K3855",".ai/architecture/rules.md","fm"
"K3856",".ai/architecture/rules.md","fm"
"K3857",".ai/architecture/rules.md","fm"
"K3858",".ai/architecture/rules.md","fm"
"K3859",".ai/architecture/rules.md","fm"
"K386",".ai/architecture/rules.md","fm"
"K3860",".ai/architecture/rules.md","fm"
"K3861",".ai/architecture/rules.md","fm"
"K3862",".ai/architecture/rules.md","fm"
"K3863",".ai/architecture/rules.md","fm"
"K3864",".ai/architecture/rules.md","fm"
"K3865",".ai/architecture/rules.md","fm"
"K3866",".ai/architecture/rules.md","fm"
"K3867",".ai/architecture/rules.md","fm"
"K3868",".ai/architecture/rules.md","fm"
"K3869",".ai/architecture/rules.md","fm"
"K387",".ai/architecture/rules.md","fm"
"K3870",".ai/architecture/rules.md","fm"
"K3871",".ai/architecture/rules.md","fm"
"K3872",".ai/architecture/rules.md","fm"
"K3873",".ai/architecture/rules.md","fm"
"K3874",".ai/architecture/rules.md","fm"
"K3875",".ai/architecture/rules.md","fm"
"K3876",".ai/architecture/rules.md","fm"
"K3877",".ai/architecture/rules.md","fm"
"K3878",".ai/architecture/rules.md","fm"
"K3879",".ai/architecture/rules.md","fm"
"K388",".ai/architecture/rules.md","fm"
"K3880",".ai/architecture/rules.md","fm"
"K3881",".ai/architecture/rules.md","fm"
"K3882",".ai/architecture/rules.md","fm"
"K3883",".ai/architecture/rules.md","fm"
"K3884",".ai/architecture/rules.md","fm"
"K3885",".ai/architecture/rules.md","fm"
"K3886",".ai/architecture/rules.md","fm"
"K3887",".ai/architecture/rules.md","fm"
"K3888",".ai/architecture/rules.md","fm"
"K3889",".ai/architecture/rules.md","fm"
"K389",".ai/architecture/rules.md","fm"
"K3890",".ai/architecture/rules.md","fm"
"K3891",".ai/architecture/rules.md","fm"
"K3892",".ai/architecture/rules.md","fm"
"K3893",".ai/architecture/rules.md","fm"
"K3894",".ai/architecture/rules.md","fm"
"K3895",".ai/architecture/rules.md","fm"
"K3896",".ai/architecture/rules.md","fm"
"K3897",".ai/architecture/rules.md","fm"
"K3898",".ai/architecture/rules.md","fm"
"K3899",".ai/architecture/rules.md","fm"
"K390",".ai/architecture/rules.md","fm"
"K3900",".ai/architecture/rules.md","fm"
"K3901",".ai/architecture/rules.md","fm"
"K3902",".ai/architecture/rules.md","fm"
"K3903",".ai/architecture/rules.md","fm"
"K3904",".ai/architecture/rules.md","fm"
"K3905",".ai/architecture/rules.md","fm"
"K3906",".ai/architecture/rules.md","fm"
"K3907",".ai/architecture/rules.md","fm"
"K3908",".ai/architecture/rules.md","fm"
"K3909",".ai/architecture/rules.md","fm"
"K391",".ai/architecture/rules.md","fm"
"K3910",".ai/architecture/rules.md","fm"
"K3911",".ai/architecture/rules.md","fm"
"K3912",".ai/architecture/rules.md","fm"
"K3913",".ai/architecture/rules.md","fm"
"K3914",".ai/architecture/rules.md","fm"
"K3915",".ai/architecture/rules.md","fm"
"K3916",".ai/architecture/rules.md","fm"
"K3917",".ai/architecture/rules.md","fm"
"K3918",".ai/architecture/rules.md","fm"
"K3919",".ai/architecture/rules.md","fm"
"K392",".ai/architecture/rules.md","fm"
"K3920",".ai/architecture/rules.md","fm"
"K3921",".ai/architecture/rules.md","fm"
"K3922",".ai/architecture/rules.md","fm"
"K3923",".ai/architecture/rules.md","fm"
"K3924",".ai/architecture/rules.md","fm"
"K3925",".ai/architecture/rules.md","fm"
"K3926",".ai/architecture/rules.md","fm"
"K3927",".ai/architecture/rules.md","fm"
"K3928",".ai/architecture/rules.md","fm"
"K3929",".ai/architecture/rules.md","fm"
"K393",".ai/architecture/rules.md","fm"
"K3930",".ai/architecture/rules.md","fm"
"K3931",".ai/architecture/rules.md","fm"
"K3932",".ai/architecture/rules.md","fm"
"K3933",".ai/architecture/rules.md","fm"
"K3934",".ai/architecture/rules.md","fm"
"K3935",".ai/architecture/rules.md","fm"
"K3936",".ai/architecture/rules.md","fm"
"K3937",".ai/architecture/rules.md","fm"
"K3938",".ai/architecture/rules.md","fm"
"K3939",".ai/architecture/rules.md","fm"
"K394",".ai/architecture/rules.md","fm"
"K3940",".ai/architecture/rules.md","fm"
"K3941",".ai/architecture/rules.md","fm"
"K3942",".ai/architecture/rules.md","fm"
"K3943",".ai/architecture/rules.md","fm"
"K3944",".ai/architecture/rules.md","fm"
"K3945",".ai/architecture/rules.md","fm"
"K3946",".ai/architecture/rules.md","fm"
"K3947",".ai/architecture/rules.md","fm"
"K3948",".ai/architecture/rules.md","fm"
"K3949",".ai/architecture/rules.md","fm"
"K395",".ai/architecture/rules.md","fm"
"K3950",".ai/architecture/rules.md","fm"
"K3951",".ai/architecture/rules.md","fm"
"K3952",".ai/architecture/rules.md","fm"
"K3953",".ai/architecture/rules.md","fm"
"K3954",".ai/architecture/rules.md","fm"
"K3955",".ai/architecture/rules.md","fm"
"K3956",".ai/architecture/rules.md","fm"
"K3957",".ai/architecture/rules.md","fm"
"K3958",".ai/architecture/rules.md","fm"
"K3959",".ai/architecture/rules.md","fm"
"K396",".ai/architecture/rules.md","fm"
"K3960",".ai/architecture/rules.md","fm"
"K3961",".ai/architecture/rules.md","fm"
"K3962",".ai/architecture/rules.md","fm"
"K3963",".ai/architecture/rules.md","fm"
"K3964",".ai/architecture/rules.md","fm"
"K3965",".ai/architecture/rules.md","fm"
"K3966",".ai/architecture/rules.md","fm"
"K3967",".ai/architecture/rules.md","fm"
"K3968",".ai/architecture/rules.md","fm"
"K3969",".ai/architecture/rules.md","fm"
"K397",".ai/architecture/rules.md","fm"
"K3970",".ai/architecture/rules.md","fm"
"K3971",".ai/architecture/rules.md","fm"
"K3972",".ai/architecture/rules.md","fm"
"K3973",".ai/architecture/rules.md","fm"
"K3974",".ai/architecture/rules.md","fm"
"K3975",".ai/architecture/rules.md","fm"
"K3976",".ai/architecture/rules.md","fm"
"K3977",".ai/architecture/rules.md","fm"
"K3978",".ai/architecture/rules.md","fm"
"K3979",".ai/architecture/rules.md","fm"
"K398",".ai/architecture/rules.md","fm"
"K3980",".ai/architecture/rules.md","fm"
"K3981",".ai/architecture/rules.md","fm"
"K3982",".ai/architecture/rules.md","fm"
"K3983",".ai/architecture/rules.md","fm"
"K3984",".ai/architecture/rules.md","fm"
"K3985",".ai/architecture/rules.md","fm"
"K3986",".ai/architecture/rules.md","fm"
"K3987",".ai/architecture/rules.md","fm"
"K3988",".ai/architecture/rules.md","fm"
"K3989",".ai/architecture/rules.md","fm"
"K399",".ai/architecture/rules.md","fm"
"K3990",".ai/architecture/rules.md","fm"
"K3991",".ai/architecture/rules.md","fm"
"K3992",".ai/architecture/rules.md","fm"
"K3993",".ai/architecture/rules.md","fm"
"K3994",".ai/architecture/rules.md","fm"
"K3995",".ai/architecture/rules.md","fm"
"K3996",".ai/architecture/rules.md","fm"
"K3997",".ai/architecture/rules.md","fm"
"K3998",".ai/architecture/rules.md","fm"
"K3999",".ai/architecture/rules.md","fm"
"K400",".ai/architecture/rules.md","fm"
"K4000",".ai/architecture/rules.md","fm"
"K4001",".ai/architecture/rules.md","fm"
"K4002",".ai/architecture/rules.md","fm"
"K4003",".ai/architecture/rules.md","fm"
"K4004",".ai/architecture/rules.md","fm"
"K4005",".ai/architecture/rules.md","fm"
"K4006",".ai/architecture/rules.md","fm"
"K4007",".ai/architecture/rules.md","fm"
"K4008",".ai/architecture/rules.md","fm"
"K4009",".ai/architecture/rules.md","fm"
"K401",".ai/architecture/rules.md","fm"
"K4010",".ai/architecture/rules.md","fm"
"K4011",".ai/architecture/rules.md","fm"
"K4012",".ai/architecture/rules.md","fm"
"K4013",".ai/architecture/rules.md","fm"
"K4014",".ai/architecture/rules.md","fm"
"K4015",".ai/architecture/rules.md","fm"
"K4016",".ai/architecture/rules.md","fm"
"K4017",".ai/architecture/rules.md","fm"
"K4018",".ai/architecture/rules.md","fm"
"K4019",".ai/architecture/rules.md","fm"
"K402",".ai/architecture/rules.md","fm"
"K4020",".ai/architecture/rules.md","fm"
"K4021",".ai/architecture/rules.md","fm"
"K4022",".ai/architecture/rules.md","fm"
"K4023",".ai/architecture/rules.md","fm"
"K4024",".ai/architecture/rules.md","fm"
"K4025",".ai/architecture/rules.md","fm"
"K4026",".ai/architecture/rules.md","fm"
"K4027",".ai/architecture/rules.md","fm"
"K4028",".ai/architecture/rules.md","fm"
"K4029",".ai/architecture/rules.md","fm"
"K403",".ai/architecture/rules.md","fm"
"K4030",".ai/architecture/rules.md","fm"
"K4031",".ai/architecture/rules.md","fm"
"K4032",".ai/architecture/rules.md","fm"
"K4033",".ai/architecture/rules.md","fm"
"K4034",".ai/architecture/rules.md","fm"
"K4035",".ai/architecture/rules.md","fm"
"K4036",".ai/architecture/rules.md","fm"
"K4037",".ai/architecture/rules.md","fm"
"K4038",".ai/architecture/rules.md","fm"
"K4039",".ai/architecture/rules.md","fm"
"K404",".ai/architecture/rules.md","fm"
"K4040",".ai/architecture/rules.md","fm"
"K4041",".ai/architecture/rules.md","fm"
"K4042",".ai/architecture/rules.md","fm"
"K4043",".ai/architecture/rules.md","fm"
"K4044",".ai/architecture/rules.md","fm"
"K4045",".ai/architecture/rules.md","fm"
"K4046",".ai/architecture/rules.md","fm"
"K4047",".ai/architecture/rules.md","fm"
"K4048",".ai/architecture/rules.md","fm"
"K4049",".ai/architecture/rules.md","fm"
"K405",".ai/architecture/rules.md","fm"
"K4050",".ai/architecture/rules.md","fm"
"K4051",".ai/architecture/rules.md","fm"
"K4052",".ai/architecture/rules.md","fm"
"K4053",".ai/architecture/rules.md","fm"
"K4054",".ai/architecture/rules.md","fm"
"K4055",".ai/architecture/rules.md","fm"
"K4056",".ai/architecture/rules.md","fm"
"K4057",".ai/architecture/rules.md","fm"
"K4058",".ai/architecture/rules.md","fm"
"K4059",".ai/architecture/rules.md","fm"
"K406",".ai/architecture/rules.md","fm"
"K4060",".ai/architecture/rules.md","fm"
"K4061",".ai/architecture/rules.md","fm"
"K4062",".ai/architecture/rules.md","fm"
"K4063",".ai/architecture/rules.md","fm"
"K4064",".ai/architecture/rules.md","fm"
"K4065",".ai/architecture/rules.md","fm"
"K4066",".ai/architecture/rules.md","fm"
"K4067",".ai/architecture/rules.md","fm"
"K4068",".ai/architecture/rules.md","fm"
"K4069",".ai/architecture/rules.md","fm"
"K407",".ai/architecture/rules.md","fm"
"K4070",".ai/architecture/rules.md","fm"
"K4071",".ai/architecture/rules.md","fm"
"K4072",".ai/architecture/rules.md","fm"
"K4073",".ai/architecture/rules.md","fm"
"K4074",".ai/architecture/rules.md","fm"
"K4075",".ai/architecture/rules.md","fm"
"K4076",".ai/architecture/rules.md","fm"
"K4077",".ai/architecture/rules.md","fm"
"K4078",".ai/architecture/rules.md","fm"
"K4079",".ai/architecture/rules.md","fm"
"K408",".ai/architecture/rules.md","fm"
"K4080",".ai/architecture/rules.md","fm"
"K4081",".ai/architecture/rules.md","fm"
"K4082",".ai/architecture/rules.md","fm"
"K4083",".ai/architecture/rules.md","fm"
"K4084",".ai/architecture/rules.md","fm"
"K4085",".ai/architecture/rules.md","fm"
"K4086",".ai/architecture/rules.md","fm"
"K4087",".ai/architecture/rules.md","fm"
"K4088",".ai/architecture/rules.md","fm"
"K4089",".ai/architecture/rules.md","fm"
"K409",".ai/architecture/rules.md","fm"
"K4090",".ai/architecture/rules.md","fm"
"K4091",".ai/architecture/rules.md","fm"
"K4092",".ai/architecture/rules.md","fm"
"K4093",".ai/architecture/rules.md","fm"
"K4094",".ai/architecture/rules.md","fm"
"K4095",".ai/architecture/rules.md","fm"
"K4096",".ai/architecture/rules.md","fm"
"K4097",".ai/architecture/rules.md","fm"
"K4098",".ai/architecture/rules.md","fm"
"K4099",".ai/architecture/rules.md","fm"
"K410",".ai/architecture/rules.md","fm"
"K4100",".ai/architecture/rules.md","fm"
"K4101",".ai/architecture/rules.md","fm"
"K4102",".ai/architecture/rules.md","fm"
"K4103",".ai/architecture/rules.md","fm"
"K4104",".ai/architecture/rules.md","fm"
"K4105",".ai/architecture/rules.md","fm"
"K4106",".ai/architecture/rules.md","fm"
"K4107",".ai/architecture/rules.md","fm"
"K4108",".ai/architecture/rules.md","fm"
"K4109",".ai/architecture/rules.md","fm"
"K411",".ai/architecture/rules.md","fm"
"K4110",".ai/architecture/rules.md","fm"
"K4111",".ai/architecture/rules.md","fm"
"K4112",".ai/architecture/rules.md","fm"
"K4113",".ai/architecture/rules.md","fm"
"K4114",".ai/architecture/rules.md","fm"
"K4115",".ai/architecture/rules.md","fm"
"K4116",".ai/architecture/rules.md","fm"
"K4117",".ai/architecture/rules.md","fm"
"K4118",".ai/architecture/rules.md","fm"
"K4119",".ai/architecture/rules.md","fm"
"K412",".ai/architecture/rules.md","fm"
"K4120",".ai/architecture/rules.md","fm"
"K4121",".ai/architecture/rules.md","fm"
"K4122",".ai/architecture/rules.md","fm"
"K4123",".ai/architecture/rules.md","fm"
"K4124",".ai/architecture/rules.md","fm"
"K4125",".ai/architecture/rules.md","fm"
"K4126",".ai/architecture/rules.md","fm"
"K4127",".ai/architecture/rules.md","fm"
"K4128",".ai/architecture/rules.md","fm"
"K4129",".ai/architecture/rules.md","fm"
"K413",".ai/architecture/rules.md","fm"
"K4130",".ai/architecture/rules.md","fm"
"K4131",".ai/architecture/rules.md","fm"
"K4132",".ai/architecture/rules.md","fm"
"K4133",".ai/architecture/rules.md","fm"
"K4134",".ai/architecture/rules.md","fm"
"K4135",".ai/architecture/rules.md","fm"
"K4136",".ai/architecture/rules.md","fm"
"K4137",".ai/architecture/rules.md","fm"
"K4138",".ai/architecture/rules.md","fm"
"K4139",".ai/architecture/rules.md","fm"
"K414",".ai/architecture/rules.md","fm"
"K4140",".ai/architecture/rules.md","fm"
"K4141",".ai/architecture/rules.md","fm"
"K4142",".ai/architecture/rules.md","fm"
"K4143",".ai/architecture/rules.md","fm"
"K4144",".ai/architecture/rules.md","fm"
"K4145",".ai/architecture/rules.md","fm"
"K4146",".ai/architecture/rules.md","fm"
"K4147",".ai/architecture/rules.md","fm"
"K4148",".ai/architecture/rules.md","fm"
"K4149",".ai/architecture/rules.md","fm"
"K415",".ai/architecture/rules.md","fm"
"K4150",".ai/architecture/rules.md","fm"
"K4151",".ai/architecture/rules.md","fm"
"K4152",".ai/architecture/rules.md","fm"
"K4153",".ai/architecture/rules.md","fm"
"K4154",".ai/architecture/rules.md","fm"
"K4155",".ai/architecture/rules.md","fm"
"K4156",".ai/architecture/rules.md","fm"
"K4157",".ai/architecture/rules.md","fm"
"K4158",".ai/architecture/rules.md","fm"
"K4159",".ai/architecture/rules.md","fm"
"K416",".ai/architecture/rules.md","fm"
"K4160",".ai/architecture/rules.md","fm"
"K4161",".ai/architecture/rules.md","fm"
"K4162",".ai/architecture/rules.md","fm"
"K4163",".ai/architecture/rules.md","fm"
"K4164",".ai/architecture/rules.md","fm"
"K4165",".ai/architecture/rules.md","fm"
"K4166",".ai/architecture/rules.md","fm"
"K4167",".ai/architecture/rules.md","fm"
"K4168",".ai/architecture/rules.md","fm"
"K4169",".ai/architecture/rules.md","fm"
"K417",".ai/architecture/rules.md","fm"
"K4170",".ai/architecture/rules.md","fm"
"K4171",".ai/architecture/rules.md","fm"
"K4172",".ai/architecture/rules.md","fm"
"K4173",".ai/architecture/rules.md","fm"
"K4174",".ai/architecture/rules.md","fm"
"K4175",".ai/architecture/rules.md","fm"
"K4176",".ai/architecture/rules.md","fm"
"K4177",".ai/architecture/rules.md","fm"
"K4178",".ai/architecture/rules.md","fm"
"K4179",".ai/architecture/rules.md","fm"
"K418",".ai/architecture/rules.md","fm"
"K4180",".ai/architecture/rules.md","fm"
"K4181",".ai/architecture/rules.md","fm"
"K4182",".ai/architecture/rules.md","fm"
"K4183",".ai/architecture/rules.md","fm"
"K4184",".ai/architecture/rules.md","fm"
"K4185",".ai/architecture/rules.md","fm"
"K4186",".ai/architecture/rules.md","fm"
"K4187",".ai/architecture/rules.md","fm"
"K4188",".ai/architecture/rules.md","fm"
"K4189",".ai/architecture/rules.md","fm"
"K419",".ai/architecture/rules.md","fm"
"K4190",".ai/architecture/rules.md","fm"
"K4191",".ai/architecture/rules.md","fm"
"K4192",".ai/architecture/rules.md","fm"
"K4193",".ai/architecture/rules.md","fm"
"K4194",".ai/architecture/rules.md","fm"
"K4195",".ai/architecture/rules.md","fm"
"K4196",".ai/architecture/rules.md","fm"
"K4197",".ai/architecture/rules.md","fm"
"K4198",".ai/architecture/rules.md","fm"
"K4199",".ai/architecture/rules.md","fm"
"K420",".ai/architecture/rules.md","fm"
"K4200",".ai/architecture/rules.md","fm"
"K4201",".ai/architecture/rules.md","fm"
"K4202",".ai/architecture/rules.md","fm"
"K4203",".ai/architecture/rules.md","fm"
"K4204",".ai/architecture/rules.md","fm"
"K4205",".ai/architecture/rules.md","fm"
"K4206",".ai/architecture/rules.md","fm"
"K4207",".ai/architecture/rules.md","fm"
"K4208",".ai/architecture/rules.md","fm"
"K4209",".ai/architecture/rules.md","fm"
"K421",".ai/architecture/rules.md","fm"
"K4210",".ai/architecture/rules.md","fm"
"K4211",".ai/architecture/rules.md","fm"
"K4212",".ai/architecture/rules.md","fm"
"K4213",".ai/architecture/rules.md","fm"
"K4214",".ai/architecture/rules.md","fm"
"K4215",".ai/architecture/rules.md","fm"
"K4216",".ai/architecture/rules.md","fm"
"K4217",".ai/architecture/rules.md","fm"
"K4218",".ai/architecture/rules.md","fm"
"K4219",".ai/architecture/rules.md","fm"
"K422",".ai/architecture/rules.md","fm"
"K4220",".ai/architecture/rules.md","fm"
"K4221",".ai/architecture/rules.md","fm"
"K4222",".ai/architecture/rules.md","fm"
"K4223",".ai/architecture/rules.md","fm"
"K4224",".ai/architecture/rules.md","fm"
"K4225",".ai/architecture/rules.md","fm"
"K4226",".ai/architecture/rules.md","fm"
"K4227",".ai/architecture/rules.md","fm"
"K4228",".ai/architecture/rules.md","fm"
"K4229",".ai/architecture/rules.md","fm"
"K423",".ai/architecture/rules.md","fm"
"K4230",".ai/architecture/rules.md","fm"
"K4231",".ai/architecture/rules.md","fm"
"K4232",".ai/architecture/rules.md","fm"
"K4233",".ai/architecture/rules.md","fm"
"K4234",".ai/architecture/rules.md","fm"
"K4235",".ai/architecture/rules.md","fm"
"K4236",".ai/architecture/rules.md","fm"
"K4237",".ai/architecture/rules.md","fm"
"K4238",".ai/architecture/rules.md","fm"
"K4239",".ai/architecture/rules.md","fm"
"K424",".ai/architecture/rules.md","fm"
"K4240",".ai/architecture/rules.md","fm"
"K4241",".ai/architecture/rules.md","fm"
"K4242",".ai/architecture/rules.md","fm"
"K4243",".ai/architecture/rules.md","fm"
"K4244",".ai/architecture/rules.md","fm"
"K4245",".ai/architecture/rules.md","fm"
"K4246",".ai/architecture/rules.md","fm"
"K4247",".ai/architecture/rules.md","fm"
"K4248",".ai/architecture/rules.md","fm"
"K4249",".ai/architecture/rules.md","fm"
"K425",".ai/architecture/rules.md","fm"
"K4250",".ai/architecture/rules.md","fm"
"K4251",".ai/architecture/rules.md","fm"
"K4252",".ai/architecture/rules.md","fm"
"K4253",".ai/architecture/rules.md","fm"
"K4254",".ai/architecture/rules.md","fm"
"K4255",".ai/architecture/rules.md","fm"
"K4256",".ai/architecture/rules.md","fm"
"K4257",".ai/architecture/rules.md","fm"
"K4258",".ai/architecture/rules.md","fm"
"K4259",".ai/architecture/rules.md","fm"
"K426",".ai/architecture/rules.md","fm"
"K4260",".ai/architecture/rules.md","fm"
"K4261",".ai/architecture/rules.md","fm"
"K4262",".ai/architecture/rules.md","fm"
"K4263",".ai/architecture/rules.md","fm"
"K4264",".ai/architecture/rules.md","fm"
"K4265",".ai/architecture/rules.md","fm"
"K4266",".ai/architecture/rules.md","fm"
"K4267",".ai/architecture/rules.md","fm"
"K4268",".ai/architecture/rules.md","fm"
"K4269",".ai/architecture/rules.md","fm"
"K427",".ai/architecture/rules.md","fm"
"K4270",".ai/architecture/rules.md","fm"
"K4271",".ai/architecture/rules.md","fm"
"K4272",".ai/architecture/rules.md","fm"
"K4273",".ai/architecture/rules.md","fm"
"K4274",".ai/architecture/rules.md","fm"
"K4275",".ai/architecture/rules.md","fm"
"K4276",".ai/architecture/rules.md","fm"
"K4277",".ai/architecture/rules.md","fm"
"K4278",".ai/architecture/rules.md","fm"
"K4279",".ai/architecture/rules.md","fm"
"K428",".ai/architecture/rules.md","fm"
"K4280",".ai/architecture/rules.md","fm"
"K4281",".ai/architecture/rules.md","fm"
"K4282",".ai/architecture/rules.md","fm"
"K4283",".ai/architecture/rules.md","fm"
"K4284",".ai/architecture/rules.md","fm"
"K4285",".ai/architecture/rules.md","fm"
"K4286",".ai/architecture/rules.md","fm"
"K4287",".ai/architecture/rules.md","fm"
"K4288",".ai/architecture/rules.md","fm"
"K4289",".ai/architecture/rules.md","fm"
"K429",".ai/architecture/rules.md","fm"
"K4290",".ai/architecture/rules.md","fm"
"K4291",".ai/architecture/rules.md","fm"
"K4292",".ai/architecture/rules.md","fm"
"K4293",".ai/architecture/rules.md","fm"
"K4294",".ai/architecture/rules.md","fm"
"K4295",".ai/architecture/rules.md","fm"
"K4296",".ai/architecture/rules.md","fm"
"K4297",".ai/architecture/rules.md","fm"
"K4298",".ai/architecture/rules.md","fm"
"K4299",".ai/architecture/rules.md","fm"
"K430",".ai/architecture/rules.md","fm"
"K4300",".ai/architecture/rules.md","fm"
"K4301",".ai/architecture/rules.md","fm"
"K4302",".ai/architecture/rules.md","fm"
"K4303",".ai/architecture/rules.md","fm"
"K4304",".ai/architecture/rules.md","fm"
"K4305",".ai/architecture/rules.md","fm"
"K4306",".ai/architecture/rules.md","fm"
"K4307",".ai/architecture/rules.md","fm"
"K4308",".ai/architecture/rules.md","fm"
"K4309",".ai/architecture/rules.md","fm"
"K431",".ai/architecture/rules.md","fm"
"K4310",".ai/architecture/rules.md","fm"
"K4311",".ai/architecture/rules.md","fm"
"K4312",".ai/architecture/rules.md","fm"
"K4313",".ai/architecture/rules.md","fm"
"K4314",".ai/architecture/rules.md","fm"
"K4315",".ai/architecture/rules.md","fm"
"K4316",".ai/architecture/rules.md","fm"
"K4317",".ai/architecture/rules.md","fm"
"K4318",".ai/architecture/rules.md","fm"
"K4319",".ai/architecture/rules.md","fm"
"K432",".ai/architecture/rules.md","fm"
"K4320",".ai/architecture/rules.md","fm"
"K4321",".ai/architecture/rules.md","fm"
"K4322",".ai/architecture/rules.md","fm"
"K4323",".ai/architecture/rules.md","fm"
"K4324",".ai/architecture/rules.md","fm"
"K4325",".ai/architecture/rules.md","fm"
"K4326",".ai/architecture/rules.md","fm"
"K4327",".ai/architecture/rules.md","fm"
"K4328",".ai/architecture/rules.md","fm"
"K4329",".ai/architecture/rules.md","fm"
"K433",".ai/architecture/rules.md","fm"
"K4330",".ai/architecture/rules.md","fm"
"K4331",".ai/architecture/rules.md","fm"
"K4332",".ai/architecture/rules.md","fm"
"K4333",".ai/architecture/rules.md","fm"
"K4334",".ai/architecture/rules.md","fm"
"K4335",".ai/architecture/rules.md","fm"
"K4336",".ai/architecture/rules.md","fm"
"K4337",".ai/architecture/rules.md","fm"
"K4338",".ai/architecture/rules.md","fm"
"K4339",".ai/architecture/rules.md","fm"
"K434",".ai/architecture/rules.md","fm"
"K4340",".ai/architecture/rules.md","fm"
"K4341",".ai/architecture/rules.md","fm"
"K4342",".ai/architecture/rules.md","fm"
"K4343",".ai/architecture/rules.md","fm"
"K4344",".ai/architecture/rules.md","fm"
"K4345",".ai/architecture/rules.md","fm"
"K4346",".ai/architecture/rules.md","fm"
"K4347",".ai/architecture/rules.md","fm"
"K4348",".ai/architecture/rules.md","fm"
"K4349",".ai/architecture/rules.md","fm"
"K435",".ai/architecture/rules.md","fm"
"K4350",".ai/architecture/rules.md","fm"
"K4351",".ai/architecture/rules.md","fm"
"K4352",".ai/architecture/rules.md","fm"
"K4353",".ai/architecture/rules.md","fm"
"K4354",".ai/architecture/rules.md","fm"
"K4355",".ai/architecture/rules.md","fm"
"K4356",".ai/architecture/rules.md","fm"
"K4357",".ai/architecture/rules.md","fm"
"K4358",".ai/architecture/rules.md","fm"
"K4359",".ai/architecture/rules.md","fm"
"K436",".ai/architecture/rules.md","fm"
"K4360",".ai/architecture/rules.md","fm"
"K4361",".ai/architecture/rules.md","fm"
"K4362",".ai/architecture/rules.md","fm"
"K4363",".ai/architecture/rules.md","fm"
"K4364",".ai/architecture/rules.md","fm"
"K4365",".ai/architecture/rules.md","fm"
"K4366",".ai/architecture/rules.md","fm"
"K4367",".ai/architecture/rules.md","fm"
"K4368",".ai/architecture/rules.md","fm"
"K4369",".ai/architecture/rules.md","fm"
"K437",".ai/architecture/rules.md","fm"
"K4370",".ai/architecture/rules.md","fm"
"K4371",".ai/architecture/rules.md","fm"
"K4372",".ai/architecture/rules.md","fm"
"K4373",".ai/architecture/rules.md","fm"
"K4374",".ai/architecture/rules.md","fm"
"K4375",".ai/architecture/rules.md","fm"
"K4376",".ai/architecture/rules.md","fm"
"K4377",".ai/architecture/rules.md","fm"
"K4378",".ai/architecture/rules.md","fm"
"K4379",".ai/architecture/rules.md","fm"
"K438",".ai/architecture/rules.md","fm"
"K4380",".ai/architecture/rules.md","fm"
"K4381",".ai/architecture/rules.md","fm"
"K4382",".ai/architecture/rules.md","fm"
"K4383",".ai/architecture/rules.md","fm"
"K4384",".ai/architecture/rules.md","fm"
"K4385",".ai/architecture/rules.md","fm"
"K4386",".ai/architecture/rules.md","fm"
"K4387",".ai/architecture/rules.md","fm"
"K4388",".ai/architecture/rules.md","fm"
"K4389",".ai/architecture/rules.md","fm"
"K439",".ai/architecture/rules.md","fm"
"K4390",".ai/architecture/rules.md","fm"
"K4391",".ai/architecture/rules.md","fm"
"K4392",".ai/architecture/rules.md","fm"
"K4393",".ai/architecture/rules.md","fm"
"K4394",".ai/architecture/rules.md","fm"
"K4395",".ai/architecture/rules.md","fm"
"K4396",".ai/architecture/rules.md","fm"
"K4397",".ai/architecture/rules.md","fm"
"K4398",".ai/architecture/rules.md","fm"
"K4399",".ai/architecture/rules.md","fm"
"K440",".ai/architecture/rules.md","fm"
"K4400",".ai/architecture/rules.md","fm"
"K4401",".ai/architecture/rules.md","fm"
"K4402",".ai/architecture/rules.md","fm"
"K4403",".ai/architecture/rules.md","fm"
"K4404",".ai/architecture/rules.md","fm"
"K4405",".ai/architecture/rules.md","fm"
"K4406",".ai/architecture/rules.md","fm"
"K4407",".ai/architecture/rules.md","fm"
"K4408",".ai/architecture/rules.md","fm"
"K4409",".ai/architecture/rules.md","fm"
"K441",".ai/architecture/rules.md","fm"
"K4410",".ai/architecture/rules.md","fm"
"K4411",".ai/architecture/rules.md","fm"
"K4412",".ai/architecture/rules.md","fm"
"K4413",".ai/architecture/rules.md","fm"
"K4414",".ai/architecture/rules.md","fm"
"K4415",".ai/architecture/rules.md","fm"
"K4416",".ai/architecture/rules.md","fm"
"K4417",".ai/architecture/rules.md","fm"
"K4418",".ai/architecture/rules.md","fm"
"K4419",".ai/architecture/rules.md","fm"
"K442",".ai/architecture/rules.md","fm"
"K4420",".ai/architecture/rules.md","fm"
"K4421",".ai/architecture/rules.md","fm"
"K4422",".ai/architecture/rules.md","fm"
"K4423",".ai/architecture/rules.md","fm"
"K4424",".ai/architecture/rules.md","fm"
"K4425",".ai/architecture/rules.md","fm"
"K4426",".ai/architecture/rules.md","fm"
"K4427",".ai/architecture/rules.md","fm"
"K4428",".ai/architecture/rules.md","fm"
"K4429",".ai/architecture/rules.md","fm"
"K443",".ai/architecture/rules.md","fm"
"K4430",".ai/architecture/rules.md","fm"
"K4431",".ai/architecture/rules.md","fm"
"K4432",".ai/architecture/rules.md","fm"
"K4433",".ai/architecture/rules.md","fm"
"K4434",".ai/architecture/rules.md","fm"
"K4435",".ai/architecture/rules.md","fm"
"K4436",".ai/architecture/rules.md","fm"
"K4437",".ai/architecture/rules.md","fm"
"K4438",".ai/architecture/rules.md","fm"
"K4439",".ai/architecture/rules.md","fm"
"K444",".ai/architecture/rules.md","fm"
"K4440",".ai/architecture/rules.md","fm"
"K4441",".ai/architecture/rules.md","fm"
"K4442",".ai/architecture/rules.md","fm"
"K4443",".ai/architecture/rules.md","fm"
"K4444",".ai/architecture/rules.md","fm"
"K4445",".ai/architecture/rules.md","fm"
"K4446",".ai/architecture/rules.md","fm"
"K4447",".ai/architecture/rules.md","fm"
"K4448",".ai/architecture/rules.md","fm"
"K4449",".ai/architecture/rules.md","fm"
"K445",".ai/architecture/rules.md","fm"
"K4450",".ai/architecture/rules.md","fm"
"K4451",".ai/architecture/rules.md","fm"
"K4452",".ai/architecture/rules.md","fm"
"K4453",".ai/architecture/rules.md","fm"
"K4454",".ai/architecture/rules.md","fm"
"K4455",".ai/architecture/rules.md","fm"
"K4456",".ai/architecture/rules.md","fm"
"K4457",".ai/architecture/rules.md","fm"
"K4458",".ai/architecture/rules.md","fm"
"K4459",".ai/architecture/rules.md","fm"
"K446",".ai/architecture/rules.md","fm"
"K4460",".ai/architecture/rules.md","fm"
"K4461",".ai/architecture/rules.md","fm"
"K4462",".ai/architecture/rules.md","fm"
"K4463",".ai/architecture/rules.md","fm"
"K4464",".ai/architecture/rules.md","fm"
"K4465",".ai/architecture/rules.md","fm"
"K4466",".ai/architecture/rules.md","fm"
"K4467",".ai/architecture/rules.md","fm"
"K4468",".ai/architecture/rules.md","fm"
"K4469",".ai/architecture/rules.md","fm"
"K447",".ai/architecture/rules.md","fm"
"K4470",".ai/architecture/rules.md","fm"
"K4471",".ai/architecture/rules.md","fm"
"K4472",".ai/architecture/rules.md","fm"
"K4473",".ai/architecture/rules.md","fm"
"K4474",".ai/architecture/rules.md","fm"
"K4475",".ai/architecture/rules.md","fm"
"K4476",".ai/architecture/rules.md","fm"
"K4477",".ai/architecture/rules.md","fm"
"K4478",".ai/architecture/rules.md","fm"
"K4479",".ai/architecture/rules.md","fm"
"K448",".ai/architecture/rules.md","fm"
"K4480",".ai/architecture/rules.md","fm"
"K4481",".ai/architecture/rules.md","fm"
"K4482",".ai/architecture/rules.md","fm"
"K4483",".ai/architecture/rules.md","fm"
"K4484",".ai/architecture/rules.md","fm"
"K4485",".ai/architecture/rules.md","fm"
"K4486",".ai/architecture/rules.md","fm"
"K4487",".ai/architecture/rules.md","fm"
"K4488",".ai/architecture/rules.md","fm"
"K4489",".ai/architecture/rules.md","fm"
"K449",".ai/architecture/rules.md","fm"
"K4490",".ai/architecture/rules.md","fm"
"K4491",".ai/architecture/rules.md","fm"
"K4492",".ai/architecture/rules.md","fm"
"K4493",".ai/architecture/rules.md","fm"
"K4494",".ai/architecture/rules.md","fm"
"K4495",".ai/architecture/rules.md","fm"
"K4496",".ai/architecture/rules.md","fm"
"K4497",".ai/architecture/rules.md","fm"
"K4498",".ai/architecture/rules.md","fm"
"K4499",".ai/architecture/rules.md","fm"
"K450",".ai/architecture/rules.md","fm"
"K4500",".ai/architecture/rules.md","fm"
"K4501",".ai/architecture/rules.md","fm"
"K4502",".ai/architecture/rules.md","fm"
"K4503",".ai/architecture/rules.md","fm"
"K4504",".ai/architecture/rules.md","fm"
"K4505",".ai/architecture/rules.md","fm"
"K4506",".ai/architecture/rules.md","fm"
"K4507",".ai/architecture/rules.md","fm"
"K4508",".ai/architecture/rules.md","fm"
"K4509",".ai/architecture/rules.md","fm"
"K451",".ai/architecture/rules.md","fm"
"K4510",".ai/architecture/rules.md","fm"
"K4511",".ai/architecture/rules.md","fm"
"K4512",".ai/architecture/rules.md","fm"
"K4513",".ai/architecture/rules.md","fm"
"K4514",".ai/architecture/rules.md","fm"
"K4515",".ai/architecture/rules.md","fm"
"K4516",".ai/architecture/rules.md","fm"
"K4517",".ai/architecture/rules.md","fm"
"K4518",".ai/architecture/rules.md","fm"
"K4519",".ai/architecture/rules.md","fm"
"K452",".ai/architecture/rules.md","fm"
"K4520",".ai/architecture/rules.md","fm"
"K4521",".ai/architecture/rules.md","fm"
"K4522",".ai/architecture/rules.md","fm"
"K4523",".ai/architecture/rules.md","fm"
"K4524",".ai/architecture/rules.md","fm"
"K4525",".ai/architecture/rules.md","fm"
"K4526",".ai/architecture/rules.md","fm"
"K4527",".ai/architecture/rules.md","fm"
"K4528",".ai/architecture/rules.md","fm"
"K4529",".ai/architecture/rules.md","fm"
"K453",".ai/architecture/rules.md","fm"
"K4530",".ai/architecture/rules.md","fm"
"K4531",".ai/architecture/rules.md","fm"
"K4532",".ai/architecture/rules.md","fm"
"K4533",".ai/architecture/rules.md","fm"
"K4534",".ai/architecture/rules.md","fm"
"K4535",".ai/architecture/rules.md","fm"
"K4536",".ai/architecture/rules.md","fm"
"K4537",".ai/architecture/rules.md","fm"
"K4538",".ai/architecture/rules.md","fm"
"K4539",".ai/architecture/rules.md","fm"
"K454",".ai/architecture/rules.md","fm"
"K4540",".ai/architecture/rules.md","fm"
"K4541",".ai/architecture/rules.md","fm"
"K4542",".ai/architecture/rules.md","fm"
"K4543",".ai/architecture/rules.md","fm"
"K4544",".ai/architecture/rules.md","fm"
"K4545",".ai/architecture/rules.md","fm"
"K4546",".ai/architecture/rules.md","fm"
"K4547",".ai/architecture/rules.md","fm"
"K4548",".ai/architecture/rules.md","fm"
"K4549",".ai/architecture/rules.md","fm"
"K455",".ai/architecture/rules.md","fm"
"K4550",".ai/architecture/rules.md","fm"
"K4551",".ai/architecture/rules.md","fm"
"K4552",".ai/architecture/rules.md","fm"
"K4553",".ai/architecture/rules.md","fm"
"K4554",".ai/architecture/rules.md","fm"
"K4555",".ai/architecture/rules.md","fm"
"K4556",".ai/architecture/rules.md","fm"
"K4557",".ai/architecture/rules.md","fm"
"K4558",".ai/architecture/rules.md","fm"
"K4559",".ai/architecture/rules.md","fm"
"K456",".ai/architecture/rules.md","fm"
"K4560",".ai/architecture/rules.md","fm"
"K4561",".ai/architecture/rules.md","fm"
"K4562",".ai/architecture/rules.md","fm"
"K4563",".ai/architecture/rules.md","fm"
"K4564",".ai/architecture/rules.md","fm"
"K4565",".ai/architecture/rules.md","fm"
"K4566",".ai/architecture/rules.md","fm"
"K4567",".ai/architecture/rules.md","fm"
"K4568",".ai/architecture/rules.md","fm"
"K4569",".ai/architecture/rules.md","fm"
"K457",".ai/architecture/rules.md","fm"
"K4570",".ai/architecture/rules.md","fm"
"K4571",".ai/architecture/rules.md","fm"
"K4572",".ai/architecture/rules.md","fm"
"K4573",".ai/architecture/rules.md","fm"
"K4574",".ai/architecture/rules.md","fm"
"K4575",".ai/architecture/rules.md","fm"
"K4576",".ai/architecture/rules.md","fm"
"K4577",".ai/architecture/rules.md","fm"
"K4578",".ai/architecture/rules.md","fm"
"K4579",".ai/architecture/rules.md","fm"
"K458",".ai/architecture/rules.md","fm"
"K4580",".ai/architecture/rules.md","fm"
"K4581",".ai/architecture/rules.md","fm"
"K4582",".ai/architecture/rules.md","fm"
"K4583",".ai/architecture/rules.md","fm"
"K4584",".ai/architecture/rules.md","fm"
"K4585",".ai/architecture/rules.md","fm"
"K4586",".ai/architecture/rules.md","fm"
"K4587",".ai/architecture/rules.md","fm"
"K4588",".ai/architecture/rules.md","fm"
"K4589",".ai/architecture/rules.md","fm"
"K459",".ai/architecture/rules.md","fm"
"K4590",".ai/architecture/rules.md","fm"
"K4591",".ai/architecture/rules.md","fm"
"K4592",".ai/architecture/rules.md","fm"
"K4593",".ai/architecture/rules.md","fm"
"K4594",".ai/architecture/rules.md","fm"
"K4595",".ai/architecture/rules.md","fm"
"K4596",".ai/architecture/rules.md","fm"
"K4597",".ai/architecture/rules.md","fm"
"K4598",".ai/architecture/rules.md","fm"
"K4599",".ai/architecture/rules.md","fm"
"K460",".ai/architecture/rules.md","fm"
"K4600",".ai/architecture/rules.md","fm"
"K4601",".ai/architecture/rules.md","fm"
"K4602",".ai/architecture/rules.md","fm"
"K4603",".ai/architecture/rules.md","fm"
"K4604",".ai/architecture/rules.md","fm"
"K4605",".ai/architecture/rules.md","fm"
"K4606",".ai/architecture/rules.md","fm"
"K4607",".ai/architecture/rules.md","fm"
"K4608",".ai/architecture/rules.md","fm"
"K4609",".ai/architecture/rules.md","fm"
"K461",".ai/architecture/rules.md","fm"
"K4610",".ai/architecture/rules.md","fm"
"K4611",".ai/architecture/rules.md","fm"
"K4612",".ai/architecture/rules.md","fm"
"K4613",".ai/architecture/rules.md","fm"
"K4614",".ai/architecture/rules.md","fm"
"K4615",".ai/architecture/rules.md","fm"
"K4616",".ai/architecture/rules.md","fm"
"K4617",".ai/architecture/rules.md","fm"
"K4618",".ai/architecture/rules.md","fm"
"K4619",".ai/architecture/rules.md","fm"
"K462",".ai/architecture/rules.md","fm"
"K4620",".ai/architecture/rules.md","fm"
"K4621",".ai/architecture/rules.md","fm"
"K4622",".ai/architecture/rules.md","fm"
"K4623",".ai/architecture/rules.md","fm"
"K4624",".ai/architecture/rules.md","fm"
"K4625",".ai/architecture/rules.md","fm"
"K4626",".ai/architecture/rules.md","fm"
"K4627",".ai/architecture/rules.md","fm"
"K4628",".ai/architecture/rules.md","fm"
"K4629",".ai/architecture/rules.md","fm"
"K463",".ai/architecture/rules.md","fm"
"K4630",".ai/architecture/rules.md","fm"
"K4631",".ai/architecture/rules.md","fm"
"K4632",".ai/architecture/rules.md","fm"
"K4633",".ai/architecture/rules.md","fm"
"K4634",".ai/architecture/rules.md","fm"
"K4635",".ai/architecture/rules.md","fm"
"K4636",".ai/architecture/rules.md","fm"
"K4637",".ai/architecture/rules.md","fm"
"K4638",".ai/architecture/rules.md","fm"
"K4639",".ai/architecture/rules.md","fm"
"K464",".ai/architecture/rules.md","fm"
"K4640",".ai/architecture/rules.md","fm"
"K4641",".ai/architecture/rules.md","fm"
"K4642",".ai/architecture/rules.md","fm"
"K4643",".ai/architecture/rules.md","fm"
"K4644",".ai/architecture/rules.md","fm"
"K4645",".ai/architecture/rules.md","fm"
"K4646",".ai/architecture/rules.md","fm"
"K4647",".ai/architecture/rules.md","fm"
"K4648",".ai/architecture/rules.md","fm"
"K4649",".ai/architecture/rules.md","fm"
"K465",".ai/architecture/rules.md","fm"
"K4650",".ai/architecture/rules.md","fm"
"K4651",".ai/architecture/rules.md","fm"
"K4652",".ai/architecture/rules.md","fm"
"K4653",".ai/architecture/rules.md","fm"
"K4654",".ai/architecture/rules.md","fm"
"K4655",".ai/architecture/rules.md","fm"
"K4656",".ai/architecture/rules.md","fm"
"K4657",".ai/architecture/rules.md","fm"
"K4658",".ai/architecture/rules.md","fm"
"K4659",".ai/architecture/rules.md","fm"
"K466",".ai/architecture/rules.md","fm"
"K4660",".ai/architecture/rules.md","fm"
"K4661",".ai/architecture/rules.md","fm"
"K4662",".ai/architecture/rules.md","fm"
"K4663",".ai/architecture/rules.md","fm"
"K4664",".ai/architecture/rules.md","fm"
"K4665",".ai/architecture/rules.md","fm"
"K4666",".ai/architecture/rules.md","fm"
"K4667",".ai/architecture/rules.md","fm"
"K4668",".ai/architecture/rules.md","fm"
"K4669",".ai/architecture/rules.md","fm"
"K467",".ai/architecture/rules.md","fm"
"K4670",".ai/architecture/rules.md","fm"
"K4671",".ai/architecture/rules.md","fm"
"K4672",".ai/architecture/rules.md","fm"
"K4673",".ai/architecture/rules.md","fm"
"K4674",".ai/architecture/rules.md","fm"
"K4675",".ai/architecture/rules.md","fm"
"K4676",".ai/architecture/rules.md","fm"
"K4677",".ai/architecture/rules.md","fm"
"K4678",".ai/architecture/rules.md","fm"
"K4679",".ai/architecture/rules.md","fm"
"K468",".ai/architecture/rules.md","fm"
"K4680",".ai/architecture/rules.md","fm"
"K4681",".ai/architecture/rules.md","fm"
"K4682",".ai/architecture/rules.md","fm"
"K4683",".ai/architecture/rules.md","fm"
"K4684",".ai/architecture/rules.md","fm"
"K4685",".ai/architecture/rules.md","fm"
"K4686",".ai/architecture/rules.md","fm"
"K4687",".ai/architecture/rules.md","fm"
"K4688",".ai/architecture/rules.md","fm"
"K4689",".ai/architecture/rules.md","fm"
"K469",".ai/architecture/rules.md","fm"
"K4690",".ai/architecture/rules.md","fm"
"K4691",".ai/architecture/rules.md","fm"
"K4692",".ai/architecture/rules.md","fm"
"K4693",".ai/architecture/rules.md","fm"
"K4694",".ai/architecture/rules.md","fm"
"K4695",".ai/architecture/rules.md","fm"
"K4696",".ai/architecture/rules.md","fm"
"K4697",".ai/architecture/rules.md","fm"
"K4698",".ai/architecture/rules.md","fm"
"K4699",".ai/architecture/rules.md","fm"
"K470",".ai/architecture/rules.md","fm"
"K4700",".ai/architecture/rules.md","fm"
"K4701",".ai/architecture/rules.md","fm"
"K4702",".ai/architecture/rules.md","fm"
"K4703",".ai/architecture/rules.md","fm"
"K4704",".ai/architecture/rules.md","fm"
"K4705",".ai/architecture/rules.md","fm"
"K4706",".ai/architecture/rules.md","fm"
"K4707",".ai/architecture/rules.md","fm"
"K4708",".ai/architecture/rules.md","fm"
"K4709",".ai/architecture/rules.md","fm"
"K471",".ai/architecture/rules.md","fm"
"K4710",".ai/architecture/rules.md","fm"
"K4711",".ai/architecture/rules.md","fm"
"K4712",".ai/architecture/rules.md","fm"
"K4713",".ai/architecture/rules.md","fm"
"K4714",".ai/architecture/rules.md","fm"
"K4715",".ai/architecture/rules.md","fm"
"K4716",".ai/architecture/rules.md","fm"
"K4717",".ai/architecture/rules.md","fm"
"K4718",".ai/architecture/rules.md","fm"
"K4719",".ai/architecture/rules.md","fm"
"K472",".ai/architecture/rules.md","fm"
"K4720",".ai/architecture/rules.md","fm"
"K4721",".ai/architecture/rules.md","fm"
"K4722",".ai/architecture/rules.md","fm"
"K4723",".ai/architecture/rules.md","fm"
"K4724",".ai/architecture/rules.md","fm"
"K4725",".ai/architecture/rules.md","fm"
"K4726",".ai/architecture/rules.md","fm"
"K4727",".ai/architecture/rules.md","fm"
"K4728",".ai/architecture/rules.md","fm"
"K4729",".ai/architecture/rules.md","fm"
"K473",".ai/architecture/rules.md","fm"
"K4730",".ai/architecture/rules.md","fm"
"K4731",".ai/architecture/rules.md","fm"
"K4732",".ai/architecture/rules.md","fm"
"K4733",".ai/architecture/rules.md","fm"
"K4734",".ai/architecture/rules.md","fm"
"K4735",".ai/architecture/rules.md","fm"
"K4736",".ai/architecture/rules.md","fm"
"K4737",".ai/architecture/rules.md","fm"
"K4738",".ai/architecture/rules.md","fm"
"K4739",".ai/architecture/rules.md","fm"
"K474",".ai/architecture/rules.md","fm"
"K4740",".ai/architecture/rules.md","fm"
"K4741",".ai/architecture/rules.md","fm"
"K4742",".ai/architecture/rules.md","fm"
"K4743",".ai/architecture/rules.md","fm"
"K4744",".ai/architecture/rules.md","fm"
"K4745",".ai/architecture/rules.md","fm"
"K4746",".ai/architecture/rules.md","fm"
"K4747",".ai/architecture/rules.md","fm"
"K4748",".ai/architecture/rules.md","fm"
"K4749",".ai/architecture/rules.md","fm"
"K475",".ai/architecture/rules.md","fm"
"K4750",".ai/architecture/rules.md","fm"
"K4751",".ai/architecture/rules.md","fm"
"K4752",".ai/architecture/rules.md","fm"
"K4753",".ai/architecture/rules.md","fm"
"K4754",".ai/architecture/rules.md","fm"
"K4755",".ai/architecture/rules.md","fm"
"K4756",".ai/architecture/rules.md","fm"
"K4757",".ai/architecture/rules.md","fm"
"K4758",".ai/architecture/rules.md","fm"
"K4759",".ai/architecture/rules.md","fm"
"K476",".ai/architecture/rules.md","fm"
"K4760",".ai/architecture/rules.md","fm"
"K4761",".ai/architecture/rules.md","fm"
"K4762",".ai/architecture/rules.md","fm"
"K4763",".ai/architecture/rules.md","fm"
"K4764",".ai/architecture/rules.md","fm"
"K4765",".ai/architecture/rules.md","fm"
"K4766",".ai/architecture/rules.md","fm"
"K4767",".ai/architecture/rules.md","fm"
"K4768",".ai/architecture/rules.md","fm"
"K4769",".ai/architecture/rules.md","fm"
"K477",".ai/architecture/rules.md","fm"
"K4770",".ai/architecture/rules.md","fm"
"K4771",".ai/architecture/rules.md","fm"
"K4772",".ai/architecture/rules.md","fm"
"K4773",".ai/architecture/rules.md","fm"
"K4774",".ai/architecture/rules.md","fm"
"K4775",".ai/architecture/rules.md","fm"
"K4776",".ai/architecture/rules.md","fm"
"K4777",".ai/architecture/rules.md","fm"
"K4778",".ai/architecture/rules.md","fm"
"K4779",".ai/architecture/rules.md","fm"
"K478",".ai/architecture/rules.md","fm"
"K4780",".ai/architecture/rules.md","fm"
"K4781",".ai/architecture/rules.md","fm"
"K4782",".ai/architecture/rules.md","fm"
"K4783",".ai/architecture/rules.md","fm"
"K4784",".ai/architecture/rules.md","fm"
"K4785",".ai/architecture/rules.md","fm"
"K4786",".ai/architecture/rules.md","fm"
"K4787",".ai/architecture/rules.md","fm"
"K4788",".ai/architecture/rules.md","fm"
"K4789",".ai/architecture/rules.md","fm"
"K479",".ai/architecture/rules.md","fm"
"K4790",".ai/architecture/rules.md","fm"
"K4791",".ai/architecture/rules.md","fm"
"K4792",".ai/architecture/rules.md","fm"
"K4793",".ai/architecture/rules.md","fm"
"K4794",".ai/architecture/rules.md","fm"
"K4795",".ai/architecture/rules.md","fm"
"K4796",".ai/architecture/rules.md","fm"
"K4797",".ai/architecture/rules.md","fm"
"K4798",".ai/architecture/rules.md","fm"
"K4799",".ai/architecture/rules.md","fm"
"K480",".ai/architecture/rules.md","fm"
"K4800",".ai/architecture/rules.md","fm"
"K4801",".ai/architecture/rules.md","fm"
"K4802",".ai/architecture/rules.md","fm"
"K4803",".ai/architecture/rules.md","fm"
"K4804",".ai/architecture/rules.md","fm"
"K4805",".ai/architecture/rules.md","fm"
"K4806",".ai/architecture/rules.md","fm"
"K4807",".ai/architecture/rules.md","fm"
"K4808",".ai/architecture/rules.md","fm"
"K4809",".ai/architecture/rules.md","fm"
"K481",".ai/architecture/rules.md","fm"
"K4810",".ai/architecture/rules.md","fm"
"K4811",".ai/architecture/rules.md","fm"
"K4812",".ai/architecture/rules.md","fm"
"K4813",".ai/architecture/rules.md","fm"
"K4814",".ai/architecture/rules.md","fm"
"K4815",".ai/architecture/rules.md","fm"
"K4816",".ai/architecture/rules.md","fm"
"K4817",".ai/architecture/rules.md","fm"
"K4818",".ai/architecture/rules.md","fm"
"K4819",".ai/architecture/rules.md","fm"
"K482",".ai/architecture/rules.md","fm"
"K4820",".ai/architecture/rules.md","fm"
"K4821",".ai/architecture/rules.md","fm"
"K4822",".ai/architecture/rules.md","fm"
"K4823",".ai/architecture/rules.md","fm"
"K4824",".ai/architecture/rules.md","fm"
"K4825",".ai/architecture/rules.md","fm"
"K4826",".ai/architecture/rules.md","fm"
"K4827",".ai/architecture/rules.md","fm"
"K4828",".ai/architecture/rules.md","fm"
"K4829",".ai/architecture/rules.md","fm"
"K483",".ai/architecture/rules.md","fm"
"K4830",".ai/architecture/rules.md","fm"
"K4831",".ai/architecture/rules.md","fm"
"K4832",".ai/architecture/rules.md","fm"
"K4833",".ai/architecture/rules.md","fm"
"K4834",".ai/architecture/rules.md","fm"
"K4835",".ai/architecture/rules.md","fm"
"K4836",".ai/architecture/rules.md","fm"
"K4837",".ai/architecture/rules.md","fm"
"K4838",".ai/architecture/rules.md","fm"
"K4839",".ai/architecture/rules.md","fm"
"K484",".ai/architecture/rules.md","fm"
"K4840",".ai/architecture/rules.md","fm"
"K4841",".ai/architecture/rules.md","fm"
"K4842",".ai/architecture/rules.md","fm"
"K4843",".ai/architecture/rules.md","fm"
"K4844",".ai/architecture/rules.md","fm"
"K4845",".ai/architecture/rules.md","fm"
"K4846",".ai/architecture/rules.md","fm"
"K4847",".ai/architecture/rules.md","fm"
"K4848",".ai/architecture/rules.md","fm"
"K4849",".ai/architecture/rules.md","fm"
"K485",".ai/architecture/rules.md","fm"
"K4850",".ai/architecture/rules.md","fm"
"K4851",".ai/architecture/rules.md","fm"
"K4852",".ai/architecture/rules.md","fm"
"K4853",".ai/architecture/rules.md","fm"
"K4854",".ai/architecture/rules.md","fm"
"K4855",".ai/architecture/rules.md","fm"
"K4856",".ai/architecture/rules.md","fm"
"K4857",".ai/architecture/rules.md","fm"
"K4858",".ai/architecture/rules.md","fm"
"K4859",".ai/architecture/rules.md","fm"
"K486",".ai/architecture/rules.md","fm"
"K4860",".ai/architecture/rules.md","fm"
"K4861",".ai/architecture/rules.md","fm"
"K4862",".ai/architecture/rules.md","fm"
"K4863",".ai/architecture/rules.md","fm"
"K4864",".ai/architecture/rules.md","fm"
"K4865",".ai/architecture/rules.md","fm"
"K4866",".ai/architecture/rules.md","fm"
"K4867",".ai/architecture/rules.md","fm"
"K4868",".ai/architecture/rules.md","fm"
"K4869",".ai/architecture/rules.md","fm"
"K487",".ai/architecture/rules.md","fm"
"K4870",".ai/architecture/rules.md","fm"
"K4871",".ai/architecture/rules.md","fm"
"K4872",".ai/architecture/rules.md","fm"
"K4873",".ai/architecture/rules.md","fm"
"K4874",".ai/architecture/rules.md","fm"
"K4875",".ai/architecture/rules.md","fm"
"K4876",".ai/architecture/rules.md","fm"
"K4877",".ai/architecture/rules.md","fm"
"K4878",".ai/architecture/rules.md","fm"
"K4879",".ai/architecture/rules.md","fm"
"K488",".ai/architecture/rules.md","fm"
"K4880",".ai/architecture/rules.md","fm"
"K4881",".ai/architecture/rules.md","fm"
"K4882",".ai/architecture/rules.md","fm"
"K4883",".ai/architecture/rules.md","fm"
"K4884",".ai/architecture/rules.md","fm"
"K4885",".ai/architecture/rules.md","fm"
"K4886",".ai/architecture/rules.md","fm"
"K4887",".ai/architecture/rules.md","fm"
"K4888",".ai/architecture/rules.md","fm"
"K4889",".ai/architecture/rules.md","fm"
"K489",".ai/architecture/rules.md","fm"
"K4890",".ai/architecture/rules.md","fm"
"K4891",".ai/architecture/rules.md","fm"
"K4892",".ai/architecture/rules.md","fm"
"K4893",".ai/architecture/rules.md","fm"
"K4894",".ai/architecture/rules.md","fm"
"K4895",".ai/architecture/rules.md","fm"
"K4896",".ai/architecture/rules.md","fm"
"K4897",".ai/architecture/rules.md","fm"
"K4898",".ai/architecture/rules.md","fm"
"K4899",".ai/architecture/rules.md","fm"
"K490",".ai/architecture/rules.md","fm"
"K4900",".ai/architecture/rules.md","fm"
"K4901",".ai/architecture/rules.md","fm"
"K4902",".ai/architecture/rules.md","fm"
"K4903",".ai/architecture/rules.md","fm"
"K4904",".ai/architecture/rules.md","fm"
"K4905",".ai/architecture/rules.md","fm"
"K4906",".ai/architecture/rules.md","fm"
"K4907",".ai/architecture/rules.md","fm"
"K4908",".ai/architecture/rules.md","fm"
"K4909",".ai/architecture/rules.md","fm"
"K491",".ai/architecture/rules.md","fm"
"K4910",".ai/architecture/rules.md","fm"
"K4911",".ai/architecture/rules.md","fm"
"K4912",".ai/architecture/rules.md","fm"
"K4913",".ai/architecture/rules.md","fm"
"K4914",".ai/architecture/rules.md","fm"
"K4915",".ai/architecture/rules.md","fm"
"K4916",".ai/architecture/rules.md","fm"
"K4917",".ai/architecture/rules.md","fm"
"K4918",".ai/architecture/rules.md","fm"
"K4919",".ai/architecture/rules.md","fm"
"K492",".ai/architecture/rules.md","fm"
"K4920",".ai/architecture/rules.md","fm"
"K4921",".ai/architecture/rules.md","fm"
"K4922",".ai/architecture/rules.md","fm"
"K4923",".ai/architecture/rules.md","fm"
"K4924",".ai/architecture/rules.md","fm"
"K4925",".ai/architecture/rules.md","fm"
"K4926",".ai/architecture/rules.md","fm"
"K4927",".ai/architecture/rules.md","fm"
"K4928",".ai/architecture/rules.md","fm"
"K4929",".ai/architecture/rules.md","fm"
"K493",".ai/architecture/rules.md","fm"
"K4930",".ai/architecture/rules.md","fm"
"K4931",".ai/architecture/rules.md","fm"
"K4932",".ai/architecture/rules.md","fm"
"K4933",".ai/architecture/rules.md","fm"
"K4934",".ai/architecture/rules.md","fm"
"K4935",".ai/architecture/rules.md","fm"
"K4936",".ai/architecture/rules.md","fm"
"K4937",".ai/architecture/rules.md","fm"
"K4938",".ai/architecture/rules.md","fm"
"K4939",".ai/architecture/rules.md","fm"
"K494",".ai/architecture/rules.md","fm"
"K4940",".ai/architecture/rules.md","fm"
"K4941",".ai/architecture/rules.md","fm"
"K4942",".ai/architecture/rules.md","fm"
"K4943",".ai/architecture/rules.md","fm"
"K4944",".ai/architecture/rules.md","fm"
"K4945",".ai/architecture/rules.md","fm"
"K4946",".ai/architecture/rules.md","fm"
"K4947",".ai/architecture/rules.md","fm"
"K4948",".ai/architecture/rules.md","fm"
"K4949",".ai/architecture/rules.md","fm"
"K495",".ai/architecture/rules.md","fm"
"K4950",".ai/architecture/rules.md","fm"
"K4951",".ai/architecture/rules.md","fm"
"K4952",".ai/architecture/rules.md","fm"
"K4953",".ai/architecture/rules.md","fm"
"K4954",".ai/architecture/rules.md","fm"
"K4955",".ai/architecture/rules.md","fm"
"K4956",".ai/architecture/rules.md","fm"
"K4957",".ai/architecture/rules.md","fm"
"K4958",".ai/architecture/rules.md","fm"
"K4959",".ai/architecture/rules.md","fm"
"K496",".ai/architecture/rules.md","fm"
"K4960",".ai/architecture/rules.md","fm"
"K4961",".ai/architecture/rules.md","fm"
"K4962",".ai/architecture/rules.md","fm"
"K4963",".ai/architecture/rules.md","fm"
"K4964",".ai/architecture/rules.md","fm"
"K4965",".ai/architecture/rules.md","fm"
"K4966",".ai/architecture/rules.md","fm"
"K4967",".ai/architecture/rules.md","fm"
"K4968",".ai/architecture/rules.md","fm"
"K4969",".ai/architecture/rules.md","fm"
"K497",".ai/architecture/rules.md","fm"
"K4970",".ai/architecture/rules.md","fm"
"K4971",".ai/architecture/rules.md","fm"
"K4972",".ai/architecture/rules.md","fm"
"K4973",".ai/architecture/rules.md","fm"
"K4974",".ai/architecture/rules.md","fm"
"K4975",".ai/architecture/rules.md","fm"
"K4976",".ai/architecture/rules.md","fm"
"K4977",".ai/architecture/rules.md","fm"
"K4978",".ai/architecture/rules.md","fm"
"K4979",".ai/architecture/rules.md","fm"
"K498",".ai/architecture/rules.md","fm"
"K4980",".ai/architecture/rules.md","fm"
"K4981",".ai/architecture/rules.md","fm"
"K4982",".ai/architecture/rules.md","fm"
"K4983",".ai/architecture/rules.md","fm"
"K4984",".ai/architecture/rules.md","fm"
"K4985",".ai/architecture/rules.md","fm"
"K4986",".ai/architecture/rules.md","fm"
"K4987",".ai/architecture/rules.md","fm"
"K4988",".ai/architecture/rules.md","fm"
"K4989",".ai/architecture/rules.md","fm"
"K499",".ai/architecture/rules.md","fm"
"K4990",".ai/architecture/rules.md","fm"
"K4991",".ai/architecture/rules.md","fm"
"K4992",".ai/architecture/rules.md","fm"
"K4993",".ai/architecture/rules.md","fm"
"K4994",".ai/architecture/rules.md","fm"
"K4995",".ai/architecture/rules.md","fm"
"K4996",".ai/architecture/rules.md","fm"
"K4997",".ai/architecture/rules.md","fm"
"K4998",".ai/architecture/rules.md","fm"
"K4999",".ai/architecture/rules.md","fm"
"K500",".ai/architecture/rules.md","fm"
"K5000",".ai/architecture/rules.md","fm"
"K5001",".ai/architecture/rules.md","fm"
"K5002",".ai/architecture/rules.md","fm"
"K5003",".ai/architecture/rules.md","fm"
"K5004",".ai/architecture/rules.md","fm"
"K5005",".ai/architecture/rules.md","fm"
"K5006",".ai/architecture/rules.md","fm"
"K5007",".ai/architecture/rules.md","fm"
"K5008",".ai/architecture/rules.md","fm"
"K5009",".ai/architecture/rules.md","fm"
"K501",".ai/architecture/rules.md","fm"
"K5010",".ai/architecture/rules.md","fm"
"K5011",".ai/architecture/rules.md","fm"
"K5012",".ai/architecture/rules.md","fm"
"K5013",".ai/architecture/rules.md","fm"
"K5014",".ai/architecture/rules.md","fm"
"K5015",".ai/architecture/rules.md","fm"
"K5016",".ai/architecture/rules.md","fm"
"K5017",".ai/architecture/rules.md","fm"
"K5018",".ai/architecture/rules.md","fm"
"K5019",".ai/architecture/rules.md","fm"
"K502",".ai/architecture/rules.md","fm"
"K5020",".ai/architecture/rules.md","fm"
"K5021",".ai/architecture/rules.md","fm"
"K5022",".ai/architecture/rules.md","fm"
"K5023",".ai/architecture/rules.md","fm"
"K5024",".ai/architecture/rules.md","fm"
"K5025",".ai/architecture/rules.md","fm"
"K5026",".ai/architecture/rules.md","fm"
"K5027",".ai/architecture/rules.md","fm"
"K5028",".ai/architecture/rules.md","fm"
"K5029",".ai/architecture/rules.md","fm"
"K503",".ai/architecture/rules.md","fm"
"K5030",".ai/architecture/rules.md","fm"
"K5031",".ai/architecture/rules.md","fm"
"K5032",".ai/architecture/rules.md","fm"
"K5033",".ai/architecture/rules.md","fm"
"K5034",".ai/architecture/rules.md","fm"
"K5035",".ai/architecture/rules.md","fm"
"K5036",".ai/architecture/rules.md","fm"
"K5037",".ai/architecture/rules.md","fm"
"K5038",".ai/architecture/rules.md","fm"
"K5039",".ai/architecture/rules.md","fm"
"K504",".ai/architecture/rules.md","fm"
"K5040",".ai/architecture/rules.md","fm"
"K5041",".ai/architecture/rules.md","fm"
"K5042",".ai/architecture/rules.md","fm"
"K5043",".ai/architecture/rules.md","fm"
"K5044",".ai/architecture/rules.md","fm"
"K5045",".ai/architecture/rules.md","fm"
"K5046",".ai/architecture/rules.md","fm"
"K5047",".ai/architecture/rules.md","fm"
"K5048",".ai/architecture/rules.md","fm"
"K5049",".ai/architecture/rules.md","fm"
"K505",".ai/architecture/rules.md","fm"
"K5050",".ai/architecture/rules.md","fm"
"K5051",".ai/architecture/rules.md","fm"
"K5052",".ai/architecture/rules.md","fm"
"K5053",".ai/architecture/rules.md","fm"
"K5054",".ai/architecture/rules.md","fm"
"K5055",".ai/architecture/rules.md","fm"
"K5056",".ai/architecture/rules.md","fm"
"K5057",".ai/architecture/rules.md","fm"
"K5058",".ai/architecture/rules.md","fm"
"K5059",".ai/architecture/rules.md","fm"
"K506",".ai/architecture/rules.md","fm"
"K5060",".ai/architecture/rules.md","fm"
"K5061",".ai/architecture/rules.md","fm"
"K5062",".ai/architecture/rules.md","fm"
"K5063",".ai/architecture/rules.md","fm"
"K5064",".ai/architecture/rules.md","fm"
"K5065",".ai/architecture/rules.md","fm"
"K5066",".ai/architecture/rules.md","fm"
"K5067",".ai/architecture/rules.md","fm"
"K5068",".ai/architecture/rules.md","fm"
"K5069",".ai/architecture/rules.md","fm"
"K507",".ai/architecture/rules.md","fm"
"K5070",".ai/architecture/rules.md","fm"
"K5071",".ai/architecture/rules.md","fm"
"K5072",".ai/architecture/rules.md","fm"
"K5073",".ai/architecture/rules.md","fm"
"K5074",".ai/architecture/rules.md","fm"
"K5075",".ai/architecture/rules.md","fm"
"K5076",".ai/architecture/rules.md","fm"
"K5077",".ai/architecture/rules.md","fm"
"K5078",".ai/architecture/rules.md","fm"
"K5079",".ai/architecture/rules.md","fm"
"K508",".ai/architecture/rules.md","fm"
"K5080",".ai/architecture/rules.md","fm"
"K5081",".ai/architecture/rules.md","fm"
"K5082",".ai/architecture/rules.md","fm"
"K5083",".ai/architecture/rules.md","fm"
"K5084",".ai/architecture/rules.md","fm"
"K5085",".ai/architecture/rules.md","fm"
"K5086",".ai/architecture/rules.md","fm"
"K5087",".ai/architecture/rules.md","fm"
"K5088",".ai/architecture/rules.md","fm"
"K5089",".ai/architecture/rules.md","fm"
"K509",".ai/architecture/rules.md","fm"
"K5090",".ai/architecture/rules.md","fm"
"K5091",".ai/architecture/rules.md","fm"
"K5092",".ai/architecture/rules.md","fm"
"K5093",".ai/architecture/rules.md","fm"
"K5094",".ai/architecture/rules.md","fm"
"K5095",".ai/architecture/rules.md","fm"
"K5096",".ai/architecture/rules.md","fm"
"K5097",".ai/architecture/rules.md","fm"
"K5098",".ai/architecture/rules.md","fm"
"K5099",".ai/architecture/rules.md","fm"
"K510",".ai/architecture/rules.md","fm"
"K5100",".ai/architecture/rules.md","fm"
"K5101",".ai/architecture/rules.md","fm"
"K5102",".ai/architecture/rules.md","fm"
"K5103",".ai/architecture/rules.md","fm"
"K5104",".ai/architecture/rules.md","fm"
"K5105",".ai/architecture/rules.md","fm"
"K5106",".ai/architecture/rules.md","fm"
"K5107",".ai/architecture/rules.md","fm"
"K5108",".ai/architecture/rules.md","fm"
"K5109",".ai/architecture/rules.md","fm"
"K511",".ai/architecture/rules.md","fm"
"K5110",".ai/architecture/rules.md","fm"
"K5111",".ai/architecture/rules.md","fm"
"K5112",".ai/architecture/rules.md","fm"
"K5113",".ai/architecture/rules.md","fm"
"K5114",".ai/architecture/rules.md","fm"
"K5115",".ai/architecture/rules.md","fm"
"K5116",".ai/architecture/rules.md","fm"
"K5117",".ai/architecture/rules.md","fm"
"K5118",".ai/architecture/rules.md","fm"
"K5119",".ai/architecture/rules.md","fm"
"K512",".ai/architecture/rules.md","fm"
"K5120",".ai/architecture/rules.md","fm"
"K5121",".ai/architecture/rules.md","fm"
"K5122",".ai/architecture/rules.md","fm"
"K5123",".ai/architecture/rules.md","fm"
"K5124",".ai/architecture/rules.md","fm"
"K5125",".ai/architecture/rules.md","fm"
"K5126",".ai/architecture/rules.md","fm"
"K5127",".ai/architecture/rules.md","fm"
"K5128",".ai/architecture/rules.md","fm"
"K5129",".ai/architecture/rules.md","fm"
"K513",".ai/architecture/rules.md","fm"
"K5130",".ai/architecture/rules.md","fm"
"K5131",".ai/architecture/rules.md","fm"
"K5132",".ai/architecture/rules.md","fm"
"K5133",".ai/architecture/rules.md","fm"
"K5134",".ai/architecture/rules.md","fm"
"K5135",".ai/architecture/rules.md","fm"
"K5136",".ai/architecture/rules.md","fm"
"K5137",".ai/architecture/rules.md","fm"
"K5138",".ai/architecture/rules.md","fm"
"K5139",".ai/architecture/rules.md","fm"
"K514",".ai/architecture/rules.md","fm"
"K5140",".ai/architecture/rules.md","fm"
"K515",".ai/architecture/rules.md","fm"
"K516",".ai/architecture/rules.md","fm"
"K517",".ai/architecture/rules.md","fm"
"K518",".ai/architecture/rules.md","fm"
"K519",".ai/architecture/rules.md","fm"
"K520",".ai/architecture/rules.md","fm"
"K521",".ai/architecture/rules.md","fm"
"K522",".ai/architecture/rules.md","fm"
"K523",".ai/architecture/rules.md","fm"
"K524",".ai/architecture/rules.md","fm"
"K525",".ai/architecture/rules.md","fm"
"K526",".ai/architecture/rules.md","fm"
"K527",".ai/architecture/rules.md","fm"
"K528",".ai/architecture/rules.md","fm"
"K529",".ai/architecture/rules.md","fm"
"K530",".ai/architecture/rules.md","fm"
"K531",".ai/architecture/rules.md","fm"
"K532",".ai/architecture/rules.md","fm"
"K533",".ai/architecture/rules.md","fm"
"K534",".ai/architecture/rules.md","fm"
"K535",".ai/architecture/rules.md","fm"
"K536",".ai/architecture/rules.md","fm"
"K537",".ai/architecture/rules.md","fm"
"K538",".ai/architecture/rules.md","fm"
"K539",".ai/architecture/rules.md","fm"
"K540",".ai/architecture/rules.md","fm"
"K541",".ai/architecture/rules.md","fm"
"K542",".ai/architecture/rules.md","fm"
"K543",".ai/architecture/rules.md","fm"
"K544",".ai/architecture/rules.md","fm"
"K545",".ai/architecture/rules.md","fm"
"K546",".ai/architecture/rules.md","fm"
"K547",".ai/architecture/rules.md","fm"
"K548",".ai/architecture/rules.md","fm"
"K549",".ai/architecture/rules.md","fm"
"K550",".ai/architecture/rules.md","fm"
"K551",".ai/architecture/rules.md","fm"
"K552",".ai/architecture/rules.md","fm"
"K553",".ai/architecture/rules.md","fm"
"K554",".ai/architecture/rules.md","fm"
"K555",".ai/architecture/rules.md","fm"
"K556",".ai/architecture/rules.md","fm"
"K557",".ai/architecture/rules.md","fm"
"K558",".ai/architecture/rules.md","fm"
"K559",".ai/architecture/rules.md","fm"
"K560",".ai/architecture/rules.md","fm"
"K561",".ai/architecture/rules.md","fm"
"K562",".ai/architecture/rules.md","fm"
"K563",".ai/architecture/rules.md","fm"
"K564",".ai/architecture/rules.md","fm"
"K565",".ai/architecture/rules.md","fm"
"K566",".ai/architecture/rules.md","fm"
"K567",".ai/architecture/rules.md","fm"
"K568",".ai/architecture/rules.md","fm"
"K569",".ai/architecture/rules.md","fm"
"K570",".ai/architecture/rules.md","fm"
"K571",".ai/architecture/rules.md","fm"
"K572",".ai/architecture/rules.md","fm"
"K573",".ai/architecture/rules.md","fm"
"K574",".ai/architecture/rules.md","fm"
"K575",".ai/architecture/rules.md","fm"
"K576",".ai/architecture/rules.md","fm"
"K577",".ai/architecture/rules.md","fm"
"K578",".ai/architecture/rules.md","fm"
"K579",".ai/architecture/rules.md","fm"
"K580",".ai/architecture/rules.md","fm"
"K581",".ai/architecture/rules.md","fm"
"K582",".ai/architecture/rules.md","fm"
"K583",".ai/architecture/rules.md","fm"
"K584",".ai/architecture/rules.md","fm"
"K585",".ai/architecture/rules.md","fm"
"K586",".ai/architecture/rules.md","fm"
"K587",".ai/architecture/rules.md","fm"
"K588",".ai/architecture/rules.md","fm"
"K589",".ai/architecture/rules.md","fm"
"K590",".ai/architecture/rules.md","fm"
"K591",".ai/architecture/rules.md","fm"
"K592",".ai/architecture/rules.md","fm"
"K593",".ai/architecture/rules.md","fm"
"K594",".ai/architecture/rules.md","fm"
"K595",".ai/architecture/rules.md","fm"
"K596",".ai/architecture/rules.md","fm"
"K597",".ai/architecture/rules.md","fm"
"K598",".ai/architecture/rules.md","fm"
"K599",".ai/architecture/rules.md","fm"
"K600",".ai/architecture/rules.md","fm"
"K601",".ai/architecture/rules.md","fm"
"K602",".ai/architecture/rules.md","fm"
"K603",".ai/architecture/rules.md","fm"
"K604",".ai/architecture/rules.md","fm"
"K605",".ai/architecture/rules.md","fm"
"K606",".ai/architecture/rules.md","fm"
"K607",".ai/architecture/rules.md","fm"
"K608",".ai/architecture/rules.md","fm"
"K609",".ai/architecture/rules.md","fm"
"K610",".ai/architecture/rules.md","fm"
"K611",".ai/architecture/rules.md","fm"
"K612",".ai/architecture/rules.md","fm"
"K613",".ai/architecture/rules.md","fm"
"K614",".ai/architecture/rules.md","fm"
"K615",".ai/architecture/rules.md","fm"
"K616",".ai/architecture/rules.md","fm"
"K617",".ai/architecture/rules.md","fm"
"K618",".ai/architecture/rules.md","fm"
"K619",".ai/architecture/rules.md","fm"
"K620",".ai/architecture/rules.md","fm"
"K621",".ai/architecture/rules.md","fm"
"K622",".ai/architecture/rules.md","fm"
"K623",".ai/architecture/rules.md","fm"
"K624",".ai/architecture/rules.md","fm"
"K625",".ai/architecture/rules.md","fm"
"K626",".ai/architecture/rules.md","fm"
"K627",".ai/architecture/rules.md","fm"
"K628",".ai/architecture/rules.md","fm"
"K629",".ai/architecture/rules.md","fm"
"K630",".ai/architecture/rules.md","fm"
"K631",".ai/architecture/rules.md","fm"
"K632",".ai/architecture/rules.md","fm"
"K633",".ai/architecture/rules.md","fm"
"K634",".ai/architecture/rules.md","fm"
"K635",".ai/architecture/rules.md","fm"
"K636",".ai/architecture/rules.md","fm"
"K637",".ai/architecture/rules.md","fm"
"K638",".ai/architecture/rules.md","fm"
"K639",".ai/architecture/rules.md","fm"
"K640",".ai/architecture/rules.md","fm"
"K641",".ai/architecture/rules.md","fm"
"K642",".ai/architecture/rules.md","fm"
"K643",".ai/architecture/rules.md","fm"
"K644",".ai/architecture/rules.md","fm"
"K645",".ai/architecture/rules.md","fm"
"K646",".ai/architecture/rules.md","fm"
"K647",".ai/architecture/rules.md","fm"
"K648",".ai/architecture/rules.md","fm"
"K649",".ai/architecture/rules.md","fm"
"K650",".ai/architecture/rules.md","fm"
"K651",".ai/architecture/rules.md","fm"
"K652",".ai/architecture/rules.md","fm"
"K653",".ai/architecture/rules.md","fm"
"K654",".ai/architecture/rules.md","fm"
"K655",".ai/architecture/rules.md","fm"
"K656",".ai/architecture/rules.md","fm"
"K657",".ai/architecture/rules.md","fm"
"K658",".ai/architecture/rules.md","fm"
"K659",".ai/architecture/rules.md","fm"
"K660",".ai/architecture/rules.md","fm"
"K661",".ai/architecture/rules.md","fm"
"K662",".ai/architecture/rules.md","fm"
"K663",".ai/architecture/rules.md","fm"
"K664",".ai/architecture/rules.md","fm"
"K665",".ai/architecture/rules.md","fm"
"K666",".ai/architecture/rules.md","fm"
"K667",".ai/architecture/rules.md","fm"
"K668",".ai/architecture/rules.md","fm"
"K669",".ai/architecture/rules.md","fm"
"K670",".ai/architecture/rules.md","fm"
"K671",".ai/architecture/rules.md","fm"
"K672",".ai/architecture/rules.md","fm"
"K673",".ai/architecture/rules.md","fm"
"K674",".ai/architecture/rules.md","fm"
"K675",".ai/architecture/rules.md","fm"
"K676",".ai/architecture/rules.md","fm"
"K677",".ai/architecture/rules.md","fm"
"K678",".ai/architecture/rules.md","fm"
"K679",".ai/architecture/rules.md","fm"
"K680",".ai/architecture/rules.md","fm"
"K681",".ai/architecture/rules.md","fm"
"K682",".ai/architecture/rules.md","fm"
"K683",".ai/architecture/rules.md","fm"
"K684",".ai/architecture/rules.md","fm"
"K685",".ai/architecture/rules.md","fm"
"K686",".ai/architecture/rules.md","fm"
"K687",".ai/architecture/rules.md","fm"
"K688",".ai/architecture/rules.md","fm"
"K689",".ai/architecture/rules.md","fm"
"K690",".ai/architecture/rules.md","fm"
"K691",".ai/architecture/rules.md","fm"
"K692",".ai/architecture/rules.md","fm"
"K693",".ai/architecture/rules.md","fm"
"K694",".ai/architecture/rules.md","fm"
"K695",".ai/architecture/rules.md","fm"
"K696",".ai/architecture/rules.md","fm"
"K697",".ai/architecture/rules.md","fm"
"K698",".ai/architecture/rules.md","fm"
"K699",".ai/architecture/rules.md","fm"
"K700",".ai/architecture/rules.md","fm"
"K701",".ai/architecture/rules.md","fm"
"K702",".ai/architecture/rules.md","fm"
"K703",".ai/architecture/rules.md","fm"
"K704",".ai/architecture/rules.md","fm"
"K705",".ai/architecture/rules.md","fm"
"K706",".ai/architecture/rules.md","fm"
"K707",".ai/architecture/rules.md","fm"
"K708",".ai/architecture/rules.md","fm"
"K709",".ai/architecture/rules.md","fm"
"K710",".ai/architecture/rules.md","fm"
"K711",".ai/architecture/rules.md","fm"
"K712",".ai/architecture/rules.md","fm"
"K713",".ai/architecture/rules.md","fm"
"K714",".ai/architecture/rules.md","fm"
"K715",".ai/architecture/rules.md","fm"
"K716",".ai/architecture/rules.md","fm"
"K717",".ai/architecture/rules.md","fm"
"K718",".ai/architecture/rules.md","fm"
"K719",".ai/architecture/rules.md","fm"
"K720",".ai/architecture/rules.md","fm"
"K721",".ai/architecture/rules.md","fm"
"K722",".ai/architecture/rules.md","fm"
"K723",".ai/architecture/rules.md","fm"
"K724",".ai/architecture/rules.md","fm"
"K725",".ai/architecture/rules.md","fm"
"K726",".ai/architecture/rules.md","fm"
"K727",".ai/architecture/rules.md","fm"
"K728",".ai/architecture/rules.md","fm"
"K729",".ai/architecture/rules.md","fm"
"K730",".ai/architecture/rules.md","fm"
"K731",".ai/architecture/rules.md","fm"
"K732",".ai/architecture/rules.md","fm"
"K733",".ai/architecture/rules.md","fm"
"K734",".ai/architecture/rules.md","fm"
"K735",".ai/architecture/rules.md","fm"
"K736",".ai/architecture/rules.md","fm"
"K737",".ai/architecture/rules.md","fm"
"K738",".ai/architecture/rules.md","fm"
"K739",".ai/architecture/rules.md","fm"
"K740",".ai/architecture/rules.md","fm"
"K741",".ai/architecture/rules.md","fm"
"K742",".ai/architecture/rules.md","fm"
"K743",".ai/architecture/rules.md","fm"
"K744",".ai/architecture/rules.md","fm"
"K745",".ai/architecture/rules.md","fm"
"K746",".ai/architecture/rules.md","fm"
"K747",".ai/architecture/rules.md","fm"
"K748",".ai/architecture/rules.md","fm"
"K749",".ai/architecture/rules.md","fm"
"K750",".ai/architecture/rules.md","fm"
"K751",".ai/architecture/rules.md","fm"
"K752",".ai/architecture/rules.md","fm"
"K753",".ai/architecture/rules.md","fm"
"K754",".ai/architecture/rules.md","fm"
"K755",".ai/architecture/rules.md","fm"
"K756",".ai/architecture/rules.md","fm"
"K757",".ai/architecture/rules.md","fm"
"K758",".ai/architecture/rules.md","fm"
"K759",".ai/architecture/rules.md","fm"
"K760",".ai/architecture/rules.md","fm"
"K761",".ai/architecture/rules.md","fm"
"K762",".ai/architecture/rules.md","fm"
"K763",".ai/architecture/rules.md","fm"
"K764",".ai/architecture/rules.md","fm"
"K765",".ai/architecture/rules.md","fm"
"K766",".ai/architecture/rules.md","fm"
"K767",".ai/architecture/rules.md","fm"
"K768",".ai/architecture/rules.md","fm"
"K769",".ai/architecture/rules.md","fm"
"K770",".ai/architecture/rules.md","fm"
"K771",".ai/architecture/rules.md","fm"
"K772",".ai/architecture/rules.md","fm"
"K773",".ai/architecture/rules.md","fm"
"K774",".ai/architecture/rules.md","fm"
"K775",".ai/architecture/rules.md","fm"
"K776",".ai/architecture/rules.md","fm"
"K777",".ai/architecture/rules.md","fm"
"K778",".ai/architecture/rules.md","fm"
"K779",".ai/architecture/rules.md","fm"
"K780",".ai/architecture/rules.md","fm"
"K781",".ai/architecture/rules.md","fm"
"K782",".ai/architecture/rules.md","fm"
"K783",".ai/architecture/rules.md","fm"
"K784",".ai/architecture/rules.md","fm"
"K785",".ai/architecture/rules.md","fm"
"K786",".ai/architecture/rules.md","fm"
"K787",".ai/architecture/rules.md","fm"
"K788",".ai/architecture/rules.md","fm"
"K789",".ai/architecture/rules.md","fm"
"K790",".ai/architecture/rules.md","fm"
"K791",".ai/architecture/rules.md","fm"
"K792",".ai/architecture/rules.md","fm"
"K793",".ai/architecture/rules.md","fm"
"K794",".ai/architecture/rules.md","fm"
"K795",".ai/architecture/rules.md","fm"
"K796",".ai/architecture/rules.md","fm"
"K797",".ai/architecture/rules.md","fm"
"K798",".ai/architecture/rules.md","fm"
"K799",".ai/architecture/rules.md","fm"
"K800",".ai/architecture/rules.md","fm"
"K801",".ai/architecture/rules.md","fm"
"K802",".ai/architecture/rules.md","fm"
"K803",".ai/architecture/rules.md","fm"
"K804",".ai/architecture/rules.md","fm"
"K805",".ai/architecture/rules.md","fm"
"K806",".ai/architecture/rules.md","fm"
"K807",".ai/architecture/rules.md","fm"
"K808",".ai/architecture/rules.md","fm"
"K809",".ai/architecture/rules.md","fm"
"K810",".ai/architecture/rules.md","fm"
"K811",".ai/architecture/rules.md","fm"
"K812",".ai/architecture/rules.md","fm"
"K813",".ai/architecture/rules.md","fm"
"K814",".ai/architecture/rules.md","fm"
"K815",".ai/architecture/rules.md","fm"
"K816",".ai/architecture/rules.md","fm"
"K817",".ai/architecture/rules.md","fm"
"K818",".ai/architecture/rules.md","fm"
"K819",".ai/architecture/rules.md","fm"
"K820",".ai/architecture/rules.md","fm"
"K821",".ai/architecture/rules.md","fm"
"K822",".ai/architecture/rules.md","fm"
"K823",".ai/architecture/rules.md","fm"
"K824",".ai/architecture/rules.md","fm"
"K825",".ai/architecture/rules.md","fm"
"K826",".ai/architecture/rules.md","fm"
"K827",".ai/architecture/rules.md","fm"
"K828",".ai/architecture/rules.md","fm"
"K829",".ai/architecture/rules.md","fm"
"K830",".ai/architecture/rules.md","fm"
"K831",".ai/architecture/rules.md","fm"
"K832",".ai/architecture/rules.md","fm"
"K833",".ai/architecture/rules.md","fm"
"K834",".ai/architecture/rules.md","fm"
"K835",".ai/architecture/rules.md","fm"
"K836",".ai/architecture/rules.md","fm"
"K837",".ai/architecture/rules.md","fm"
"K838",".ai/architecture/rules.md","fm"
"K839",".ai/architecture/rules.md","fm"
"K840",".ai/architecture/rules.md","fm"
"K841",".ai/architecture/rules.md","fm"
"K842",".ai/architecture/rules.md","fm"
"K843",".ai/architecture/rules.md","fm"
"K844",".ai/architecture/rules.md","fm"
"K845",".ai/architecture/rules.md","fm"
"K846",".ai/architecture/rules.md","fm"
"K847",".ai/architecture/rules.md","fm"
"K848",".ai/architecture/rules.md","fm"
"K849",".ai/architecture/rules.md","fm"
"K850",".ai/architecture/rules.md","fm"
"K851",".ai/architecture/rules.md","fm"
"K852",".ai/architecture/rules.md","fm"
"K853",".ai/architecture/rules.md","fm"
"K854",".ai/architecture/rules.md","fm"
"K855",".ai/architecture/rules.md","fm"
"K856",".ai/architecture/rules.md","fm"
"K857",".ai/architecture/rules.md","fm"
"K858",".ai/architecture/rules.md","fm"
"K859",".ai/architecture/rules.md","fm"
"K860",".ai/architecture/rules.md","fm"
"K861",".ai/architecture/rules.md","fm"
"K862",".ai/architecture/rules.md","fm"
"K863",".ai/architecture/rules.md","fm"
"K864",".ai/architecture/rules.md","fm"
"K865",".ai/architecture/rules.md","fm"
"K866",".ai/architecture/rules.md","fm"
"K867",".ai/architecture/rules.md","fm"
"K868",".ai/architecture/rules.md","fm"
"K869",".ai/architecture/rules.md","fm"
"K870",".ai/architecture/rules.md","fm"
"K871",".ai/architecture/rules.md","fm"
"K872",".ai/architecture/rules.md","fm"
"K873",".ai/architecture/rules.md","fm"
"K874",".ai/architecture/rules.md","fm"
"K875",".ai/architecture/rules.md","fm"
"K876",".ai/architecture/rules.md","fm"
"K877",".ai/architecture/rules.md","fm"
"K878",".ai/architecture/rules.md","fm"
"K879",".ai/architecture/rules.md","fm"
"K880",".ai/architecture/rules.md","fm"
"K881",".ai/architecture/rules.md","fm"
"K882",".ai/architecture/rules.md","fm"
"K883",".ai/architecture/rules.md","fm"
"K884",".ai/architecture/rules.md","fm"
"K885",".ai/architecture/rules.md","fm"
"K886",".ai/architecture/rules.md","fm"
"K887",".ai/architecture/rules.md","fm"
"K888",".ai/architecture/rules.md","fm"
"K889",".ai/architecture/rules.md","fm"
"K890",".ai/architecture/rules.md","fm"
"K891",".ai/architecture/rules.md","fm"
"K892",".ai/architecture/rules.md","fm"
"K893",".ai/architecture/rules.md","fm"
"K894",".ai/architecture/rules.md","fm"
"K895",".ai/architecture/rules.md","fm"
"K896",".ai/architecture/rules.md","fm"
"K897",".ai/architecture/rules.md","fm"
"K898",".ai/architecture/rules.md","fm"
"K899",".ai/architecture/rules.md","fm"
"K900",".ai/architecture/rules.md","fm"
"K901",".ai/architecture/rules.md","fm"
"K902",".ai/architecture/rules.md","fm"
"K903",".ai/architecture/rules.md","fm"
"K904",".ai/architecture/rules.md","fm"
"K905",".ai/architecture/rules.md","fm"
"K906",".ai/architecture/rules.md","fm"
"K907",".ai/architecture/rules.md","fm"
"K908",".ai/architecture/rules.md","fm"
"K909",".ai/architecture/rules.md","fm"
"K910",".ai/architecture/rules.md","fm"
"K911",".ai/architecture/rules.md","fm"
"K912",".ai/architecture/rules.md","fm"
"K913",".ai/architecture/rules.md","fm"
"K914",".ai/architecture/rules.md","fm"
"K915",".ai/architecture/rules.md","fm"
"K916",".ai/architecture/rules.md","fm"
"K917",".ai/architecture/rules.md","fm"
"K918",".ai/architecture/rules.md","fm"
"K919",".ai/architecture/rules.md","fm"
"K920",".ai/architecture/rules.md","fm"
"K921",".ai/architecture/rules.md","fm"
"K922",".ai/architecture/rules.md","fm"
"K923",".ai/architecture/rules.md","fm"
"K924",".ai/architecture/rules.md","fm"
"K925",".ai/architecture/rules.md","fm"
"K926",".ai/architecture/rules.md","fm"
"K927",".ai/architecture/rules.md","fm"
"K928",".ai/architecture/rules.md","fm"
"K929",".ai/architecture/rules.md","fm"
"K930",".ai/architecture/rules.md","fm"
"K931",".ai/architecture/rules.md","fm"
"K932",".ai/architecture/rules.md","fm"
"K933",".ai/architecture/rules.md","fm"
"K934",".ai/architecture/rules.md","fm"
"K935",".ai/architecture/rules.md","fm"
"K936",".ai/architecture/rules.md","fm"
"K937",".ai/architecture/rules.md","fm"
"K938",".ai/architecture/rules.md","fm"
"K939",".ai/architecture/rules.md","fm"
"K940",".ai/architecture/rules.md","fm"
"K941",".ai/architecture/rules.md","fm"
"K942",".ai/architecture/rules.md","fm"
"K943",".ai/architecture/rules.md","fm"
"K944",".ai/architecture/rules.md","fm"
"K945",".ai/architecture/rules.md","fm"
"K946",".ai/architecture/rules.md","fm"
"K947",".ai/architecture/rules.md","fm"
"K948",".ai/architecture/rules.md","fm"
"K949",".ai/architecture/rules.md","fm"
"K950",".ai/architecture/rules.md","fm"
"K951",".ai/architecture/rules.md","fm"
"K952",".ai/architecture/rules.md","fm"
"K953",".ai/architecture/rules.md","fm"
"K954",".ai/architecture/rules.md","fm"
"K955",".ai/architecture/rules.md","fm"
"K956",".ai/architecture/rules.md","fm"
"K957",".ai/architecture/rules.md","fm"
"K958",".ai/architecture/rules.md","fm"
"K959",".ai/architecture/rules.md","fm"
"K960",".ai/architecture/rules.md","fm"
"K961",".ai/architecture/rules.md","fm"
"K962",".ai/architecture/rules.md","fm"
"K963",".ai/architecture/rules.md","fm"
"K964",".ai/architecture/rules.md","fm"
"K965",".ai/architecture/rules.md","fm"
"K966",".ai/architecture/rules.md","fm"
"K967",".ai/architecture/rules.md","fm"
"K968",".ai/architecture/rules.md","fm"
"K969",".ai/architecture/rules.md","fm"
"K970",".ai/architecture/rules.md","fm"
"K971",".ai/architecture/rules.md","fm"
"K972",".ai/architecture/rules.md","fm"
"K973",".ai/architecture/rules.md","fm"
"K974",".ai/architecture/rules.md","fm"
"K975",".ai/architecture/rules.md","fm"
"K976",".ai/architecture/rules.md","fm"
"K977",".ai/architecture/rules.md","fm"
"K978",".ai/architecture/rules.md","fm"
"K979",".ai/architecture/rules.md","fm"
"K980",".ai/architecture/rules.md","fm"
"K981",".ai/architecture/rules.md","fm"
"K982",".ai/architecture/rules.md","fm"
"K983",".ai/architecture/rules.md","fm"
"K984",".ai/architecture/rules.md","fm"
"K985",".ai/architecture/rules.md","fm"
"K986",".ai/architecture/rules.md","fm"
"K987",".ai/architecture/rules.md","fm"
"K988",".ai/architecture/rules.md","fm"
"K989",".ai/architecture/rules.md","fm"
"K990",".ai/architecture/rules.md","fm"
"K991",".ai/architecture/rules.md","fm"
"K992",".ai/architecture/rules.md","fm"
"K993",".ai/architecture/rules.md","fm"
"K994",".ai/architecture/rules.md","fm"
"K995",".ai/architecture/rules.md","fm"
"K996",".ai/architecture/rules.md","fm"
"K997",".ai/architecture/rules.md","fm"
"K998",".ai/architecture/rules.md","fm"
"K999",".ai/architecture/rules.md","fm"
