"kid","dir","status","band","domain","owner","size"
"K000","K000-isletim-sistemi","draft",,"K000-isletim-sistemi","win-sw","35208"
"K001","K001-donanim","draft",,"K001-donanim","audio-hw","31483"
"K002","K002-surucu","draft",,"K002-surucu","win-sw","31393"
"K003","K003-ses-motoru","draft",,"K003-ses-motoru","embedded","31253"
"K004","K004-yapay-zeka","draft",,"K004-yapay-zeka","mo","33811"
"K005","K005-veri-yonetimi","draft",,"K005-veri-yonetimi","data","33516"
"K006","K006-guvenlik","draft",,"K006-guvenlik","security","38279"
"K007","K007-middleware","draft",,"middleware","security","39640"
"K008","K008-servisler","draft",,"services","backend","37011"
"K009","K009-api","draft",,"api","backend","34866"
"K010","K010-uygulama","draft",,"application","backend","34424"
"K011","K011-ux","draft",,"ux","ui","36026"
"K012","K012-izleme","draft",,"observability","devops","33691"
"K013","K013-cicd","draft",,"cicd","devops","35800"
"K014","K014-ag","draft",,"ag","backend","41604"
"K015","K015-medya","draft",,"medya","backend","41101"
"K016","K016-amplifikator","draft",,"amplifikator","audio-hw","42245"
"K017","K017-guc-kaynagi","draft",,"guc-kaynagi","audio-hw","41582"
"K018","K018-termal","draft",,"termal","audio-hw","40838"
"K019","K019-pcb","draft",,"pcb","audio-hw","38522"
"K020","K020-uretim","draft",,"uretim","audio-hw","40577"
"K121","K121-yayin-canli-ses-01","planned","""BANT 001""","K121-yayin-canli-ses-01",,"1085"
"K122","K122-yayin-canli-ses-02","planned","""BANT 001""","K122-yayin-canli-ses-02",,"1085"
"K123","K123-yayin-canli-ses-03","planned","""BANT 001""","K123-yayin-canli-ses-03",,"1085"
"K124","K124-yayin-canli-ses-04","planned","""BANT 001""","K124-yayin-canli-ses-04",,"1085"
"K125","K125-yayin-canli-ses-05","planned","""BANT 001""","K125-yayin-canli-ses-05",,"1085"
"K126","K126-yayin-canli-ses-06","planned","""BANT 001""","K126-yayin-canli-ses-06",,"1085"
"K127","K127-yayin-canli-ses-07","planned","""BANT 001""","K127-yayin-canli-ses-07",,"1085"
"K128","K128-yayin-canli-ses-08","planned","""BANT 001""","K128-yayin-canli-ses-08",,"1085"
"K129","K129-yayin-canli-ses-09","planned","""BANT 001""","K129-yayin-canli-ses-09",,"1085"
"K130","K130-yayin-canli-ses-10","planned","""BANT 001""","K130-yayin-canli-ses-10",,"1087"
"K131","K131-yayin-canli-ses-11","planned","""BANT 001""","K131-yayin-canli-ses-11",,"1087"
"K132","K132-yayin-canli-ses-12","planned","""BANT 001""","K132-yayin-canli-ses-12",,"1087"
"K133","K133-yayin-canli-ses-13","planned","""BANT 001""","K133-yayin-canli-ses-13",,"1087"
"K134","K134-yayin-canli-ses-14","planned","""BANT 001""","K134-yayin-canli-ses-14",,"1087"
"K135","K135-yayin-canli-ses-15","planned","""BANT 001""","K135-yayin-canli-ses-15",,"1087"
"K136","K136-yayin-canli-ses-16","planned","""BANT 001""","K136-yayin-canli-ses-16",,"1087"
"K137","K137-yayin-canli-ses-17","planned","""BANT 001""","K137-yayin-canli-ses-17",,"1087"
"K138","K138-yayin-canli-ses-18","planned","""BANT 001""","K138-yayin-canli-ses-18",,"1087"
"K139","K139-yayin-canli-ses-19","planned","""BANT 001""","K139-yayin-canli-ses-19",,"1087"
"K140","K140-yayin-canli-ses-20","planned","""BANT 001""","K140-yayin-canli-ses-20",,"1087"
"K141","K141-medya-uretimi-01","planned","""BANT 002""","K141-medya-uretimi-01",,"1075"
"K142","K142-medya-uretimi-02","planned","""BANT 002""","K142-medya-uretimi-02",,"1075"
"K143","K143-medya-uretimi-03","planned","""BANT 002""","K143-medya-uretimi-03",,"1075"
"K144","K144-medya-uretimi-04","planned","""BANT 002""","K144-medya-uretimi-04",,"1075"
"K145","K145-medya-uretimi-05","planned","""BANT 002""","K145-medya-uretimi-05",,"1075"
"K146","K146-medya-uretimi-06","planned","""BANT 002""","K146-medya-uretimi-06",,"1075"
"K147","K147-medya-uretimi-07","planned","""BANT 002""","K147-medya-uretimi-07",,"1075"
"K148","K148-medya-uretimi-08","planned","""BANT 002""","K148-medya-uretimi-08",,"1075"
"K149","K149-medya-uretimi-09","planned","""BANT 002""","K149-medya-uretimi-09",,"1075"
"K150","K150-medya-uretimi-10","planned","""BANT 002""","K150-medya-uretimi-10",,"1077"
"K151","K151-medya-uretimi-11","planned","""BANT 002""","K151-medya-uretimi-11",,"1077"
"K152","K152-medya-uretimi-12","planned","""BANT 002""","K152-medya-uretimi-12",,"1077"
"K153","K153-medya-uretimi-13","planned","""BANT 002""","K153-medya-uretimi-13",,"1077"
"K154","K154-medya-uretimi-14","planned","""BANT 002""","K154-medya-uretimi-14",,"1077"
"K155","K155-medya-uretimi-15","planned","""BANT 002""","K155-medya-uretimi-15",,"1077"
"K156","K156-medya-uretimi-16","planned","""BANT 002""","K156-medya-uretimi-16",,"1077"
"K157","K157-medya-uretimi-17","planned","""BANT 002""","K157-medya-uretimi-17",,"1077"
"K158","K158-medya-uretimi-18","planned","""BANT 002""","K158-medya-uretimi-18",,"1077"
"K159","K159-medya-uretimi-19","planned","""BANT 002""","K159-medya-uretimi-19",,"1077"
"K160","K160-medya-uretimi-20","planned","""BANT 002""","K160-medya-uretimi-20",,"1077"
"K161","K161-medya-dagitimi-01","planned","""BANT 003""","K161-medya-dagitimi-01",,"1080"
"K162","K162-medya-dagitimi-02","planned","""BANT 003""","K162-medya-dagitimi-02",,"1080"
"K163","K163-medya-dagitimi-03","planned","""BANT 003""","K163-medya-dagitimi-03",,"1080"
"K164","K164-medya-dagitimi-04","planned","""BANT 003""","K164-medya-dagitimi-04",,"1080"
"K165","K165-medya-dagitimi-05","planned","""BANT 003""","K165-medya-dagitimi-05",,"1080"
"K166","K166-medya-dagitimi-06","planned","""BANT 003""","K166-medya-dagitimi-06",,"1080"
"K167","K167-medya-dagitimi-07","planned","""BANT 003""","K167-medya-dagitimi-07",,"1080"
"K168","K168-medya-dagitimi-08","planned","""BANT 003""","K168-medya-dagitimi-08",,"1080"
"K169","K169-medya-dagitimi-09","planned","""BANT 003""","K169-medya-dagitimi-09",,"1080"
"K170","K170-medya-dagitimi-10","planned","""BANT 003""","K170-medya-dagitimi-10",,"1082"
"K171","K171-medya-dagitimi-11","planned","""BANT 003""","K171-medya-dagitimi-11",,"1082"
"K172","K172-medya-dagitimi-12","planned","""BANT 003""","K172-medya-dagitimi-12",,"1082"
"K173","K173-medya-dagitimi-13","planned","""BANT 003""","K173-medya-dagitimi-13",,"1082"
"K174","K174-medya-dagitimi-14","planned","""BANT 003""","K174-medya-dagitimi-14",,"1082"
"K175","K175-medya-dagitimi-15","planned","""BANT 003""","K175-medya-dagitimi-15",,"1082"
"K176","K176-medya-dagitimi-16","planned","""BANT 003""","K176-medya-dagitimi-16",,"1082"
"K177","K177-medya-dagitimi-17","planned","""BANT 003""","K177-medya-dagitimi-17",,"1082"
"K178","K178-medya-dagitimi-18","planned","""BANT 003""","K178-medya-dagitimi-18",,"1082"
"K179","K179-medya-dagitimi-19","planned","""BANT 003""","K179-medya-dagitimi-19",,"1082"
"K180","K180-medya-dagitimi-20","planned","""BANT 003""","K180-medya-dagitimi-20",,"1082"
"K181","K181-icerik-zekasi-01","planned","""BANT 004""","K181-icerik-zekasi-01",,"1075"
"K182","K182-icerik-zekasi-02","planned","""BANT 004""","K182-icerik-zekasi-02",,"1075"
"K183","K183-icerik-zekasi-03","planned","""BANT 004""","K183-icerik-zekasi-03",,"1075"
"K184","K184-icerik-zekasi-04","planned","""BANT 004""","K184-icerik-zekasi-04",,"1075"
"K185","K185-icerik-zekasi-05","planned","""BANT 004""","K185-icerik-zekasi-05",,"1075"
"K186","K186-icerik-zekasi-06","planned","""BANT 004""","K186-icerik-zekasi-06",,"1075"
"K187","K187-icerik-zekasi-07","planned","""BANT 004""","K187-icerik-zekasi-07",,"1075"
"K188","K188-icerik-zekasi-08","planned","""BANT 004""","K188-icerik-zekasi-08",,"1075"
"K189","K189-icerik-zekasi-09","planned","""BANT 004""","K189-icerik-zekasi-09",,"1075"
"K190","K190-icerik-zekasi-10","planned","""BANT 004""","K190-icerik-zekasi-10",,"1077"
"K191","K191-icerik-zekasi-11","planned","""BANT 004""","K191-icerik-zekasi-11",,"1077"
"K192","K192-icerik-zekasi-12","planned","""BANT 004""","K192-icerik-zekasi-12",,"1077"
"K193","K193-icerik-zekasi-13","planned","""BANT 004""","K193-icerik-zekasi-13",,"1077"
"K194","K194-icerik-zekasi-14","planned","""BANT 004""","K194-icerik-zekasi-14",,"1077"
"K195","K195-icerik-zekasi-15","planned","""BANT 004""","K195-icerik-zekasi-15",,"1077"
"K196","K196-icerik-zekasi-16","planned","""BANT 004""","K196-icerik-zekasi-16",,"1077"
"K197","K197-icerik-zekasi-17","planned","""BANT 004""","K197-icerik-zekasi-17",,"1077"
"K198","K198-icerik-zekasi-18","planned","""BANT 004""","K198-icerik-zekasi-18",,"1077"
"K199","K199-icerik-zekasi-19","planned","""BANT 004""","K199-icerik-zekasi-19",,"1077"
"K200","K200-icerik-zekasi-20","planned","""BANT 004""","K200-icerik-zekasi-20",,"1077"
"K201","K201-dijital-ikiz-01","planned","""BANT 005""","K201-dijital-ikiz-01",,"1070"
"K202","K202-dijital-ikiz-02","planned","""BANT 005""","K202-dijital-ikiz-02",,"1070"
"K203","K203-dijital-ikiz-03","planned","""BANT 005""","K203-dijital-ikiz-03",,"1070"
"K204","K204-dijital-ikiz-04","planned","""BANT 005""","K204-dijital-ikiz-04",,"1070"
"K205","K205-dijital-ikiz-05","planned","""BANT 005""","K205-dijital-ikiz-05",,"1070"
"K206","K206-dijital-ikiz-06","planned","""BANT 005""","K206-dijital-ikiz-06",,"1070"
"K207","K207-dijital-ikiz-07","planned","""BANT 005""","K207-dijital-ikiz-07",,"1070"
"K208","K208-dijital-ikiz-08","planned","""BANT 005""","K208-dijital-ikiz-08",,"1070"
"K209","K209-dijital-ikiz-09","planned","""BANT 005""","K209-dijital-ikiz-09",,"1070"
"K210","K210-dijital-ikiz-10","planned","""BANT 005""","K210-dijital-ikiz-10",,"1072"
"K211","K211-dijital-ikiz-11","planned","""BANT 005""","K211-dijital-ikiz-11",,"1072"
"K212","K212-dijital-ikiz-12","planned","""BANT 005""","K212-dijital-ikiz-12",,"1072"
"K213","K213-dijital-ikiz-13","planned","""BANT 005""","K213-dijital-ikiz-13",,"1072"
"K214","K214-dijital-ikiz-14","planned","""BANT 005""","K214-dijital-ikiz-14",,"1072"
"K215","K215-dijital-ikiz-15","planned","""BANT 005""","K215-dijital-ikiz-15",,"1072"
"K216","K216-dijital-ikiz-16","planned","""BANT 005""","K216-dijital-ikiz-16",,"1072"
"K217","K217-dijital-ikiz-17","planned","""BANT 005""","K217-dijital-ikiz-17",,"1072"
"K218","K218-dijital-ikiz-18","planned","""BANT 005""","K218-dijital-ikiz-18",,"1072"
"K219","K219-dijital-ikiz-19","planned","""BANT 005""","K219-dijital-ikiz-19",,"1072"
"K220","K220-dijital-ikiz-20","planned","""BANT 005""","K220-dijital-ikiz-20",,"1072"
"K221","K221-simulasyon-01","planned","""BANT 006""","K221-simulasyon-01",,"1060"
"K222","K222-simulasyon-02","planned","""BANT 006""","K222-simulasyon-02",,"1060"
"K223","K223-simulasyon-03","planned","""BANT 006""","K223-simulasyon-03",,"1060"
"K224","K224-simulasyon-04","planned","""BANT 006""","K224-simulasyon-04",,"1060"
"K225","K225-simulasyon-05","planned","""BANT 006""","K225-simulasyon-05",,"1060"
"K226","K226-simulasyon-06","planned","""BANT 006""","K226-simulasyon-06",,"1060"
"K227","K227-simulasyon-07","planned","""BANT 006""","K227-simulasyon-07",,"1060"
"K228","K228-simulasyon-08","planned","""BANT 006""","K228-simulasyon-08",,"1060"
"K229","K229-simulasyon-09","planned","""BANT 006""","K229-simulasyon-09",,"1060"
"K230","K230-simulasyon-10","planned","""BANT 006""","K230-simulasyon-10",,"1062"
"K231","K231-simulasyon-11","planned","""BANT 006""","K231-simulasyon-11",,"1062"
"K232","K232-simulasyon-12","planned","""BANT 006""","K232-simulasyon-12",,"1062"
"K233","K233-simulasyon-13","planned","""BANT 006""","K233-simulasyon-13",,"1062"
"K234","K234-simulasyon-14","planned","""BANT 006""","K234-simulasyon-14",,"1062"
"K235","K235-simulasyon-15","planned","""BANT 006""","K235-simulasyon-15",,"1062"
"K236","K236-simulasyon-16","planned","""BANT 006""","K236-simulasyon-16",,"1062"
"K237","K237-simulasyon-17","planned","""BANT 006""","K237-simulasyon-17",,"1062"
"K238","K238-simulasyon-18","planned","""BANT 006""","K238-simulasyon-18",,"1062"
"K239","K239-simulasyon-19","planned","""BANT 006""","K239-simulasyon-19",,"1062"
"K240","K240-simulasyon-20","planned","""BANT 006""","K240-simulasyon-20",,"1062"
"K241","K241-donanim-simulasyonu-01","planned","""BANT 007""","K241-donanim-simulasyonu-01",,"1105"
"K242","K242-donanim-simulasyonu-02","planned","""BANT 007""","K242-donanim-simulasyonu-02",,"1105"
"K243","K243-donanim-simulasyonu-03","planned","""BANT 007""","K243-donanim-simulasyonu-03",,"1105"
"K244","K244-donanim-simulasyonu-04","planned","""BANT 007""","K244-donanim-simulasyonu-04",,"1105"
"K245","K245-donanim-simulasyonu-05","planned","""BANT 007""","K245-donanim-simulasyonu-05",,"1105"
"K246","K246-donanim-simulasyonu-06","planned","""BANT 007""","K246-donanim-simulasyonu-06",,"1105"
"K247","K247-donanim-simulasyonu-07","planned","""BANT 007""","K247-donanim-simulasyonu-07",,"1105"
"K248","K248-donanim-simulasyonu-08","planned","""BANT 007""","K248-donanim-simulasyonu-08",,"1105"
"K249","K249-donanim-simulasyonu-09","planned","""BANT 007""","K249-donanim-simulasyonu-09",,"1105"
"K250","K250-donanim-simulasyonu-10","planned","""BANT 007""","K250-donanim-simulasyonu-10",,"1107"
"K251","K251-donanim-simulasyonu-11","planned","""BANT 007""","K251-donanim-simulasyonu-11",,"1107"
"K252","K252-donanim-simulasyonu-12","planned","""BANT 007""","K252-donanim-simulasyonu-12",,"1107"
"K253","K253-donanim-simulasyonu-13","planned","""BANT 007""","K253-donanim-simulasyonu-13",,"1107"
"K254","K254-donanim-simulasyonu-14","planned","""BANT 007""","K254-donanim-simulasyonu-14",,"1107"
"K255","K255-donanim-simulasyonu-15","planned","""BANT 007""","K255-donanim-simulasyonu-15",,"1107"
"K256","K256-donanim-simulasyonu-16","planned","""BANT 007""","K256-donanim-simulasyonu-16",,"1107"
"K257","K257-donanim-simulasyonu-17","planned","""BANT 007""","K257-donanim-simulasyonu-17",,"1107"
"K258","K258-donanim-simulasyonu-18","planned","""BANT 007""","K258-donanim-simulasyonu-18",,"1107"
"K259","K259-donanim-simulasyonu-19","planned","""BANT 007""","K259-donanim-simulasyonu-19",,"1107"
"K260","K260-donanim-simulasyonu-20","planned","""BANT 007""","K260-donanim-simulasyonu-20",,"1107"
"K261","K261-ses-simulasyonu-01","planned","""BANT 008""","K261-ses-simulasyonu-01",,"1085"
"K262","K262-ses-simulasyonu-02","planned","""BANT 008""","K262-ses-simulasyonu-02",,"1085"
"K263","K263-ses-simulasyonu-03","planned","""BANT 008""","K263-ses-simulasyonu-03",,"1085"
"K264","K264-ses-simulasyonu-04","planned","""BANT 008""","K264-ses-simulasyonu-04",,"1085"
"K265","K265-ses-simulasyonu-05","planned","""BANT 008""","K265-ses-simulasyonu-05",,"1085"
"K266","K266-ses-simulasyonu-06","planned","""BANT 008""","K266-ses-simulasyonu-06",,"1085"
"K267","K267-ses-simulasyonu-07","planned","""BANT 008""","K267-ses-simulasyonu-07",,"1085"
"K268","K268-ses-simulasyonu-08","planned","""BANT 008""","K268-ses-simulasyonu-08",,"1085"
"K269","K269-ses-simulasyonu-09","planned","""BANT 008""","K269-ses-simulasyonu-09",,"1085"
"K270","K270-ses-simulasyonu-10","planned","""BANT 008""","K270-ses-simulasyonu-10",,"1087"
"K271","K271-ses-simulasyonu-11","planned","""BANT 008""","K271-ses-simulasyonu-11",,"1087"
"K272","K272-ses-simulasyonu-12","planned","""BANT 008""","K272-ses-simulasyonu-12",,"1087"
"K273","K273-ses-simulasyonu-13","planned","""BANT 008""","K273-ses-simulasyonu-13",,"1087"
"K274","K274-ses-simulasyonu-14","planned","""BANT 008""","K274-ses-simulasyonu-14",,"1087"
"K275","K275-ses-simulasyonu-15","planned","""BANT 008""","K275-ses-simulasyonu-15",,"1087"
"K276","K276-ses-simulasyonu-16","planned","""BANT 008""","K276-ses-simulasyonu-16",,"1087"
"K277","K277-ses-simulasyonu-17","planned","""BANT 008""","K277-ses-simulasyonu-17",,"1087"
"K278","K278-ses-simulasyonu-18","planned","""BANT 008""","K278-ses-simulasyonu-18",,"1087"
"K279","K279-ses-simulasyonu-19","planned","""BANT 008""","K279-ses-simulasyonu-19",,"1087"
"K280","K280-ses-simulasyonu-20","planned","""BANT 008""","K280-ses-simulasyonu-20",,"1087"
"K281","K281-sistem-modelleme-01","planned","""BANT 009""","K281-sistem-modelleme-01",,"1090"
"K282","K282-sistem-modelleme-02","planned","""BANT 009""","K282-sistem-modelleme-02",,"1090"
"K283","K283-sistem-modelleme-03","planned","""BANT 009""","K283-sistem-modelleme-03",,"1090"
"K284","K284-sistem-modelleme-04","planned","""BANT 009""","K284-sistem-modelleme-04",,"1090"
"K285","K285-sistem-modelleme-05","planned","""BANT 009""","K285-sistem-modelleme-05",,"1090"
"K286","K286-sistem-modelleme-06","planned","""BANT 009""","K286-sistem-modelleme-06",,"1090"
"K287","K287-sistem-modelleme-07","planned","""BANT 009""","K287-sistem-modelleme-07",,"1090"
"K288","K288-sistem-modelleme-08","planned","""BANT 009""","K288-sistem-modelleme-08",,"1090"
"K289","K289-sistem-modelleme-09","planned","""BANT 009""","K289-sistem-modelleme-09",,"1090"
"K290","K290-sistem-modelleme-10","planned","""BANT 009""","K290-sistem-modelleme-10",,"1092"
"K291","K291-sistem-modelleme-11","planned","""BANT 009""","K291-sistem-modelleme-11",,"1092"
"K292","K292-sistem-modelleme-12","planned","""BANT 009""","K292-sistem-modelleme-12",,"1092"
"K293","K293-sistem-modelleme-13","planned","""BANT 009""","K293-sistem-modelleme-13",,"1092"
"K294","K294-sistem-modelleme-14","planned","""BANT 009""","K294-sistem-modelleme-14",,"1092"
"K295","K295-sistem-modelleme-15","planned","""BANT 009""","K295-sistem-modelleme-15",,"1092"
"K296","K296-sistem-modelleme-16","planned","""BANT 009""","K296-sistem-modelleme-16",,"1092"
"K297","K297-sistem-modelleme-17","planned","""BANT 009""","K297-sistem-modelleme-17",,"1092"
"K298","K298-sistem-modelleme-18","planned","""BANT 009""","K298-sistem-modelleme-18",,"1092"
"K299","K299-sistem-modelleme-19","planned","""BANT 009""","K299-sistem-modelleme-19",,"1092"
"K300","K300-sistem-modelleme-20","planned","""BANT 009""","K300-sistem-modelleme-20",,"1092"
"K301","K301-arastirma-gelistirme-01","planned","""BANT 010""","K301-arastirma-gelistirme-01",,"1110"
"K302","K302-arastirma-gelistirme-02","planned","""BANT 010""","K302-arastirma-gelistirme-02",,"1110"
"K303","K303-arastirma-gelistirme-03","planned","""BANT 010""","K303-arastirma-gelistirme-03",,"1110"
"K304","K304-arastirma-gelistirme-04","planned","""BANT 010""","K304-arastirma-gelistirme-04",,"1110"
"K305","K305-arastirma-gelistirme-05","planned","""BANT 010""","K305-arastirma-gelistirme-05",,"1110"
"K306","K306-arastirma-gelistirme-06","planned","""BANT 010""","K306-arastirma-gelistirme-06",,"1110"
"K307","K307-arastirma-gelistirme-07","planned","""BANT 010""","K307-arastirma-gelistirme-07",,"1110"
"K308","K308-arastirma-gelistirme-08","planned","""BANT 010""","K308-arastirma-gelistirme-08",,"1110"
"K309","K309-arastirma-gelistirme-09","planned","""BANT 010""","K309-arastirma-gelistirme-09",,"1110"
"K310","K310-arastirma-gelistirme-10","planned","""BANT 010""","K310-arastirma-gelistirme-10",,"1112"
"K311","K311-arastirma-gelistirme-11","planned","""BANT 010""","K311-arastirma-gelistirme-11",,"1112"
"K312","K312-arastirma-gelistirme-12","planned","""BANT 010""","K312-arastirma-gelistirme-12",,"1112"
"K313","K313-arastirma-gelistirme-13","planned","""BANT 010""","K313-arastirma-gelistirme-13",,"1112"
"K314","K314-arastirma-gelistirme-14","planned","""BANT 010""","K314-arastirma-gelistirme-14",,"1112"
"K315","K315-arastirma-gelistirme-15","planned","""BANT 010""","K315-arastirma-gelistirme-15",,"1112"
"K316","K316-arastirma-gelistirme-16","planned","""BANT 010""","K316-arastirma-gelistirme-16",,"1112"
"K317","K317-arastirma-gelistirme-17","planned","""BANT 010""","K317-arastirma-gelistirme-17",,"1112"
"K318","K318-arastirma-gelistirme-18","planned","""BANT 010""","K318-arastirma-gelistirme-18",,"1112"
"K319","K319-arastirma-gelistirme-19","planned","""BANT 010""","K319-arastirma-gelistirme-19",,"1112"
"K320","K320-arastirma-gelistirme-20","planned","""BANT 010""","K320-arastirma-gelistirme-20",,"1112"
"K321","K321-deneyler-01","planned","""BANT 011""","K321-deneyler-01",,"1050"
"K322","K322-deneyler-02","planned","""BANT 011""","K322-deneyler-02",,"1050"
"K323","K323-deneyler-03","planned","""BANT 011""","K323-deneyler-03",,"1050"
"K324","K324-deneyler-04","planned","""BANT 011""","K324-deneyler-04",,"1050"
"K325","K325-deneyler-05","planned","""BANT 011""","K325-deneyler-05",,"1050"
"K326","K326-deneyler-06","planned","""BANT 011""","K326-deneyler-06",,"1050"
"K327","K327-deneyler-07","planned","""BANT 011""","K327-deneyler-07",,"1050"
"K328","K328-deneyler-08","planned","""BANT 011""","K328-deneyler-08",,"1050"
"K329","K329-deneyler-09","planned","""BANT 011""","K329-deneyler-09",,"1050"
"K330","K330-deneyler-10","planned","""BANT 011""","K330-deneyler-10",,"1052"
"K331","K331-deneyler-11","planned","""BANT 011""","K331-deneyler-11",,"1052"
"K332","K332-deneyler-12","planned","""BANT 011""","K332-deneyler-12",,"1052"
"K333","K333-deneyler-13","planned","""BANT 011""","K333-deneyler-13",,"1052"
"K334","K334-deneyler-14","planned","""BANT 011""","K334-deneyler-14",,"1052"
"K335","K335-deneyler-15","planned","""BANT 011""","K335-deneyler-15",,"1052"
"K336","K336-deneyler-16","planned","""BANT 011""","K336-deneyler-16",,"1052"
"K337","K337-deneyler-17","planned","""BANT 011""","K337-deneyler-17",,"1052"
"K338","K338-deneyler-18","planned","""BANT 011""","K338-deneyler-18",,"1052"
"K339","K339-deneyler-19","planned","""BANT 011""","K339-deneyler-19",,"1052"
"K340","K340-deneyler-20","planned","""BANT 011""","K340-deneyler-20",,"1052"
"K341","K341-benchmark-01","planned","""BANT 012""","K341-benchmark-01",,"1055"
"K342","K342-benchmark-02","planned","""BANT 012""","K342-benchmark-02",,"1055"
"K343","K343-benchmark-03","planned","""BANT 012""","K343-benchmark-03",,"1055"
"K344","K344-benchmark-04","planned","""BANT 012""","K344-benchmark-04",,"1055"
"K345","K345-benchmark-05","planned","""BANT 012""","K345-benchmark-05",,"1055"
"K346","K346-benchmark-06","planned","""BANT 012""","K346-benchmark-06",,"1055"
"K347","K347-benchmark-07","planned","""BANT 012""","K347-benchmark-07",,"1055"
"K348","K348-benchmark-08","planned","""BANT 012""","K348-benchmark-08",,"1055"
"K349","K349-benchmark-09","planned","""BANT 012""","K349-benchmark-09",,"1055"
"K350","K350-benchmark-10","planned","""BANT 012""","K350-benchmark-10",,"1057"
"K351","K351-benchmark-11","planned","""BANT 012""","K351-benchmark-11",,"1057"
"K352","K352-benchmark-12","planned","""BANT 012""","K352-benchmark-12",,"1057"
"K353","K353-benchmark-13","planned","""BANT 012""","K353-benchmark-13",,"1057"
"K354","K354-benchmark-14","planned","""BANT 012""","K354-benchmark-14",,"1057"
"K355","K355-benchmark-15","planned","""BANT 012""","K355-benchmark-15",,"1057"
"K356","K356-benchmark-16","planned","""BANT 012""","K356-benchmark-16",,"1057"
"K357","K357-benchmark-17","planned","""BANT 012""","K357-benchmark-17",,"1057"
"K358","K358-benchmark-18","planned","""BANT 012""","K358-benchmark-18",,"1057"
"K359","K359-benchmark-19","planned","""BANT 012""","K359-benchmark-19",,"1057"
"K360","K360-benchmark-20","planned","""BANT 012""","K360-benchmark-20",,"1057"
"K361","K361-bilimsel-hesaplama-01","planned","""BANT 013""","K361-bilimsel-hesaplama-01",,"1100"
"K362","K362-bilimsel-hesaplama-02","planned","""BANT 013""","K362-bilimsel-hesaplama-02",,"1100"
"K363","K363-bilimsel-hesaplama-03","planned","""BANT 013""","K363-bilimsel-hesaplama-03",,"1100"
"K364","K364-bilimsel-hesaplama-04","planned","""BANT 013""","K364-bilimsel-hesaplama-04",,"1100"
"K365","K365-bilimsel-hesaplama-05","planned","""BANT 013""","K365-bilimsel-hesaplama-05",,"1100"
"K366","K366-bilimsel-hesaplama-06","planned","""BANT 013""","K366-bilimsel-hesaplama-06",,"1100"
"K367","K367-bilimsel-hesaplama-07","planned","""BANT 013""","K367-bilimsel-hesaplama-07",,"1100"
"K368","K368-bilimsel-hesaplama-08","planned","""BANT 013""","K368-bilimsel-hesaplama-08",,"1100"
"K369","K369-bilimsel-hesaplama-09","planned","""BANT 013""","K369-bilimsel-hesaplama-09",,"1100"
"K370","K370-bilimsel-hesaplama-10","planned","""BANT 013""","K370-bilimsel-hesaplama-10",,"1102"
"K371","K371-bilimsel-hesaplama-11","planned","""BANT 013""","K371-bilimsel-hesaplama-11",,"1102"
"K372","K372-bilimsel-hesaplama-12","planned","""BANT 013""","K372-bilimsel-hesaplama-12",,"1102"
"K373","K373-bilimsel-hesaplama-13","planned","""BANT 013""","K373-bilimsel-hesaplama-13",,"1102"
"K374","K374-bilimsel-hesaplama-14","planned","""BANT 013""","K374-bilimsel-hesaplama-14",,"1102"
"K375","K375-bilimsel-hesaplama-15","planned","""BANT 013""","K375-bilimsel-hesaplama-15",,"1102"
"K376","K376-bilimsel-hesaplama-16","planned","""BANT 013""","K376-bilimsel-hesaplama-16",,"1102"
"K377","K377-bilimsel-hesaplama-17","planned","""BANT 013""","K377-bilimsel-hesaplama-17",,"1102"
"K378","K378-bilimsel-hesaplama-18","planned","""BANT 013""","K378-bilimsel-hesaplama-18",,"1102"
"K379","K379-bilimsel-hesaplama-19","planned","""BANT 013""","K379-bilimsel-hesaplama-19",,"1102"
"K380","K380-bilimsel-hesaplama-20","planned","""BANT 013""","K380-bilimsel-hesaplama-20",,"1102"
"K381","K381-veri-bilimi-analitik-01","planned","""BANT 014""","K381-veri-bilimi-analitik-01",,"1110"
"K382","K382-veri-bilimi-analitik-02","planned","""BANT 014""","K382-veri-bilimi-analitik-02",,"1110"
"K383","K383-veri-bilimi-analitik-03","planned","""BANT 014""","K383-veri-bilimi-analitik-03",,"1110"
"K384","K384-veri-bilimi-analitik-04","planned","""BANT 014""","K384-veri-bilimi-analitik-04",,"1110"
"K385","K385-veri-bilimi-analitik-05","planned","""BANT 014""","K385-veri-bilimi-analitik-05",,"1110"
"K386","K386-veri-bilimi-analitik-06","planned","""BANT 014""","K386-veri-bilimi-analitik-06",,"1110"
"K387","K387-veri-bilimi-analitik-07","planned","""BANT 014""","K387-veri-bilimi-analitik-07",,"1110"
"K388","K388-veri-bilimi-analitik-08","planned","""BANT 014""","K388-veri-bilimi-analitik-08",,"1110"
"K389","K389-veri-bilimi-analitik-09","planned","""BANT 014""","K389-veri-bilimi-analitik-09",,"1110"
"K390","K390-veri-bilimi-analitik-10","planned","""BANT 014""","K390-veri-bilimi-analitik-10",,"1112"
"K391","K391-veri-bilimi-analitik-11","planned","""BANT 014""","K391-veri-bilimi-analitik-11",,"1112"
"K392","K392-veri-bilimi-analitik-12","planned","""BANT 014""","K392-veri-bilimi-analitik-12",,"1112"
"K393","K393-veri-bilimi-analitik-13","planned","""BANT 014""","K393-veri-bilimi-analitik-13",,"1112"
"K394","K394-veri-bilimi-analitik-14","planned","""BANT 014""","K394-veri-bilimi-analitik-14",,"1112"
"K395","K395-veri-bilimi-analitik-15","planned","""BANT 014""","K395-veri-bilimi-analitik-15",,"1112"
"K396","K396-veri-bilimi-analitik-16","planned","""BANT 014""","K396-veri-bilimi-analitik-16",,"1112"
"K397","K397-veri-bilimi-analitik-17","planned","""BANT 014""","K397-veri-bilimi-analitik-17",,"1112"
"K398","K398-veri-bilimi-analitik-18","planned","""BANT 014""","K398-veri-bilimi-analitik-18",,"1112"
"K399","K399-veri-bilimi-analitik-19","planned","""BANT 014""","K399-veri-bilimi-analitik-19",,"1112"
"K400","K400-veri-bilimi-analitik-20","planned","""BANT 014""","K400-veri-bilimi-analitik-20",,"1112"
"K401","K401-yonetisim-01","planned","""BANT 015""","K401-yonetisim-01",,"1055"
"K402","K402-yonetisim-02","planned","""BANT 015""","K402-yonetisim-02",,"1055"
"K403","K403-yonetisim-03","planned","""BANT 015""","K403-yonetisim-03",,"1055"
"K404","K404-yonetisim-04","planned","""BANT 015""","K404-yonetisim-04",,"1055"
"K405","K405-yonetisim-05","planned","""BANT 015""","K405-yonetisim-05",,"1055"
"K406","K406-yonetisim-06","planned","""BANT 015""","K406-yonetisim-06",,"1055"
"K407","K407-yonetisim-07","planned","""BANT 015""","K407-yonetisim-07",,"1055"
"K408","K408-yonetisim-08","planned","""BANT 015""","K408-yonetisim-08",,"1055"
"K409","K409-yonetisim-09","planned","""BANT 015""","K409-yonetisim-09",,"1055"
"K410","K410-yonetisim-10","planned","""BANT 015""","K410-yonetisim-10",,"1057"
"K411","K411-yonetisim-11","planned","""BANT 015""","K411-yonetisim-11",,"1057"
"K412","K412-yonetisim-12","planned","""BANT 015""","K412-yonetisim-12",,"1057"
"K413","K413-yonetisim-13","planned","""BANT 015""","K413-yonetisim-13",,"1057"
"K414","K414-yonetisim-14","planned","""BANT 015""","K414-yonetisim-14",,"1057"
"K415","K415-yonetisim-15","planned","""BANT 015""","K415-yonetisim-15",,"1057"
"K416","K416-yonetisim-16","planned","""BANT 015""","K416-yonetisim-16",,"1057"
"K417","K417-yonetisim-17","planned","""BANT 015""","K417-yonetisim-17",,"1057"
"K418","K418-yonetisim-18","planned","""BANT 015""","K418-yonetisim-18",,"1057"
"K419","K419-yonetisim-19","planned","""BANT 015""","K419-yonetisim-19",,"1057"
"K420","K420-yonetisim-20","planned","""BANT 015""","K420-yonetisim-20",,"1057"
"K421","K421-uyum-01","planned","""BANT 016""","K421-uyum-01",,"1030"
"K422","K422-uyum-02","planned","""BANT 016""","K422-uyum-02",,"1030"
"K423","K423-uyum-03","planned","""BANT 016""","K423-uyum-03",,"1030"
"K424","K424-uyum-04","planned","""BANT 016""","K424-uyum-04",,"1030"
"K425","K425-uyum-05","planned","""BANT 016""","K425-uyum-05",,"1030"
"K426","K426-uyum-06","planned","""BANT 016""","K426-uyum-06",,"1030"
"K427","K427-uyum-07","planned","""BANT 016""","K427-uyum-07",,"1030"
"K428","K428-uyum-08","planned","""BANT 016""","K428-uyum-08",,"1030"
"K429","K429-uyum-09","planned","""BANT 016""","K429-uyum-09",,"1030"
"K430","K430-uyum-10","planned","""BANT 016""","K430-uyum-10",,"1032"
"K431","K431-uyum-11","planned","""BANT 016""","K431-uyum-11",,"1032"
"K432","K432-uyum-12","planned","""BANT 016""","K432-uyum-12",,"1032"
"K433","K433-uyum-13","planned","""BANT 016""","K433-uyum-13",,"1032"
"K434","K434-uyum-14","planned","""BANT 016""","K434-uyum-14",,"1032"
"K435","K435-uyum-15","planned","""BANT 016""","K435-uyum-15",,"1032"
"K436","K436-uyum-16","planned","""BANT 016""","K436-uyum-16",,"1032"
"K437","K437-uyum-17","planned","""BANT 016""","K437-uyum-17",,"1032"
"K438","K438-uyum-18","planned","""BANT 016""","K438-uyum-18",,"1032"
"K439","K439-uyum-19","planned","""BANT 016""","K439-uyum-19",,"1032"
"K440","K440-uyum-20","planned","""BANT 016""","K440-uyum-20",,"1032"
"K441","K441-denetim-01","planned","""BANT 017""","K441-denetim-01",,"1045"
"K442","K442-denetim-02","planned","""BANT 017""","K442-denetim-02",,"1045"
"K443","K443-denetim-03","planned","""BANT 017""","K443-denetim-03",,"1045"
"K444","K444-denetim-04","planned","""BANT 017""","K444-denetim-04",,"1045"
"K445","K445-denetim-05","planned","""BANT 017""","K445-denetim-05",,"1045"
"K446","K446-denetim-06","planned","""BANT 017""","K446-denetim-06",,"1045"
"K447","K447-denetim-07","planned","""BANT 017""","K447-denetim-07",,"1045"
"K448","K448-denetim-08","planned","""BANT 017""","K448-denetim-08",,"1045"
"K449","K449-denetim-09","planned","""BANT 017""","K449-denetim-09",,"1045"
"K450","K450-denetim-10","planned","""BANT 017""","K450-denetim-10",,"1047"
"K451","K451-denetim-11","planned","""BANT 017""","K451-denetim-11",,"1047"
"K452","K452-denetim-12","planned","""BANT 017""","K452-denetim-12",,"1047"
"K453","K453-denetim-13","planned","""BANT 017""","K453-denetim-13",,"1047"
"K454","K454-denetim-14","planned","""BANT 017""","K454-denetim-14",,"1047"
"K455","K455-denetim-15","planned","""BANT 017""","K455-denetim-15",,"1047"
"K456","K456-denetim-16","planned","""BANT 017""","K456-denetim-16",,"1047"
"K457","K457-denetim-17","planned","""BANT 017""","K457-denetim-17",,"1047"
"K458","K458-denetim-18","planned","""BANT 017""","K458-denetim-18",,"1047"
"K459","K459-denetim-19","planned","""BANT 017""","K459-denetim-19",,"1047"
"K460","K460-denetim-20","planned","""BANT 017""","K460-denetim-20",,"1047"
"K461","K461-risk-yonetimi-01","planned","""BANT 018""","K461-risk-yonetimi-01",,"1075"
"K462","K462-risk-yonetimi-02","planned","""BANT 018""","K462-risk-yonetimi-02",,"1075"
"K463","K463-risk-yonetimi-03","planned","""BANT 018""","K463-risk-yonetimi-03",,"1075"
"K464","K464-risk-yonetimi-04","planned","""BANT 018""","K464-risk-yonetimi-04",,"1075"
"K465","K465-risk-yonetimi-05","planned","""BANT 018""","K465-risk-yonetimi-05",,"1075"
"K466","K466-risk-yonetimi-06","planned","""BANT 018""","K466-risk-yonetimi-06",,"1075"
"K467","K467-risk-yonetimi-07","planned","""BANT 018""","K467-risk-yonetimi-07",,"1075"
"K468","K468-risk-yonetimi-08","planned","""BANT 018""","K468-risk-yonetimi-08",,"1075"
"K469","K469-risk-yonetimi-09","planned","""BANT 018""","K469-risk-yonetimi-09",,"1075"
"K470","K470-risk-yonetimi-10","planned","""BANT 018""","K470-risk-yonetimi-10",,"1077"
"K471","K471-risk-yonetimi-11","planned","""BANT 018""","K471-risk-yonetimi-11",,"1077"
"K472","K472-risk-yonetimi-12","planned","""BANT 018""","K472-risk-yonetimi-12",,"1077"
"K473","K473-risk-yonetimi-13","planned","""BANT 018""","K473-risk-yonetimi-13",,"1077"
"K474","K474-risk-yonetimi-14","planned","""BANT 018""","K474-risk-yonetimi-14",,"1077"
"K475","K475-risk-yonetimi-15","planned","""BANT 018""","K475-risk-yonetimi-15",,"1077"
"K476","K476-risk-yonetimi-16","planned","""BANT 018""","K476-risk-yonetimi-16",,"1077"
"K477","K477-risk-yonetimi-17","planned","""BANT 018""","K477-risk-yonetimi-17",,"1077"
"K478","K478-risk-yonetimi-18","planned","""BANT 018""","K478-risk-yonetimi-18",,"1077"
"K479","K479-risk-yonetimi-19","planned","""BANT 018""","K479-risk-yonetimi-19",,"1077"
"K480","K480-risk-yonetimi-20","planned","""BANT 018""","K480-risk-yonetimi-20",,"1077"
"K481","K481-is-surdurme-dr-01","planned","""BANT 019""","K481-is-surdurme-dr-01",,"1080"
"K482","K482-is-surdurme-dr-02","planned","""BANT 019""","K482-is-surdurme-dr-02",,"1080"
"K483","K483-is-surdurme-dr-03","planned","""BANT 019""","K483-is-surdurme-dr-03",,"1080"
"K484","K484-is-surdurme-dr-04","planned","""BANT 019""","K484-is-surdurme-dr-04",,"1080"
"K485","K485-is-surdurme-dr-05","planned","""BANT 019""","K485-is-surdurme-dr-05",,"1080"
"K486","K486-is-surdurme-dr-06","planned","""BANT 019""","K486-is-surdurme-dr-06",,"1080"
"K487","K487-is-surdurme-dr-07","planned","""BANT 019""","K487-is-surdurme-dr-07",,"1080"
"K488","K488-is-surdurme-dr-08","planned","""BANT 019""","K488-is-surdurme-dr-08",,"1080"
"K489","K489-is-surdurme-dr-09","planned","""BANT 019""","K489-is-surdurme-dr-09",,"1080"
"K490","K490-is-surdurme-dr-10","planned","""BANT 019""","K490-is-surdurme-dr-10",,"1082"
"K491","K491-is-surdurme-dr-11","planned","""BANT 019""","K491-is-surdurme-dr-11",,"1082"
"K492","K492-is-surdurme-dr-12","planned","""BANT 019""","K492-is-surdurme-dr-12",,"1082"
"K493","K493-is-surdurme-dr-13","planned","""BANT 019""","K493-is-surdurme-dr-13",,"1082"
"K494","K494-is-surdurme-dr-14","planned","""BANT 019""","K494-is-surdurme-dr-14",,"1082"
"K495","K495-is-surdurme-dr-15","planned","""BANT 019""","K495-is-surdurme-dr-15",,"1082"
"K496","K496-is-surdurme-dr-16","planned","""BANT 019""","K496-is-surdurme-dr-16",,"1082"
"K497","K497-is-surdurme-dr-17","planned","""BANT 019""","K497-is-surdurme-dr-17",,"1082"
"K498","K498-is-surdurme-dr-18","planned","""BANT 019""","K498-is-surdurme-dr-18",,"1082"
"K499","K499-is-surdurme-dr-19","planned","""BANT 019""","K499-is-surdurme-dr-19",,"1082"
"K500","K500-is-surdurme-dr-20","planned","""BANT 019""","K500-is-surdurme-dr-20",,"1082"
"K501","K501-genisleme-omurgasi-01","planned","""BANT 020""","K501-genisleme-omurgasi-01",,"1100"
"K502","K502-genisleme-omurgasi-02","planned","""BANT 020""","K502-genisleme-omurgasi-02",,"1100"
"K503","K503-genisleme-omurgasi-03","planned","""BANT 020""","K503-genisleme-omurgasi-03",,"1100"
"K504","K504-genisleme-omurgasi-04","planned","""BANT 020""","K504-genisleme-omurgasi-04",,"1100"
"K505","K505-genisleme-omurgasi-05","planned","""BANT 020""","K505-genisleme-omurgasi-05",,"1100"
"K506","K506-genisleme-omurgasi-06","planned","""BANT 020""","K506-genisleme-omurgasi-06",,"1100"
"K507","K507-genisleme-omurgasi-07","planned","""BANT 020""","K507-genisleme-omurgasi-07",,"1100"
"K508","K508-genisleme-omurgasi-08","planned","""BANT 020""","K508-genisleme-omurgasi-08",,"1100"
"K509","K509-genisleme-omurgasi-09","planned","""BANT 020""","K509-genisleme-omurgasi-09",,"1100"
"K510","K510-genisleme-omurgasi-10","planned","""BANT 020""","K510-genisleme-omurgasi-10",,"1102"
"K511","K511-genisleme-omurgasi-11","planned","""BANT 020""","K511-genisleme-omurgasi-11",,"1102"
"K512","K512-genisleme-omurgasi-12","planned","""BANT 020""","K512-genisleme-omurgasi-12",,"1102"
"K513","K513-genisleme-omurgasi-13","planned","""BANT 020""","K513-genisleme-omurgasi-13",,"1102"
"K514","K514-genisleme-omurgasi-14","planned","""BANT 020""","K514-genisleme-omurgasi-14",,"1102"
"K515","K515-genisleme-omurgasi-15","planned","""BANT 020""","K515-genisleme-omurgasi-15",,"1102"
"K516","K516-genisleme-omurgasi-16","planned","""BANT 020""","K516-genisleme-omurgasi-16",,"1102"
"K517","K517-genisleme-omurgasi-17","planned","""BANT 020""","K517-genisleme-omurgasi-17",,"1102"
"K518","K518-genisleme-omurgasi-18","planned","""BANT 020""","K518-genisleme-omurgasi-18",,"1102"
"K519","K519-genisleme-omurgasi-19","planned","""BANT 020""","K519-genisleme-omurgasi-19",,"1102"
"K520","K520-genisleme-omurgasi-20","planned","""BANT 020""","K520-genisleme-omurgasi-20",,"1102"
"K521","K521-genisleme-omurgasi-21","planned","""BANT 020""","K521-genisleme-omurgasi-21",,"1102"
"K522","K522-genisleme-omurgasi-22","planned","""BANT 020""","K522-genisleme-omurgasi-22",,"1102"
"K523","K523-genisleme-omurgasi-23","planned","""BANT 020""","K523-genisleme-omurgasi-23",,"1102"
"K524","K524-genisleme-omurgasi-24","planned","""BANT 020""","K524-genisleme-omurgasi-24",,"1102"
"K525","K525-genisleme-omurgasi-25","planned","""BANT 020""","K525-genisleme-omurgasi-25",,"1102"
"K526","K526-genisleme-omurgasi-26","planned","""BANT 020""","K526-genisleme-omurgasi-26",,"1102"
"K527","K527-genisleme-omurgasi-27","planned","""BANT 020""","K527-genisleme-omurgasi-27",,"1102"
"K528","K528-genisleme-omurgasi-28","planned","""BANT 020""","K528-genisleme-omurgasi-28",,"1102"
"K529","K529-genisleme-omurgasi-29","planned","""BANT 020""","K529-genisleme-omurgasi-29",,"1102"
"K530","K530-genisleme-omurgasi-30","planned","""BANT 020""","K530-genisleme-omurgasi-30",,"1102"
"K531","K531-genisleme-omurgasi-31","planned","""BANT 020""","K531-genisleme-omurgasi-31",,"1102"
"K532","K532-genisleme-omurgasi-32","planned","""BANT 020""","K532-genisleme-omurgasi-32",,"1102"
"K533","K533-genisleme-omurgasi-33","planned","""BANT 020""","K533-genisleme-omurgasi-33",,"1102"
"K534","K534-genisleme-omurgasi-34","planned","""BANT 020""","K534-genisleme-omurgasi-34",,"1102"
"K535","K535-genisleme-omurgasi-35","planned","""BANT 020""","K535-genisleme-omurgasi-35",,"1102"
"K536","K536-genisleme-omurgasi-36","planned","""BANT 020""","K536-genisleme-omurgasi-36",,"1102"
"K537","K537-genisleme-omurgasi-37","planned","""BANT 020""","K537-genisleme-omurgasi-37",,"1102"
"K538","K538-genisleme-omurgasi-38","planned","""BANT 020""","K538-genisleme-omurgasi-38",,"1102"
"K539","K539-genisleme-omurgasi-39","planned","""BANT 020""","K539-genisleme-omurgasi-39",,"1102"
"K540","K540-genisleme-omurgasi-40","planned","""BANT 020""","K540-genisleme-omurgasi-40",,"1102"
"K541","K541-olcek-kanadi-01","planned","""BANT 021""","K541-olcek-kanadi-01",,"1070"
"K542","K542-olcek-kanadi-02","planned","""BANT 021""","K542-olcek-kanadi-02",,"1070"
"K543","K543-olcek-kanadi-03","planned","""BANT 021""","K543-olcek-kanadi-03",,"1070"
"K544","K544-olcek-kanadi-04","planned","""BANT 021""","K544-olcek-kanadi-04",,"1070"
"K545","K545-olcek-kanadi-05","planned","""BANT 021""","K545-olcek-kanadi-05",,"1070"
"K546","K546-olcek-kanadi-06","planned","""BANT 021""","K546-olcek-kanadi-06",,"1070"
"K547","K547-olcek-kanadi-07","planned","""BANT 021""","K547-olcek-kanadi-07",,"1070"
"K548","K548-olcek-kanadi-08","planned","""BANT 021""","K548-olcek-kanadi-08",,"1070"
"K549","K549-olcek-kanadi-09","planned","""BANT 021""","K549-olcek-kanadi-09",,"1070"
"K550","K550-olcek-kanadi-10","planned","""BANT 021""","K550-olcek-kanadi-10",,"1072"
"K551","K551-olcek-kanadi-11","planned","""BANT 021""","K551-olcek-kanadi-11",,"1072"
"K552","K552-olcek-kanadi-12","planned","""BANT 021""","K552-olcek-kanadi-12",,"1072"
"K553","K553-olcek-kanadi-13","planned","""BANT 021""","K553-olcek-kanadi-13",,"1072"
"K554","K554-olcek-kanadi-14","planned","""BANT 021""","K554-olcek-kanadi-14",,"1072"
"K555","K555-olcek-kanadi-15","planned","""BANT 021""","K555-olcek-kanadi-15",,"1072"
"K556","K556-olcek-kanadi-16","planned","""BANT 021""","K556-olcek-kanadi-16",,"1072"
"K557","K557-olcek-kanadi-17","planned","""BANT 021""","K557-olcek-kanadi-17",,"1072"
"K558","K558-olcek-kanadi-18","planned","""BANT 021""","K558-olcek-kanadi-18",,"1072"
"K559","K559-olcek-kanadi-19","planned","""BANT 021""","K559-olcek-kanadi-19",,"1072"
"K560","K560-olcek-kanadi-20","planned","""BANT 021""","K560-olcek-kanadi-20",,"1072"
"K561","K561-olcek-kanadi-21","planned","""BANT 021""","K561-olcek-kanadi-21",,"1072"
"K562","K562-olcek-kanadi-22","planned","""BANT 021""","K562-olcek-kanadi-22",,"1072"
"K563","K563-olcek-kanadi-23","planned","""BANT 021""","K563-olcek-kanadi-23",,"1072"
"K564","K564-olcek-kanadi-24","planned","""BANT 021""","K564-olcek-kanadi-24",,"1072"
"K565","K565-olcek-kanadi-25","planned","""BANT 021""","K565-olcek-kanadi-25",,"1072"
"K566","K566-olcek-kanadi-26","planned","""BANT 021""","K566-olcek-kanadi-26",,"1072"
"K567","K567-olcek-kanadi-27","planned","""BANT 021""","K567-olcek-kanadi-27",,"1072"
"K568","K568-olcek-kanadi-28","planned","""BANT 021""","K568-olcek-kanadi-28",,"1072"
"K569","K569-olcek-kanadi-29","planned","""BANT 021""","K569-olcek-kanadi-29",,"1072"
"K570","K570-olcek-kanadi-30","planned","""BANT 021""","K570-olcek-kanadi-30",,"1072"
"K571","K571-olcek-kanadi-31","planned","""BANT 021""","K571-olcek-kanadi-31",,"1072"
"K572","K572-olcek-kanadi-32","planned","""BANT 021""","K572-olcek-kanadi-32",,"1072"
"K573","K573-olcek-kanadi-33","planned","""BANT 021""","K573-olcek-kanadi-33",,"1072"
"K574","K574-olcek-kanadi-34","planned","""BANT 021""","K574-olcek-kanadi-34",,"1072"
"K575","K575-olcek-kanadi-35","planned","""BANT 021""","K575-olcek-kanadi-35",,"1072"
"K576","K576-olcek-kanadi-36","planned","""BANT 021""","K576-olcek-kanadi-36",,"1072"
"K577","K577-olcek-kanadi-37","planned","""BANT 021""","K577-olcek-kanadi-37",,"1072"
"K578","K578-olcek-kanadi-38","planned","""BANT 021""","K578-olcek-kanadi-38",,"1072"
"K579","K579-olcek-kanadi-39","planned","""BANT 021""","K579-olcek-kanadi-39",,"1072"
"K580","K580-olcek-kanadi-40","planned","""BANT 021""","K580-olcek-kanadi-40",,"1072"
"K581","K581-veri-otoyolu-01","planned","""BANT 022""","K581-veri-otoyolu-01",,"1070"
"K582","K582-veri-otoyolu-02","planned","""BANT 022""","K582-veri-otoyolu-02",,"1070"
"K583","K583-veri-otoyolu-03","planned","""BANT 022""","K583-veri-otoyolu-03",,"1070"
"K584","K584-veri-otoyolu-04","planned","""BANT 022""","K584-veri-otoyolu-04",,"1070"
"K585","K585-veri-otoyolu-05","planned","""BANT 022""","K585-veri-otoyolu-05",,"1070"
"K586","K586-veri-otoyolu-06","planned","""BANT 022""","K586-veri-otoyolu-06",,"1070"
"K587","K587-veri-otoyolu-07","planned","""BANT 022""","K587-veri-otoyolu-07",,"1070"
"K588","K588-veri-otoyolu-08","planned","""BANT 022""","K588-veri-otoyolu-08",,"1070"
"K589","K589-veri-otoyolu-09","planned","""BANT 022""","K589-veri-otoyolu-09",,"1070"
"K590","K590-veri-otoyolu-10","planned","""BANT 022""","K590-veri-otoyolu-10",,"1072"
"K591","K591-veri-otoyolu-11","planned","""BANT 022""","K591-veri-otoyolu-11",,"1072"
"K592","K592-veri-otoyolu-12","planned","""BANT 022""","K592-veri-otoyolu-12",,"1072"
"K593","K593-veri-otoyolu-13","planned","""BANT 022""","K593-veri-otoyolu-13",,"1072"
"K594","K594-veri-otoyolu-14","planned","""BANT 022""","K594-veri-otoyolu-14",,"1072"
"K595","K595-veri-otoyolu-15","planned","""BANT 022""","K595-veri-otoyolu-15",,"1072"
"K596","K596-veri-otoyolu-16","planned","""BANT 022""","K596-veri-otoyolu-16",,"1072"
"K597","K597-veri-otoyolu-17","planned","""BANT 022""","K597-veri-otoyolu-17",,"1072"
"K598","K598-veri-otoyolu-18","planned","""BANT 022""","K598-veri-otoyolu-18",,"1072"
"K599","K599-veri-otoyolu-19","planned","""BANT 022""","K599-veri-otoyolu-19",,"1072"
"K600","K600-veri-otoyolu-20","planned","""BANT 022""","K600-veri-otoyolu-20",,"1072"
"K601","K601-veri-otoyolu-21","planned","""BANT 022""","K601-veri-otoyolu-21",,"1072"
"K602","K602-veri-otoyolu-22","planned","""BANT 022""","K602-veri-otoyolu-22",,"1072"
"K603","K603-veri-otoyolu-23","planned","""BANT 022""","K603-veri-otoyolu-23",,"1072"
"K604","K604-veri-otoyolu-24","planned","""BANT 022""","K604-veri-otoyolu-24",,"1072"
"K605","K605-veri-otoyolu-25","planned","""BANT 022""","K605-veri-otoyolu-25",,"1072"
"K606","K606-veri-otoyolu-26","planned","""BANT 022""","K606-veri-otoyolu-26",,"1072"
"K607","K607-veri-otoyolu-27","planned","""BANT 022""","K607-veri-otoyolu-27",,"1072"
"K608","K608-veri-otoyolu-28","planned","""BANT 022""","K608-veri-otoyolu-28",,"1072"
"K609","K609-veri-otoyolu-29","planned","""BANT 022""","K609-veri-otoyolu-29",,"1072"
"K610","K610-veri-otoyolu-30","planned","""BANT 022""","K610-veri-otoyolu-30",,"1072"
"K611","K611-veri-otoyolu-31","planned","""BANT 022""","K611-veri-otoyolu-31",,"1072"
"K612","K612-veri-otoyolu-32","planned","""BANT 022""","K612-veri-otoyolu-32",,"1072"
"K613","K613-veri-otoyolu-33","planned","""BANT 022""","K613-veri-otoyolu-33",,"1072"
"K614","K614-veri-otoyolu-34","planned","""BANT 022""","K614-veri-otoyolu-34",,"1072"
"K615","K615-veri-otoyolu-35","planned","""BANT 022""","K615-veri-otoyolu-35",,"1072"
"K616","K616-veri-otoyolu-36","planned","""BANT 022""","K616-veri-otoyolu-36",,"1072"
"K617","K617-veri-otoyolu-37","planned","""BANT 022""","K617-veri-otoyolu-37",,"1072"
"K618","K618-veri-otoyolu-38","planned","""BANT 022""","K618-veri-otoyolu-38",,"1072"
"K619","K619-veri-otoyolu-39","planned","""BANT 022""","K619-veri-otoyolu-39",,"1072"
"K620","K620-veri-otoyolu-40","planned","""BANT 022""","K620-veri-otoyolu-40",,"1072"
"K621","K621-operasyon-koprusu-01","planned","""BANT 023""","K621-operasyon-koprusu-01",,"1095"
"K622","K622-operasyon-koprusu-02","planned","""BANT 023""","K622-operasyon-koprusu-02",,"1095"
"K623","K623-operasyon-koprusu-03","planned","""BANT 023""","K623-operasyon-koprusu-03",,"1095"
"K624","K624-operasyon-koprusu-04","planned","""BANT 023""","K624-operasyon-koprusu-04",,"1095"
"K625","K625-operasyon-koprusu-05","planned","""BANT 023""","K625-operasyon-koprusu-05",,"1095"
"K626","K626-operasyon-koprusu-06","planned","""BANT 023""","K626-operasyon-koprusu-06",,"1095"
"K627","K627-operasyon-koprusu-07","planned","""BANT 023""","K627-operasyon-koprusu-07",,"1095"
"K628","K628-operasyon-koprusu-08","planned","""BANT 023""","K628-operasyon-koprusu-08",,"1095"
"K629","K629-operasyon-koprusu-09","planned","""BANT 023""","K629-operasyon-koprusu-09",,"1095"
"K630","K630-operasyon-koprusu-10","planned","""BANT 023""","K630-operasyon-koprusu-10",,"1097"
"K631","K631-operasyon-koprusu-11","planned","""BANT 023""","K631-operasyon-koprusu-11",,"1097"
"K632","K632-operasyon-koprusu-12","planned","""BANT 023""","K632-operasyon-koprusu-12",,"1097"
"K633","K633-operasyon-koprusu-13","planned","""BANT 023""","K633-operasyon-koprusu-13",,"1097"
"K634","K634-operasyon-koprusu-14","planned","""BANT 023""","K634-operasyon-koprusu-14",,"1097"
"K635","K635-operasyon-koprusu-15","planned","""BANT 023""","K635-operasyon-koprusu-15",,"1097"
"K636","K636-operasyon-koprusu-16","planned","""BANT 023""","K636-operasyon-koprusu-16",,"1097"
"K637","K637-operasyon-koprusu-17","planned","""BANT 023""","K637-operasyon-koprusu-17",,"1097"
"K638","K638-operasyon-koprusu-18","planned","""BANT 023""","K638-operasyon-koprusu-18",,"1097"
"K639","K639-operasyon-koprusu-19","planned","""BANT 023""","K639-operasyon-koprusu-19",,"1097"
"K640","K640-operasyon-koprusu-20","planned","""BANT 023""","K640-operasyon-koprusu-20",,"1097"
"K641","K641-operasyon-koprusu-21","planned","""BANT 023""","K641-operasyon-koprusu-21",,"1097"
"K642","K642-operasyon-koprusu-22","planned","""BANT 023""","K642-operasyon-koprusu-22",,"1097"
"K643","K643-operasyon-koprusu-23","planned","""BANT 023""","K643-operasyon-koprusu-23",,"1097"
"K644","K644-operasyon-koprusu-24","planned","""BANT 023""","K644-operasyon-koprusu-24",,"1097"
"K645","K645-operasyon-koprusu-25","planned","""BANT 023""","K645-operasyon-koprusu-25",,"1097"
"K646","K646-operasyon-koprusu-26","planned","""BANT 023""","K646-operasyon-koprusu-26",,"1097"
"K647","K647-operasyon-koprusu-27","planned","""BANT 023""","K647-operasyon-koprusu-27",,"1097"
"K648","K648-operasyon-koprusu-28","planned","""BANT 023""","K648-operasyon-koprusu-28",,"1097"
"K649","K649-operasyon-koprusu-29","planned","""BANT 023""","K649-operasyon-koprusu-29",,"1097"
"K650","K650-operasyon-koprusu-30","planned","""BANT 023""","K650-operasyon-koprusu-30",,"1097"
"K651","K651-operasyon-koprusu-31","planned","""BANT 023""","K651-operasyon-koprusu-31",,"1097"
"K652","K652-operasyon-koprusu-32","planned","""BANT 023""","K652-operasyon-koprusu-32",,"1097"
"K653","K653-operasyon-koprusu-33","planned","""BANT 023""","K653-operasyon-koprusu-33",,"1097"
"K654","K654-operasyon-koprusu-34","planned","""BANT 023""","K654-operasyon-koprusu-34",,"1097"
"K655","K655-operasyon-koprusu-35","planned","""BANT 023""","K655-operasyon-koprusu-35",,"1097"
"K656","K656-operasyon-koprusu-36","planned","""BANT 023""","K656-operasyon-koprusu-36",,"1097"
"K657","K657-operasyon-koprusu-37","planned","""BANT 023""","K657-operasyon-koprusu-37",,"1097"
"K658","K658-operasyon-koprusu-38","planned","""BANT 023""","K658-operasyon-koprusu-38",,"1097"
"K659","K659-operasyon-koprusu-39","planned","""BANT 023""","K659-operasyon-koprusu-39",,"1097"
"K660","K660-operasyon-koprusu-40","planned","""BANT 023""","K660-operasyon-koprusu-40",,"1097"
"K661","K661-urun-hatti-01","planned","""BANT 024""","K661-urun-hatti-01",,"1060"
"K662","K662-urun-hatti-02","planned","""BANT 024""","K662-urun-hatti-02",,"1060"
"K663","K663-urun-hatti-03","planned","""BANT 024""","K663-urun-hatti-03",,"1060"
"K664","K664-urun-hatti-04","planned","""BANT 024""","K664-urun-hatti-04",,"1060"
"K665","K665-urun-hatti-05","planned","""BANT 024""","K665-urun-hatti-05",,"1060"
"K666","K666-urun-hatti-06","planned","""BANT 024""","K666-urun-hatti-06",,"1060"
"K667","K667-urun-hatti-07","planned","""BANT 024""","K667-urun-hatti-07",,"1060"
"K668","K668-urun-hatti-08","planned","""BANT 024""","K668-urun-hatti-08",,"1060"
"K669","K669-urun-hatti-09","planned","""BANT 024""","K669-urun-hatti-09",,"1060"
"K670","K670-urun-hatti-10","planned","""BANT 024""","K670-urun-hatti-10",,"1062"
"K671","K671-urun-hatti-11","planned","""BANT 024""","K671-urun-hatti-11",,"1062"
"K672","K672-urun-hatti-12","planned","""BANT 024""","K672-urun-hatti-12",,"1062"
"K673","K673-urun-hatti-13","planned","""BANT 024""","K673-urun-hatti-13",,"1062"
"K674","K674-urun-hatti-14","planned","""BANT 024""","K674-urun-hatti-14",,"1062"
"K675","K675-urun-hatti-15","planned","""BANT 024""","K675-urun-hatti-15",,"1062"
"K676","K676-urun-hatti-16","planned","""BANT 024""","K676-urun-hatti-16",,"1062"
"K677","K677-urun-hatti-17","planned","""BANT 024""","K677-urun-hatti-17",,"1062"
"K678","K678-urun-hatti-18","planned","""BANT 024""","K678-urun-hatti-18",,"1062"
"K679","K679-urun-hatti-19","planned","""BANT 024""","K679-urun-hatti-19",,"1062"
"K680","K680-urun-hatti-20","planned","""BANT 024""","K680-urun-hatti-20",,"1062"
"K681","K681-urun-hatti-21","planned","""BANT 024""","K681-urun-hatti-21",,"1062"
"K682","K682-urun-hatti-22","planned","""BANT 024""","K682-urun-hatti-22",,"1062"
"K683","K683-urun-hatti-23","planned","""BANT 024""","K683-urun-hatti-23",,"1062"
"K684","K684-urun-hatti-24","planned","""BANT 024""","K684-urun-hatti-24",,"1062"
"K685","K685-urun-hatti-25","planned","""BANT 024""","K685-urun-hatti-25",,"1062"
"K686","K686-urun-hatti-26","planned","""BANT 024""","K686-urun-hatti-26",,"1062"
"K687","K687-urun-hatti-27","planned","""BANT 024""","K687-urun-hatti-27",,"1062"
"K688","K688-urun-hatti-28","planned","""BANT 024""","K688-urun-hatti-28",,"1062"
"K689","K689-urun-hatti-29","planned","""BANT 024""","K689-urun-hatti-29",,"1062"
"K690","K690-urun-hatti-30","planned","""BANT 024""","K690-urun-hatti-30",,"1062"
"K691","K691-urun-hatti-31","planned","""BANT 024""","K691-urun-hatti-31",,"1062"
"K692","K692-urun-hatti-32","planned","""BANT 024""","K692-urun-hatti-32",,"1062"
"K693","K693-urun-hatti-33","planned","""BANT 024""","K693-urun-hatti-33",,"1062"
"K694","K694-urun-hatti-34","planned","""BANT 024""","K694-urun-hatti-34",,"1062"
"K695","K695-urun-hatti-35","planned","""BANT 024""","K695-urun-hatti-35",,"1062"
"K696","K696-urun-hatti-36","planned","""BANT 024""","K696-urun-hatti-36",,"1062"
"K697","K697-urun-hatti-37","planned","""BANT 024""","K697-urun-hatti-37",,"1062"
"K698","K698-urun-hatti-38","planned","""BANT 024""","K698-urun-hatti-38",,"1062"
"K699","K699-urun-hatti-39","planned","""BANT 024""","K699-urun-hatti-39",,"1062"
"K700","K700-urun-hatti-40","planned","""BANT 024""","K700-urun-hatti-40",,"1062"
"K701","K701-buyume-motoru-01","planned","""BANT 025""","K701-buyume-motoru-01",,"1075"
"K702","K702-buyume-motoru-02","planned","""BANT 025""","K702-buyume-motoru-02",,"1075"
"K703","K703-buyume-motoru-03","planned","""BANT 025""","K703-buyume-motoru-03",,"1075"
"K704","K704-buyume-motoru-04","planned","""BANT 025""","K704-buyume-motoru-04",,"1075"
"K705","K705-buyume-motoru-05","planned","""BANT 025""","K705-buyume-motoru-05",,"1075"
"K706","K706-buyume-motoru-06","planned","""BANT 025""","K706-buyume-motoru-06",,"1075"
"K707","K707-buyume-motoru-07","planned","""BANT 025""","K707-buyume-motoru-07",,"1075"
"K708","K708-buyume-motoru-08","planned","""BANT 025""","K708-buyume-motoru-08",,"1075"
"K709","K709-buyume-motoru-09","planned","""BANT 025""","K709-buyume-motoru-09",,"1075"
"K710","K710-buyume-motoru-10","planned","""BANT 025""","K710-buyume-motoru-10",,"1077"
"K711","K711-buyume-motoru-11","planned","""BANT 025""","K711-buyume-motoru-11",,"1077"
"K712","K712-buyume-motoru-12","planned","""BANT 025""","K712-buyume-motoru-12",,"1077"
"K713","K713-buyume-motoru-13","planned","""BANT 025""","K713-buyume-motoru-13",,"1077"
"K714","K714-buyume-motoru-14","planned","""BANT 025""","K714-buyume-motoru-14",,"1077"
"K715","K715-buyume-motoru-15","planned","""BANT 025""","K715-buyume-motoru-15",,"1077"
"K716","K716-buyume-motoru-16","planned","""BANT 025""","K716-buyume-motoru-16",,"1077"
"K717","K717-buyume-motoru-17","planned","""BANT 025""","K717-buyume-motoru-17",,"1077"
"K718","K718-buyume-motoru-18","planned","""BANT 025""","K718-buyume-motoru-18",,"1077"
"K719","K719-buyume-motoru-19","planned","""BANT 025""","K719-buyume-motoru-19",,"1077"
"K720","K720-buyume-motoru-20","planned","""BANT 025""","K720-buyume-motoru-20",,"1077"
"K721","K721-buyume-motoru-21","planned","""BANT 025""","K721-buyume-motoru-21",,"1077"
"K722","K722-buyume-motoru-22","planned","""BANT 025""","K722-buyume-motoru-22",,"1077"
"K723","K723-buyume-motoru-23","planned","""BANT 025""","K723-buyume-motoru-23",,"1077"
"K724","K724-buyume-motoru-24","planned","""BANT 025""","K724-buyume-motoru-24",,"1077"
"K725","K725-buyume-motoru-25","planned","""BANT 025""","K725-buyume-motoru-25",,"1077"
"K726","K726-buyume-motoru-26","planned","""BANT 025""","K726-buyume-motoru-26",,"1077"
"K727","K727-buyume-motoru-27","planned","""BANT 025""","K727-buyume-motoru-27",,"1077"
"K728","K728-buyume-motoru-28","planned","""BANT 025""","K728-buyume-motoru-28",,"1077"
"K729","K729-buyume-motoru-29","planned","""BANT 025""","K729-buyume-motoru-29",,"1077"
"K730","K730-buyume-motoru-30","planned","""BANT 025""","K730-buyume-motoru-30",,"1077"
"K731","K731-buyume-motoru-31","planned","""BANT 025""","K731-buyume-motoru-31",,"1077"
"K732","K732-buyume-motoru-32","planned","""BANT 025""","K732-buyume-motoru-32",,"1077"
"K733","K733-buyume-motoru-33","planned","""BANT 025""","K733-buyume-motoru-33",,"1077"
"K734","K734-buyume-motoru-34","planned","""BANT 025""","K734-buyume-motoru-34",,"1077"
"K735","K735-buyume-motoru-35","planned","""BANT 025""","K735-buyume-motoru-35",,"1077"
"K736","K736-buyume-motoru-36","planned","""BANT 025""","K736-buyume-motoru-36",,"1077"
"K737","K737-buyume-motoru-37","planned","""BANT 025""","K737-buyume-motoru-37",,"1077"
"K738","K738-buyume-motoru-38","planned","""BANT 025""","K738-buyume-motoru-38",,"1077"
"K739","K739-buyume-motoru-39","planned","""BANT 025""","K739-buyume-motoru-39",,"1077"
"K740","K740-buyume-motoru-40","planned","""BANT 025""","K740-buyume-motoru-40",,"1077"
"K741","K741-guven-hatti-01","planned","""BANT 026""","K741-guven-hatti-01",,"1065"
"K742","K742-guven-hatti-02","planned","""BANT 026""","K742-guven-hatti-02",,"1065"
"K743","K743-guven-hatti-03","planned","""BANT 026""","K743-guven-hatti-03",,"1065"
"K744","K744-guven-hatti-04","planned","""BANT 026""","K744-guven-hatti-04",,"1065"
"K745","K745-guven-hatti-05","planned","""BANT 026""","K745-guven-hatti-05",,"1065"
"K746","K746-guven-hatti-06","planned","""BANT 026""","K746-guven-hatti-06",,"1065"
"K747","K747-guven-hatti-07","planned","""BANT 026""","K747-guven-hatti-07",,"1065"
"K748","K748-guven-hatti-08","planned","""BANT 026""","K748-guven-hatti-08",,"1065"
"K749","K749-guven-hatti-09","planned","""BANT 026""","K749-guven-hatti-09",,"1065"
"K750","K750-guven-hatti-10","planned","""BANT 026""","K750-guven-hatti-10",,"1067"
"K751","K751-guven-hatti-11","planned","""BANT 026""","K751-guven-hatti-11",,"1067"
"K752","K752-guven-hatti-12","planned","""BANT 026""","K752-guven-hatti-12",,"1067"
"K753","K753-guven-hatti-13","planned","""BANT 026""","K753-guven-hatti-13",,"1067"
"K754","K754-guven-hatti-14","planned","""BANT 026""","K754-guven-hatti-14",,"1067"
"K755","K755-guven-hatti-15","planned","""BANT 026""","K755-guven-hatti-15",,"1067"
"K756","K756-guven-hatti-16","planned","""BANT 026""","K756-guven-hatti-16",,"1067"
"K757","K757-guven-hatti-17","planned","""BANT 026""","K757-guven-hatti-17",,"1067"
"K758","K758-guven-hatti-18","planned","""BANT 026""","K758-guven-hatti-18",,"1067"
"K759","K759-guven-hatti-19","planned","""BANT 026""","K759-guven-hatti-19",,"1067"
"K760","K760-guven-hatti-20","planned","""BANT 026""","K760-guven-hatti-20",,"1067"
"K761","K761-guven-hatti-21","planned","""BANT 026""","K761-guven-hatti-21",,"1067"
"K762","K762-guven-hatti-22","planned","""BANT 026""","K762-guven-hatti-22",,"1067"
"K763","K763-guven-hatti-23","planned","""BANT 026""","K763-guven-hatti-23",,"1067"
"K764","K764-guven-hatti-24","planned","""BANT 026""","K764-guven-hatti-24",,"1067"
"K765","K765-guven-hatti-25","planned","""BANT 026""","K765-guven-hatti-25",,"1067"
"K766","K766-guven-hatti-26","planned","""BANT 026""","K766-guven-hatti-26",,"1067"
"K767","K767-guven-hatti-27","planned","""BANT 026""","K767-guven-hatti-27",,"1067"
"K768","K768-guven-hatti-28","planned","""BANT 026""","K768-guven-hatti-28",,"1067"
"K769","K769-guven-hatti-29","planned","""BANT 026""","K769-guven-hatti-29",,"1067"
"K770","K770-guven-hatti-30","planned","""BANT 026""","K770-guven-hatti-30",,"1067"
"K771","K771-guven-hatti-31","planned","""BANT 026""","K771-guven-hatti-31",,"1067"
"K772","K772-guven-hatti-32","planned","""BANT 026""","K772-guven-hatti-32",,"1067"
"K773","K773-guven-hatti-33","planned","""BANT 026""","K773-guven-hatti-33",,"1067"
"K774","K774-guven-hatti-34","planned","""BANT 026""","K774-guven-hatti-34",,"1067"
"K775","K775-guven-hatti-35","planned","""BANT 026""","K775-guven-hatti-35",,"1067"
"K776","K776-guven-hatti-36","planned","""BANT 026""","K776-guven-hatti-36",,"1067"
"K777","K777-guven-hatti-37","planned","""BANT 026""","K777-guven-hatti-37",,"1067"
"K778","K778-guven-hatti-38","planned","""BANT 026""","K778-guven-hatti-38",,"1067"
"K779","K779-guven-hatti-39","planned","""BANT 026""","K779-guven-hatti-39",,"1067"
"K780","K780-guven-hatti-40","planned","""BANT 026""","K780-guven-hatti-40",,"1067"
"K781","K781-calisma-zamani-piyesi-01","planned","""BANT 027""","K781-calisma-zamani-piyesi-01",,"1115"
"K782","K782-calisma-zamani-piyesi-02","planned","""BANT 027""","K782-calisma-zamani-piyesi-02",,"1115"
"K783","K783-calisma-zamani-piyesi-03","planned","""BANT 027""","K783-calisma-zamani-piyesi-03",,"1115"
"K784","K784-calisma-zamani-piyesi-04","planned","""BANT 027""","K784-calisma-zamani-piyesi-04",,"1115"
"K785","K785-calisma-zamani-piyesi-05","planned","""BANT 027""","K785-calisma-zamani-piyesi-05",,"1115"
"K786","K786-calisma-zamani-piyesi-06","planned","""BANT 027""","K786-calisma-zamani-piyesi-06",,"1115"
"K787","K787-calisma-zamani-piyesi-07","planned","""BANT 027""","K787-calisma-zamani-piyesi-07",,"1115"
"K788","K788-calisma-zamani-piyesi-08","planned","""BANT 027""","K788-calisma-zamani-piyesi-08",,"1115"
"K789","K789-calisma-zamani-piyesi-09","planned","""BANT 027""","K789-calisma-zamani-piyesi-09",,"1115"
"K790","K790-calisma-zamani-piyesi-10","planned","""BANT 027""","K790-calisma-zamani-piyesi-10",,"1117"
"K791","K791-calisma-zamani-piyesi-11","planned","""BANT 027""","K791-calisma-zamani-piyesi-11",,"1117"
"K792","K792-calisma-zamani-piyesi-12","planned","""BANT 027""","K792-calisma-zamani-piyesi-12",,"1117"
"K793","K793-calisma-zamani-piyesi-13","planned","""BANT 027""","K793-calisma-zamani-piyesi-13",,"1117"
"K794","K794-calisma-zamani-piyesi-14","planned","""BANT 027""","K794-calisma-zamani-piyesi-14",,"1117"
"K795","K795-calisma-zamani-piyesi-15","planned","""BANT 027""","K795-calisma-zamani-piyesi-15",,"1117"
"K796","K796-calisma-zamani-piyesi-16","planned","""BANT 027""","K796-calisma-zamani-piyesi-16",,"1117"
"K797","K797-calisma-zamani-piyesi-17","planned","""BANT 027""","K797-calisma-zamani-piyesi-17",,"1117"
"K798","K798-calisma-zamani-piyesi-18","planned","""BANT 027""","K798-calisma-zamani-piyesi-18",,"1117"
"K799","K799-calisma-zamani-piyesi-19","planned","""BANT 027""","K799-calisma-zamani-piyesi-19",,"1117"
"K800","K800-calisma-zamani-piyesi-20","planned","""BANT 027""","K800-calisma-zamani-piyesi-20",,"1117"
"K801","K801-calisma-zamani-piyesi-21","planned","""BANT 027""","K801-calisma-zamani-piyesi-21",,"1117"
"K802","K802-calisma-zamani-piyesi-22","planned","""BANT 027""","K802-calisma-zamani-piyesi-22",,"1117"
"K803","K803-calisma-zamani-piyesi-23","planned","""BANT 027""","K803-calisma-zamani-piyesi-23",,"1117"
"K804","K804-calisma-zamani-piyesi-24","planned","""BANT 027""","K804-calisma-zamani-piyesi-24",,"1117"
"K805","K805-calisma-zamani-piyesi-25","planned","""BANT 027""","K805-calisma-zamani-piyesi-25",,"1117"
"K806","K806-calisma-zamani-piyesi-26","planned","""BANT 027""","K806-calisma-zamani-piyesi-26",,"1117"
"K807","K807-calisma-zamani-piyesi-27","planned","""BANT 027""","K807-calisma-zamani-piyesi-27",,"1117"
"K808","K808-calisma-zamani-piyesi-28","planned","""BANT 027""","K808-calisma-zamani-piyesi-28",,"1117"
"K809","K809-calisma-zamani-piyesi-29","planned","""BANT 027""","K809-calisma-zamani-piyesi-29",,"1117"
"K810","K810-calisma-zamani-piyesi-30","planned","""BANT 027""","K810-calisma-zamani-piyesi-30",,"1117"
"K811","K811-calisma-zamani-piyesi-31","planned","""BANT 027""","K811-calisma-zamani-piyesi-31",,"1117"
"K812","K812-calisma-zamani-piyesi-32","planned","""BANT 027""","K812-calisma-zamani-piyesi-32",,"1117"
"K813","K813-calisma-zamani-piyesi-33","planned","""BANT 027""","K813-calisma-zamani-piyesi-33",,"1117"
"K814","K814-calisma-zamani-piyesi-34","planned","""BANT 027""","K814-calisma-zamani-piyesi-34",,"1117"
"K815","K815-calisma-zamani-piyesi-35","planned","""BANT 027""","K815-calisma-zamani-piyesi-35",,"1117"
"K816","K816-calisma-zamani-piyesi-36","planned","""BANT 027""","K816-calisma-zamani-piyesi-36",,"1117"
"K817","K817-calisma-zamani-piyesi-37","planned","""BANT 027""","K817-calisma-zamani-piyesi-37",,"1117"
"K818","K818-calisma-zamani-piyesi-38","planned","""BANT 027""","K818-calisma-zamani-piyesi-38",,"1117"
"K819","K819-calisma-zamani-piyesi-39","planned","""BANT 027""","K819-calisma-zamani-piyesi-39",,"1117"
"K820","K820-calisma-zamani-piyesi-40","planned","""BANT 027""","K820-calisma-zamani-piyesi-40",,"1117"
"K821","K821-veri-sahnesi-01","planned","""BANT 028""","K821-veri-sahnesi-01",,"1070"
"K822","K822-veri-sahnesi-02","planned","""BANT 028""","K822-veri-sahnesi-02",,"1070"
"K823","K823-veri-sahnesi-03","planned","""BANT 028""","K823-veri-sahnesi-03",,"1070"
"K824","K824-veri-sahnesi-04","planned","""BANT 028""","K824-veri-sahnesi-04",,"1070"
"K825","K825-veri-sahnesi-05","planned","""BANT 028""","K825-veri-sahnesi-05",,"1070"
"K826","K826-veri-sahnesi-06","planned","""BANT 028""","K826-veri-sahnesi-06",,"1070"
"K827","K827-veri-sahnesi-07","planned","""BANT 028""","K827-veri-sahnesi-07",,"1070"
"K828","K828-veri-sahnesi-08","planned","""BANT 028""","K828-veri-sahnesi-08",,"1070"
"K829","K829-veri-sahnesi-09","planned","""BANT 028""","K829-veri-sahnesi-09",,"1070"
"K830","K830-veri-sahnesi-10","planned","""BANT 028""","K830-veri-sahnesi-10",,"1072"
"K831","K831-veri-sahnesi-11","planned","""BANT 028""","K831-veri-sahnesi-11",,"1072"
"K832","K832-veri-sahnesi-12","planned","""BANT 028""","K832-veri-sahnesi-12",,"1072"
"K833","K833-veri-sahnesi-13","planned","""BANT 028""","K833-veri-sahnesi-13",,"1072"
"K834","K834-veri-sahnesi-14","planned","""BANT 028""","K834-veri-sahnesi-14",,"1072"
"K835","K835-veri-sahnesi-15","planned","""BANT 028""","K835-veri-sahnesi-15",,"1072"
"K836","K836-veri-sahnesi-16","planned","""BANT 028""","K836-veri-sahnesi-16",,"1072"
"K837","K837-veri-sahnesi-17","planned","""BANT 028""","K837-veri-sahnesi-17",,"1072"
"K838","K838-veri-sahnesi-18","planned","""BANT 028""","K838-veri-sahnesi-18",,"1072"
"K839","K839-veri-sahnesi-19","planned","""BANT 028""","K839-veri-sahnesi-19",,"1072"
"K840","K840-veri-sahnesi-20","planned","""BANT 028""","K840-veri-sahnesi-20",,"1072"
"K841","K841-veri-sahnesi-21","planned","""BANT 028""","K841-veri-sahnesi-21",,"1072"
"K842","K842-veri-sahnesi-22","planned","""BANT 028""","K842-veri-sahnesi-22",,"1072"
"K843","K843-veri-sahnesi-23","planned","""BANT 028""","K843-veri-sahnesi-23",,"1072"
"K844","K844-veri-sahnesi-24","planned","""BANT 028""","K844-veri-sahnesi-24",,"1072"
"K845","K845-veri-sahnesi-25","planned","""BANT 028""","K845-veri-sahnesi-25",,"1072"
"K846","K846-veri-sahnesi-26","planned","""BANT 028""","K846-veri-sahnesi-26",,"1072"
"K847","K847-veri-sahnesi-27","planned","""BANT 028""","K847-veri-sahnesi-27",,"1072"
"K848","K848-veri-sahnesi-28","planned","""BANT 028""","K848-veri-sahnesi-28",,"1072"
"K849","K849-veri-sahnesi-29","planned","""BANT 028""","K849-veri-sahnesi-29",,"1072"
"K850","K850-veri-sahnesi-30","planned","""BANT 028""","K850-veri-sahnesi-30",,"1072"
"K851","K851-veri-sahnesi-31","planned","""BANT 028""","K851-veri-sahnesi-31",,"1072"
"K852","K852-veri-sahnesi-32","planned","""BANT 028""","K852-veri-sahnesi-32",,"1072"
"K853","K853-veri-sahnesi-33","planned","""BANT 028""","K853-veri-sahnesi-33",,"1072"
"K854","K854-veri-sahnesi-34","planned","""BANT 028""","K854-veri-sahnesi-34",,"1072"
"K855","K855-veri-sahnesi-35","planned","""BANT 028""","K855-veri-sahnesi-35",,"1072"
"K856","K856-veri-sahnesi-36","planned","""BANT 028""","K856-veri-sahnesi-36",,"1072"
"K857","K857-veri-sahnesi-37","planned","""BANT 028""","K857-veri-sahnesi-37",,"1072"
"K858","K858-veri-sahnesi-38","planned","""BANT 028""","K858-veri-sahnesi-38",,"1072"
"K859","K859-veri-sahnesi-39","planned","""BANT 028""","K859-veri-sahnesi-39",,"1072"
"K860","K860-veri-sahnesi-40","planned","""BANT 028""","K860-veri-sahnesi-40",,"1072"
"K861","K861-zeka-sahnesi-01","planned","""BANT 029""","K861-zeka-sahnesi-01",,"1070"
"K862","K862-zeka-sahnesi-02","planned","""BANT 029""","K862-zeka-sahnesi-02",,"1070"
"K863","K863-zeka-sahnesi-03","planned","""BANT 029""","K863-zeka-sahnesi-03",,"1070"
"K864","K864-zeka-sahnesi-04","planned","""BANT 029""","K864-zeka-sahnesi-04",,"1070"
"K865","K865-zeka-sahnesi-05","planned","""BANT 029""","K865-zeka-sahnesi-05",,"1070"
"K866","K866-zeka-sahnesi-06","planned","""BANT 029""","K866-zeka-sahnesi-06",,"1070"
"K867","K867-zeka-sahnesi-07","planned","""BANT 029""","K867-zeka-sahnesi-07",,"1070"
"K868","K868-zeka-sahnesi-08","planned","""BANT 029""","K868-zeka-sahnesi-08",,"1070"
"K869","K869-zeka-sahnesi-09","planned","""BANT 029""","K869-zeka-sahnesi-09",,"1070"
"K870","K870-zeka-sahnesi-10","planned","""BANT 029""","K870-zeka-sahnesi-10",,"1072"
"K871","K871-zeka-sahnesi-11","planned","""BANT 029""","K871-zeka-sahnesi-11",,"1072"
"K872","K872-zeka-sahnesi-12","planned","""BANT 029""","K872-zeka-sahnesi-12",,"1072"
"K873","K873-zeka-sahnesi-13","planned","""BANT 029""","K873-zeka-sahnesi-13",,"1072"
"K874","K874-zeka-sahnesi-14","planned","""BANT 029""","K874-zeka-sahnesi-14",,"1072"
"K875","K875-zeka-sahnesi-15","planned","""BANT 029""","K875-zeka-sahnesi-15",,"1072"
"K876","K876-zeka-sahnesi-16","planned","""BANT 029""","K876-zeka-sahnesi-16",,"1072"
"K877","K877-zeka-sahnesi-17","planned","""BANT 029""","K877-zeka-sahnesi-17",,"1072"
"K878","K878-zeka-sahnesi-18","planned","""BANT 029""","K878-zeka-sahnesi-18",,"1072"
"K879","K879-zeka-sahnesi-19","planned","""BANT 029""","K879-zeka-sahnesi-19",,"1072"
"K880","K880-zeka-sahnesi-20","planned","""BANT 029""","K880-zeka-sahnesi-20",,"1072"
"K881","K881-zeka-sahnesi-21","planned","""BANT 029""","K881-zeka-sahnesi-21",,"1072"
"K882","K882-zeka-sahnesi-22","planned","""BANT 029""","K882-zeka-sahnesi-22",,"1072"
"K883","K883-zeka-sahnesi-23","planned","""BANT 029""","K883-zeka-sahnesi-23",,"1072"
"K884","K884-zeka-sahnesi-24","planned","""BANT 029""","K884-zeka-sahnesi-24",,"1072"
"K885","K885-zeka-sahnesi-25","planned","""BANT 029""","K885-zeka-sahnesi-25",,"1072"
"K886","K886-zeka-sahnesi-26","planned","""BANT 029""","K886-zeka-sahnesi-26",,"1072"
"K887","K887-zeka-sahnesi-27","planned","""BANT 029""","K887-zeka-sahnesi-27",,"1072"
"K888","K888-zeka-sahnesi-28","planned","""BANT 029""","K888-zeka-sahnesi-28",,"1072"
"K889","K889-zeka-sahnesi-29","planned","""BANT 029""","K889-zeka-sahnesi-29",,"1072"
"K890","K890-zeka-sahnesi-30","planned","""BANT 029""","K890-zeka-sahnesi-30",,"1072"
"K891","K891-zeka-sahnesi-31","planned","""BANT 029""","K891-zeka-sahnesi-31",,"1072"
"K892","K892-zeka-sahnesi-32","planned","""BANT 029""","K892-zeka-sahnesi-32",,"1072"
"K893","K893-zeka-sahnesi-33","planned","""BANT 029""","K893-zeka-sahnesi-33",,"1072"
"K894","K894-zeka-sahnesi-34","planned","""BANT 029""","K894-zeka-sahnesi-34",,"1072"
"K895","K895-zeka-sahnesi-35","planned","""BANT 029""","K895-zeka-sahnesi-35",,"1072"
"K896","K896-zeka-sahnesi-36","planned","""BANT 029""","K896-zeka-sahnesi-36",,"1072"
"K897","K897-zeka-sahnesi-37","planned","""BANT 029""","K897-zeka-sahnesi-37",,"1072"
"K898","K898-zeka-sahnesi-38","planned","""BANT 029""","K898-zeka-sahnesi-38",,"1072"
"K899","K899-zeka-sahnesi-39","planned","""BANT 029""","K899-zeka-sahnesi-39",,"1072"
"K900","K900-zeka-sahnesi-40","planned","""BANT 029""","K900-zeka-sahnesi-40",,"1072"
"K901","K901-medya-sahnesi-01","planned","""BANT 030""","K901-medya-sahnesi-01",,"1075"
"K902","K902-medya-sahnesi-02","planned","""BANT 030""","K902-medya-sahnesi-02",,"1075"
"K903","K903-medya-sahnesi-03","planned","""BANT 030""","K903-medya-sahnesi-03",,"1075"
"K904","K904-medya-sahnesi-04","planned","""BANT 030""","K904-medya-sahnesi-04",,"1075"
"K905","K905-medya-sahnesi-05","planned","""BANT 030""","K905-medya-sahnesi-05",,"1075"
"K906","K906-medya-sahnesi-06","planned","""BANT 030""","K906-medya-sahnesi-06",,"1075"
"K907","K907-medya-sahnesi-07","planned","""BANT 030""","K907-medya-sahnesi-07",,"1075"
"K908","K908-medya-sahnesi-08","planned","""BANT 030""","K908-medya-sahnesi-08",,"1075"
"K909","K909-medya-sahnesi-09","planned","""BANT 030""","K909-medya-sahnesi-09",,"1075"
"K910","K910-medya-sahnesi-10","planned","""BANT 030""","K910-medya-sahnesi-10",,"1077"
"K911","K911-medya-sahnesi-11","planned","""BANT 030""","K911-medya-sahnesi-11",,"1077"
"K912","K912-medya-sahnesi-12","planned","""BANT 030""","K912-medya-sahnesi-12",,"1077"
"K913","K913-medya-sahnesi-13","planned","""BANT 030""","K913-medya-sahnesi-13",,"1077"
"K914","K914-medya-sahnesi-14","planned","""BANT 030""","K914-medya-sahnesi-14",,"1077"
"K915","K915-medya-sahnesi-15","planned","""BANT 030""","K915-medya-sahnesi-15",,"1077"
"K916","K916-medya-sahnesi-16","planned","""BANT 030""","K916-medya-sahnesi-16",,"1077"
"K917","K917-medya-sahnesi-17","planned","""BANT 030""","K917-medya-sahnesi-17",,"1077"
"K918","K918-medya-sahnesi-18","planned","""BANT 030""","K918-medya-sahnesi-18",,"1077"
"K919","K919-medya-sahnesi-19","planned","""BANT 030""","K919-medya-sahnesi-19",,"1077"
"K920","K920-medya-sahnesi-20","planned","""BANT 030""","K920-medya-sahnesi-20",,"1077"
"K921","K921-medya-sahnesi-21","planned","""BANT 030""","K921-medya-sahnesi-21",,"1077"
"K922","K922-medya-sahnesi-22","planned","""BANT 030""","K922-medya-sahnesi-22",,"1077"
"K923","K923-medya-sahnesi-23","planned","""BANT 030""","K923-medya-sahnesi-23",,"1077"
"K924","K924-medya-sahnesi-24","planned","""BANT 030""","K924-medya-sahnesi-24",,"1077"
"K925","K925-medya-sahnesi-25","planned","""BANT 030""","K925-medya-sahnesi-25",,"1077"
"K926","K926-medya-sahnesi-26","planned","""BANT 030""","K926-medya-sahnesi-26",,"1077"
"K927","K927-medya-sahnesi-27","planned","""BANT 030""","K927-medya-sahnesi-27",,"1077"
"K928","K928-medya-sahnesi-28","planned","""BANT 030""","K928-medya-sahnesi-28",,"1077"
"K929","K929-medya-sahnesi-29","planned","""BANT 030""","K929-medya-sahnesi-29",,"1077"
"K930","K930-medya-sahnesi-30","planned","""BANT 030""","K930-medya-sahnesi-30",,"1077"
"K931","K931-medya-sahnesi-31","planned","""BANT 030""","K931-medya-sahnesi-31",,"1077"
"K932","K932-medya-sahnesi-32","planned","""BANT 030""","K932-medya-sahnesi-32",,"1077"
"K933","K933-medya-sahnesi-33","planned","""BANT 030""","K933-medya-sahnesi-33",,"1077"
"K934","K934-medya-sahnesi-34","planned","""BANT 030""","K934-medya-sahnesi-34",,"1077"
"K935","K935-medya-sahnesi-35","planned","""BANT 030""","K935-medya-sahnesi-35",,"1077"
"K936","K936-medya-sahnesi-36","planned","""BANT 030""","K936-medya-sahnesi-36",,"1077"
"K937","K937-medya-sahnesi-37","planned","""BANT 030""","K937-medya-sahnesi-37",,"1077"
"K938","K938-medya-sahnesi-38","planned","""BANT 030""","K938-medya-sahnesi-38",,"1077"
"K939","K939-medya-sahnesi-39","planned","""BANT 030""","K939-medya-sahnesi-39",,"1077"
"K940","K940-medya-sahnesi-40","planned","""BANT 030""","K940-medya-sahnesi-40",,"1077"
"K941","K941-kenar-sahnesi-01","planned","""BANT 031""","K941-kenar-sahnesi-01",,"1075"
"K942","K942-kenar-sahnesi-02","planned","""BANT 031""","K942-kenar-sahnesi-02",,"1075"
"K943","K943-kenar-sahnesi-03","planned","""BANT 031""","K943-kenar-sahnesi-03",,"1075"
"K944","K944-kenar-sahnesi-04","planned","""BANT 031""","K944-kenar-sahnesi-04",,"1075"
"K945","K945-kenar-sahnesi-05","planned","""BANT 031""","K945-kenar-sahnesi-05",,"1075"
"K946","K946-kenar-sahnesi-06","planned","""BANT 031""","K946-kenar-sahnesi-06",,"1075"
"K947","K947-kenar-sahnesi-07","planned","""BANT 031""","K947-kenar-sahnesi-07",,"1075"
"K948","K948-kenar-sahnesi-08","planned","""BANT 031""","K948-kenar-sahnesi-08",,"1075"
"K949","K949-kenar-sahnesi-09","planned","""BANT 031""","K949-kenar-sahnesi-09",,"1075"
"K950","K950-kenar-sahnesi-10","planned","""BANT 031""","K950-kenar-sahnesi-10",,"1077"
"K951","K951-kenar-sahnesi-11","planned","""BANT 031""","K951-kenar-sahnesi-11",,"1077"
"K952","K952-kenar-sahnesi-12","planned","""BANT 031""","K952-kenar-sahnesi-12",,"1077"
"K953","K953-kenar-sahnesi-13","planned","""BANT 031""","K953-kenar-sahnesi-13",,"1077"
"K954","K954-kenar-sahnesi-14","planned","""BANT 031""","K954-kenar-sahnesi-14",,"1077"
"K955","K955-kenar-sahnesi-15","planned","""BANT 031""","K955-kenar-sahnesi-15",,"1077"
"K956","K956-kenar-sahnesi-16","planned","""BANT 031""","K956-kenar-sahnesi-16",,"1077"
"K957","K957-kenar-sahnesi-17","planned","""BANT 031""","K957-kenar-sahnesi-17",,"1077"
"K958","K958-kenar-sahnesi-18","planned","""BANT 031""","K958-kenar-sahnesi-18",,"1077"
"K959","K959-kenar-sahnesi-19","planned","""BANT 031""","K959-kenar-sahnesi-19",,"1077"
"K960","K960-kenar-sahnesi-20","planned","""BANT 031""","K960-kenar-sahnesi-20",,"1077"
"K961","K961-kenar-sahnesi-21","planned","""BANT 031""","K961-kenar-sahnesi-21",,"1077"
"K962","K962-kenar-sahnesi-22","planned","""BANT 031""","K962-kenar-sahnesi-22",,"1077"
"K963","K963-kenar-sahnesi-23","planned","""BANT 031""","K963-kenar-sahnesi-23",,"1077"
"K964","K964-kenar-sahnesi-24","planned","""BANT 031""","K964-kenar-sahnesi-24",,"1077"
"K965","K965-kenar-sahnesi-25","planned","""BANT 031""","K965-kenar-sahnesi-25",,"1077"
"K966","K966-kenar-sahnesi-26","planned","""BANT 031""","K966-kenar-sahnesi-26",,"1077"
"K967","K967-kenar-sahnesi-27","planned","""BANT 031""","K967-kenar-sahnesi-27",,"1077"
"K968","K968-kenar-sahnesi-28","planned","""BANT 031""","K968-kenar-sahnesi-28",,"1077"
"K969","K969-kenar-sahnesi-29","planned","""BANT 031""","K969-kenar-sahnesi-29",,"1077"
"K970","K970-kenar-sahnesi-30","planned","""BANT 031""","K970-kenar-sahnesi-30",,"1077"
"K971","K971-kenar-sahnesi-31","planned","""BANT 031""","K971-kenar-sahnesi-31",,"1077"
"K972","K972-kenar-sahnesi-32","planned","""BANT 031""","K972-kenar-sahnesi-32",,"1077"
"K973","K973-kenar-sahnesi-33","planned","""BANT 031""","K973-kenar-sahnesi-33",,"1077"
"K974","K974-kenar-sahnesi-34","planned","""BANT 031""","K974-kenar-sahnesi-34",,"1077"
"K975","K975-kenar-sahnesi-35","planned","""BANT 031""","K975-kenar-sahnesi-35",,"1077"
"K976","K976-kenar-sahnesi-36","planned","""BANT 031""","K976-kenar-sahnesi-36",,"1077"
"K977","K977-kenar-sahnesi-37","planned","""BANT 031""","K977-kenar-sahnesi-37",,"1077"
"K978","K978-kenar-sahnesi-38","planned","""BANT 031""","K978-kenar-sahnesi-38",,"1077"
"K979","K979-kenar-sahnesi-39","planned","""BANT 031""","K979-kenar-sahnesi-39",,"1077"
"K980","K980-kenar-sahnesi-40","planned","""BANT 031""","K980-kenar-sahnesi-40",,"1077"
"K981","K981-otomotiv-derinligi-01","planned","""BANT 032""","K981-otomotiv-derinligi-01",,"1101"
"K982","K982-otomotiv-derinligi-02","planned","""BANT 032""","K982-otomotiv-derinligi-02",,"1101"
"K983","K983-otomotiv-derinligi-03","planned","""BANT 032""","K983-otomotiv-derinligi-03",,"1101"
"K984","K984-otomotiv-derinligi-04","planned","""BANT 032""","K984-otomotiv-derinligi-04",,"1101"
"K985","K985-otomotiv-derinligi-05","planned","""BANT 032""","K985-otomotiv-derinligi-05",,"1101"
"K986","K986-otomotiv-derinligi-06","planned","""BANT 032""","K986-otomotiv-derinligi-06",,"1101"
"K987","K987-otomotiv-derinligi-07","planned","""BANT 032""","K987-otomotiv-derinligi-07",,"1101"
"K988","K988-otomotiv-derinligi-08","planned","""BANT 032""","K988-otomotiv-derinligi-08",,"1101"
"K989","K989-otomotiv-derinligi-09","planned","""BANT 032""","K989-otomotiv-derinligi-09",,"1101"
"K990","K990-otomotiv-derinligi-10","planned","""BANT 032""","K990-otomotiv-derinligi-10",,"1103"
"K991","K991-otomotiv-derinligi-11","planned","""BANT 032""","K991-otomotiv-derinligi-11",,"1103"
"K992","K992-otomotiv-derinligi-12","planned","""BANT 032""","K992-otomotiv-derinligi-12",,"1103"
"K993","K993-otomotiv-derinligi-13","planned","""BANT 032""","K993-otomotiv-derinligi-13",,"1103"
"K994","K994-otomotiv-derinligi-14","planned","""BANT 032""","K994-otomotiv-derinligi-14",,"1103"
"K995","K995-otomotiv-derinligi-15","planned","""BANT 032""","K995-otomotiv-derinligi-15",,"1103"
"K996","K996-otomotiv-derinligi-16","planned","""BANT 032""","K996-otomotiv-derinligi-16",,"1103"
"K997","K997-otomotiv-derinligi-17","planned","""BANT 032""","K997-otomotiv-derinligi-17",,"1103"
"K998","K998-otomotiv-derinligi-18","planned","""BANT 032""","K998-otomotiv-derinligi-18",,"1103"
"K999","K999-otomotiv-derinligi-19","planned","""BANT 032""","K999-otomotiv-derinligi-19",,"1103"
"K1000","K1000-otomotiv-derinligi-20","planned","""BANT 032""","K1000-otomotiv-derinligi-20",,"1109"
"K1001","K1001-otomotiv-derinligi-21","planned","""BANT 032""","K1001-otomotiv-derinligi-21",,"1109"
"K1002","K1002-otomotiv-derinligi-22","planned","""BANT 032""","K1002-otomotiv-derinligi-22",,"1109"
"K1003","K1003-otomotiv-derinligi-23","planned","""BANT 032""","K1003-otomotiv-derinligi-23",,"1109"
"K1004","K1004-otomotiv-derinligi-24","planned","""BANT 032""","K1004-otomotiv-derinligi-24",,"1109"
"K1005","K1005-otomotiv-derinligi-25","planned","""BANT 032""","K1005-otomotiv-derinligi-25",,"1109"
"K1006","K1006-otomotiv-derinligi-26","planned","""BANT 032""","K1006-otomotiv-derinligi-26",,"1109"
"K1007","K1007-otomotiv-derinligi-27","planned","""BANT 032""","K1007-otomotiv-derinligi-27",,"1109"
"K1008","K1008-otomotiv-derinligi-28","planned","""BANT 032""","K1008-otomotiv-derinligi-28",,"1109"
"K1009","K1009-otomotiv-derinligi-29","planned","""BANT 032""","K1009-otomotiv-derinligi-29",,"1109"
"K1010","K1010-otomotiv-derinligi-30","planned","""BANT 032""","K1010-otomotiv-derinligi-30",,"1109"
"K1011","K1011-otomotiv-derinligi-31","planned","""BANT 032""","K1011-otomotiv-derinligi-31",,"1109"
"K1012","K1012-otomotiv-derinligi-32","planned","""BANT 032""","K1012-otomotiv-derinligi-32",,"1109"
"K1013","K1013-otomotiv-derinligi-33","planned","""BANT 032""","K1013-otomotiv-derinligi-33",,"1109"
"K1014","K1014-otomotiv-derinligi-34","planned","""BANT 032""","K1014-otomotiv-derinligi-34",,"1109"
"K1015","K1015-otomotiv-derinligi-35","planned","""BANT 032""","K1015-otomotiv-derinligi-35",,"1109"
"K1016","K1016-otomotiv-derinligi-36","planned","""BANT 032""","K1016-otomotiv-derinligi-36",,"1109"
"K1017","K1017-otomotiv-derinligi-37","planned","""BANT 032""","K1017-otomotiv-derinligi-37",,"1109"
"K1018","K1018-otomotiv-derinligi-38","planned","""BANT 032""","K1018-otomotiv-derinligi-38",,"1109"
"K1019","K1019-otomotiv-derinligi-39","planned","""BANT 032""","K1019-otomotiv-derinligi-39",,"1109"
"K1020","K1020-otomotiv-derinligi-40","planned","""BANT 032""","K1020-otomotiv-derinligi-40",,"1109"
"K1021","K1021-ev-derinligi-01","proposed","""BANT 033""","K1021-ev-derinligi-01",,"1071"
"K1022","K1022-ev-derinligi-02","proposed","""BANT 033""","K1022-ev-derinligi-02",,"1071"
"K1023","K1023-ev-derinligi-03","proposed","""BANT 033""","K1023-ev-derinligi-03",,"1071"
"K1024","K1024-ev-derinligi-04","proposed","""BANT 033""","K1024-ev-derinligi-04",,"1071"
"K1025","K1025-ev-derinligi-05","proposed","""BANT 033""","K1025-ev-derinligi-05",,"1071"
"K1026","K1026-ev-derinligi-06","proposed","""BANT 033""","K1026-ev-derinligi-06",,"1071"
"K1027","K1027-ev-derinligi-07","proposed","""BANT 033""","K1027-ev-derinligi-07",,"1071"
"K1028","K1028-ev-derinligi-08","proposed","""BANT 033""","K1028-ev-derinligi-08",,"1071"
"K1029","K1029-ev-derinligi-09","proposed","""BANT 033""","K1029-ev-derinligi-09",,"1071"
"K1030","K1030-ev-derinligi-10","proposed","""BANT 033""","K1030-ev-derinligi-10",,"1073"
"K1031","K1031-ev-derinligi-11","proposed","""BANT 033""","K1031-ev-derinligi-11",,"1073"
"K1032","K1032-ev-derinligi-12","proposed","""BANT 033""","K1032-ev-derinligi-12",,"1073"
"K1033","K1033-ev-derinligi-13","proposed","""BANT 033""","K1033-ev-derinligi-13",,"1073"
"K1034","K1034-ev-derinligi-14","proposed","""BANT 033""","K1034-ev-derinligi-14",,"1073"
"K1035","K1035-ev-derinligi-15","proposed","""BANT 033""","K1035-ev-derinligi-15",,"1073"
"K1036","K1036-ev-derinligi-16","proposed","""BANT 033""","K1036-ev-derinligi-16",,"1073"
"K1037","K1037-ev-derinligi-17","proposed","""BANT 033""","K1037-ev-derinligi-17",,"1073"
"K1038","K1038-ev-derinligi-18","proposed","""BANT 033""","K1038-ev-derinligi-18",,"1073"
"K1039","K1039-ev-derinligi-19","proposed","""BANT 033""","K1039-ev-derinligi-19",,"1073"
"K1040","K1040-ev-derinligi-20","proposed","""BANT 033""","K1040-ev-derinligi-20",,"1073"
"K1041","K1041-ev-derinligi-21","proposed","""BANT 033""","K1041-ev-derinligi-21",,"1073"
"K1042","K1042-ev-derinligi-22","proposed","""BANT 033""","K1042-ev-derinligi-22",,"1073"
"K1043","K1043-ev-derinligi-23","proposed","""BANT 033""","K1043-ev-derinligi-23",,"1073"
"K1044","K1044-ev-derinligi-24","proposed","""BANT 033""","K1044-ev-derinligi-24",,"1073"
"K1045","K1045-ev-derinligi-25","proposed","""BANT 033""","K1045-ev-derinligi-25",,"1073"
"K1046","K1046-ev-derinligi-26","proposed","""BANT 033""","K1046-ev-derinligi-26",,"1073"
"K1047","K1047-ev-derinligi-27","proposed","""BANT 033""","K1047-ev-derinligi-27",,"1073"
"K1048","K1048-ev-derinligi-28","proposed","""BANT 033""","K1048-ev-derinligi-28",,"1073"
"K1049","K1049-ev-derinligi-29","proposed","""BANT 033""","K1049-ev-derinligi-29",,"1073"
"K1050","K1050-ev-derinligi-30","proposed","""BANT 033""","K1050-ev-derinligi-30",,"1073"
"K1051","K1051-ev-derinligi-31","proposed","""BANT 033""","K1051-ev-derinligi-31",,"1073"
"K1052","K1052-ev-derinligi-32","proposed","""BANT 033""","K1052-ev-derinligi-32",,"1073"
"K1053","K1053-ev-derinligi-33","proposed","""BANT 033""","K1053-ev-derinligi-33",,"1073"
"K1054","K1054-ev-derinligi-34","proposed","""BANT 033""","K1054-ev-derinligi-34",,"1073"
"K1055","K1055-ev-derinligi-35","proposed","""BANT 033""","K1055-ev-derinligi-35",,"1073"
"K1056","K1056-ev-derinligi-36","proposed","""BANT 033""","K1056-ev-derinligi-36",,"1073"
"K1057","K1057-ev-derinligi-37","proposed","""BANT 033""","K1057-ev-derinligi-37",,"1073"
"K1058","K1058-ev-derinligi-38","proposed","""BANT 033""","K1058-ev-derinligi-38",,"1073"
"K1059","K1059-ev-derinligi-39","proposed","""BANT 033""","K1059-ev-derinligi-39",,"1073"
"K1060","K1060-ev-derinligi-40","proposed","""BANT 033""","K1060-ev-derinligi-40",,"1073"
"K1061","K1061-studyo-derinligi-01","proposed","""BANT 034""","K1061-studyo-derinligi-01",,"1091"
"K1062","K1062-studyo-derinligi-02","proposed","""BANT 034""","K1062-studyo-derinligi-02",,"1091"
"K1063","K1063-studyo-derinligi-03","proposed","""BANT 034""","K1063-studyo-derinligi-03",,"1091"
"K1064","K1064-studyo-derinligi-04","proposed","""BANT 034""","K1064-studyo-derinligi-04",,"1091"
"K1065","K1065-studyo-derinligi-05","proposed","""BANT 034""","K1065-studyo-derinligi-05",,"1091"
"K1066","K1066-studyo-derinligi-06","proposed","""BANT 034""","K1066-studyo-derinligi-06",,"1091"
"K1067","K1067-studyo-derinligi-07","proposed","""BANT 034""","K1067-studyo-derinligi-07",,"1091"
"K1068","K1068-studyo-derinligi-08","proposed","""BANT 034""","K1068-studyo-derinligi-08",,"1091"
"K1069","K1069-studyo-derinligi-09","proposed","""BANT 034""","K1069-studyo-derinligi-09",,"1091"
"K1070","K1070-studyo-derinligi-10","proposed","""BANT 034""","K1070-studyo-derinligi-10",,"1093"
"K1071","K1071-studyo-derinligi-11","proposed","""BANT 034""","K1071-studyo-derinligi-11",,"1093"
"K1072","K1072-studyo-derinligi-12","proposed","""BANT 034""","K1072-studyo-derinligi-12",,"1093"
"K1073","K1073-studyo-derinligi-13","proposed","""BANT 034""","K1073-studyo-derinligi-13",,"1093"
"K1074","K1074-studyo-derinligi-14","proposed","""BANT 034""","K1074-studyo-derinligi-14",,"1093"
"K1075","K1075-studyo-derinligi-15","proposed","""BANT 034""","K1075-studyo-derinligi-15",,"1093"
"K1076","K1076-studyo-derinligi-16","proposed","""BANT 034""","K1076-studyo-derinligi-16",,"1093"
"K1077","K1077-studyo-derinligi-17","proposed","""BANT 034""","K1077-studyo-derinligi-17",,"1093"
"K1078","K1078-studyo-derinligi-18","proposed","""BANT 034""","K1078-studyo-derinligi-18",,"1093"
"K1079","K1079-studyo-derinligi-19","proposed","""BANT 034""","K1079-studyo-derinligi-19",,"1093"
"K1080","K1080-studyo-derinligi-20","proposed","""BANT 034""","K1080-studyo-derinligi-20",,"1093"
"K1081","K1081-studyo-derinligi-21","proposed","""BANT 034""","K1081-studyo-derinligi-21",,"1093"
"K1082","K1082-studyo-derinligi-22","proposed","""BANT 034""","K1082-studyo-derinligi-22",,"1093"
"K1083","K1083-studyo-derinligi-23","proposed","""BANT 034""","K1083-studyo-derinligi-23",,"1093"
"K1084","K1084-studyo-derinligi-24","proposed","""BANT 034""","K1084-studyo-derinligi-24",,"1093"
"K1085","K1085-studyo-derinligi-25","proposed","""BANT 034""","K1085-studyo-derinligi-25",,"1093"
"K1086","K1086-studyo-derinligi-26","proposed","""BANT 034""","K1086-studyo-derinligi-26",,"1093"
"K1087","K1087-studyo-derinligi-27","proposed","""BANT 034""","K1087-studyo-derinligi-27",,"1093"
"K1088","K1088-studyo-derinligi-28","proposed","""BANT 034""","K1088-studyo-derinligi-28",,"1093"
"K1089","K1089-studyo-derinligi-29","proposed","""BANT 034""","K1089-studyo-derinligi-29",,"1093"
"K1090","K1090-studyo-derinligi-30","proposed","""BANT 034""","K1090-studyo-derinligi-30",,"1093"
"K1091","K1091-studyo-derinligi-31","proposed","""BANT 034""","K1091-studyo-derinligi-31",,"1093"
"K1092","K1092-studyo-derinligi-32","proposed","""BANT 034""","K1092-studyo-derinligi-32",,"1093"
"K1093","K1093-studyo-derinligi-33","proposed","""BANT 034""","K1093-studyo-derinligi-33",,"1093"
"K1094","K1094-studyo-derinligi-34","proposed","""BANT 034""","K1094-studyo-derinligi-34",,"1093"
"K1095","K1095-studyo-derinligi-35","proposed","""BANT 034""","K1095-studyo-derinligi-35",,"1093"
"K1096","K1096-studyo-derinligi-36","proposed","""BANT 034""","K1096-studyo-derinligi-36",,"1093"
"K1097","K1097-studyo-derinligi-37","proposed","""BANT 034""","K1097-studyo-derinligi-37",,"1093"
"K1098","K1098-studyo-derinligi-38","proposed","""BANT 034""","K1098-studyo-derinligi-38",,"1093"
"K1099","K1099-studyo-derinligi-39","proposed","""BANT 034""","K1099-studyo-derinligi-39",,"1093"
"K1100","K1100-studyo-derinligi-40","proposed","""BANT 034""","K1100-studyo-derinligi-40",,"1093"
"K1101","K1101-hak-derinligi-01","proposed","""BANT 035""","K1101-hak-derinligi-01",,"1076"
"K1102","K1102-hak-derinligi-02","proposed","""BANT 035""","K1102-hak-derinligi-02",,"1076"
"K1103","K1103-hak-derinligi-03","proposed","""BANT 035""","K1103-hak-derinligi-03",,"1076"
"K1104","K1104-hak-derinligi-04","proposed","""BANT 035""","K1104-hak-derinligi-04",,"1076"
"K1105","K1105-hak-derinligi-05","proposed","""BANT 035""","K1105-hak-derinligi-05",,"1076"
"K1106","K1106-hak-derinligi-06","proposed","""BANT 035""","K1106-hak-derinligi-06",,"1076"
"K1107","K1107-hak-derinligi-07","proposed","""BANT 035""","K1107-hak-derinligi-07",,"1076"
"K1108","K1108-hak-derinligi-08","proposed","""BANT 035""","K1108-hak-derinligi-08",,"1076"
"K1109","K1109-hak-derinligi-09","proposed","""BANT 035""","K1109-hak-derinligi-09",,"1076"
"K1110","K1110-hak-derinligi-10","proposed","""BANT 035""","K1110-hak-derinligi-10",,"1078"
"K1111","K1111-hak-derinligi-11","proposed","""BANT 035""","K1111-hak-derinligi-11",,"1078"
"K1112","K1112-hak-derinligi-12","proposed","""BANT 035""","K1112-hak-derinligi-12",,"1078"
"K1113","K1113-hak-derinligi-13","proposed","""BANT 035""","K1113-hak-derinligi-13",,"1078"
"K1114","K1114-hak-derinligi-14","proposed","""BANT 035""","K1114-hak-derinligi-14",,"1078"
"K1115","K1115-hak-derinligi-15","proposed","""BANT 035""","K1115-hak-derinligi-15",,"1078"
"K1116","K1116-hak-derinligi-16","proposed","""BANT 035""","K1116-hak-derinligi-16",,"1078"
"K1117","K1117-hak-derinligi-17","proposed","""BANT 035""","K1117-hak-derinligi-17",,"1078"
"K1118","K1118-hak-derinligi-18","proposed","""BANT 035""","K1118-hak-derinligi-18",,"1078"
"K1119","K1119-hak-derinligi-19","proposed","""BANT 035""","K1119-hak-derinligi-19",,"1078"
"K1120","K1120-hak-derinligi-20","proposed","""BANT 035""","K1120-hak-derinligi-20",,"1078"
"K1121","K1121-hak-derinligi-21","proposed","""BANT 035""","K1121-hak-derinligi-21",,"1078"
"K1122","K1122-hak-derinligi-22","proposed","""BANT 035""","K1122-hak-derinligi-22",,"1078"
"K1123","K1123-hak-derinligi-23","proposed","""BANT 035""","K1123-hak-derinligi-23",,"1078"
"K1124","K1124-hak-derinligi-24","proposed","""BANT 035""","K1124-hak-derinligi-24",,"1078"
"K1125","K1125-hak-derinligi-25","proposed","""BANT 035""","K1125-hak-derinligi-25",,"1078"
"K1126","K1126-hak-derinligi-26","proposed","""BANT 035""","K1126-hak-derinligi-26",,"1078"
"K1127","K1127-hak-derinligi-27","proposed","""BANT 035""","K1127-hak-derinligi-27",,"1078"
"K1128","K1128-hak-derinligi-28","proposed","""BANT 035""","K1128-hak-derinligi-28",,"1078"
"K1129","K1129-hak-derinligi-29","proposed","""BANT 035""","K1129-hak-derinligi-29",,"1078"
"K1130","K1130-hak-derinligi-30","proposed","""BANT 035""","K1130-hak-derinligi-30",,"1078"
"K1131","K1131-hak-derinligi-31","proposed","""BANT 035""","K1131-hak-derinligi-31",,"1078"
"K1132","K1132-hak-derinligi-32","proposed","""BANT 035""","K1132-hak-derinligi-32",,"1078"
"K1133","K1133-hak-derinligi-33","proposed","""BANT 035""","K1133-hak-derinligi-33",,"1078"
"K1134","K1134-hak-derinligi-34","proposed","""BANT 035""","K1134-hak-derinligi-34",,"1078"
"K1135","K1135-hak-derinligi-35","proposed","""BANT 035""","K1135-hak-derinligi-35",,"1078"
"K1136","K1136-hak-derinligi-36","proposed","""BANT 035""","K1136-hak-derinligi-36",,"1078"
"K1137","K1137-hak-derinligi-37","proposed","""BANT 035""","K1137-hak-derinligi-37",,"1078"
"K1138","K1138-hak-derinligi-38","proposed","""BANT 035""","K1138-hak-derinligi-38",,"1078"
"K1139","K1139-hak-derinligi-39","proposed","""BANT 035""","K1139-hak-derinligi-39",,"1078"
"K1140","K1140-hak-derinligi-40","proposed","""BANT 035""","K1140-hak-derinligi-40",,"1078"
"K1141","K1141-ticaret-derinligi-01","proposed","""BANT 036""","K1141-ticaret-derinligi-01",,"1096"
"K1142","K1142-ticaret-derinligi-02","proposed","""BANT 036""","K1142-ticaret-derinligi-02",,"1096"
"K1143","K1143-ticaret-derinligi-03","proposed","""BANT 036""","K1143-ticaret-derinligi-03",,"1096"
"K1144","K1144-ticaret-derinligi-04","proposed","""BANT 036""","K1144-ticaret-derinligi-04",,"1096"
"K1145","K1145-ticaret-derinligi-05","proposed","""BANT 036""","K1145-ticaret-derinligi-05",,"1096"
"K1146","K1146-ticaret-derinligi-06","proposed","""BANT 036""","K1146-ticaret-derinligi-06",,"1096"
"K1147","K1147-ticaret-derinligi-07","proposed","""BANT 036""","K1147-ticaret-derinligi-07",,"1096"
"K1148","K1148-ticaret-derinligi-08","proposed","""BANT 036""","K1148-ticaret-derinligi-08",,"1096"
"K1149","K1149-ticaret-derinligi-09","proposed","""BANT 036""","K1149-ticaret-derinligi-09",,"1096"
"K1150","K1150-ticaret-derinligi-10","proposed","""BANT 036""","K1150-ticaret-derinligi-10",,"1098"
"K1151","K1151-ticaret-derinligi-11","proposed","""BANT 036""","K1151-ticaret-derinligi-11",,"1098"
"K1152","K1152-ticaret-derinligi-12","proposed","""BANT 036""","K1152-ticaret-derinligi-12",,"1098"
"K1153","K1153-ticaret-derinligi-13","proposed","""BANT 036""","K1153-ticaret-derinligi-13",,"1098"
"K1154","K1154-ticaret-derinligi-14","proposed","""BANT 036""","K1154-ticaret-derinligi-14",,"1098"
"K1155","K1155-ticaret-derinligi-15","proposed","""BANT 036""","K1155-ticaret-derinligi-15",,"1098"
"K1156","K1156-ticaret-derinligi-16","proposed","""BANT 036""","K1156-ticaret-derinligi-16",,"1098"
"K1157","K1157-ticaret-derinligi-17","proposed","""BANT 036""","K1157-ticaret-derinligi-17",,"1098"
"K1158","K1158-ticaret-derinligi-18","proposed","""BANT 036""","K1158-ticaret-derinligi-18",,"1098"
"K1159","K1159-ticaret-derinligi-19","proposed","""BANT 036""","K1159-ticaret-derinligi-19",,"1098"
"K1160","K1160-ticaret-derinligi-20","proposed","""BANT 036""","K1160-ticaret-derinligi-20",,"1098"
"K1161","K1161-ticaret-derinligi-21","proposed","""BANT 036""","K1161-ticaret-derinligi-21",,"1098"
"K1162","K1162-ticaret-derinligi-22","proposed","""BANT 036""","K1162-ticaret-derinligi-22",,"1098"
"K1163","K1163-ticaret-derinligi-23","proposed","""BANT 036""","K1163-ticaret-derinligi-23",,"1098"
"K1164","K1164-ticaret-derinligi-24","proposed","""BANT 036""","K1164-ticaret-derinligi-24",,"1098"
"K1165","K1165-ticaret-derinligi-25","proposed","""BANT 036""","K1165-ticaret-derinligi-25",,"1098"
"K1166","K1166-ticaret-derinligi-26","proposed","""BANT 036""","K1166-ticaret-derinligi-26",,"1098"
"K1167","K1167-ticaret-derinligi-27","proposed","""BANT 036""","K1167-ticaret-derinligi-27",,"1098"
"K1168","K1168-ticaret-derinligi-28","proposed","""BANT 036""","K1168-ticaret-derinligi-28",,"1098"
"K1169","K1169-ticaret-derinligi-29","proposed","""BANT 036""","K1169-ticaret-derinligi-29",,"1098"
"K1170","K1170-ticaret-derinligi-30","proposed","""BANT 036""","K1170-ticaret-derinligi-30",,"1098"
"K1171","K1171-ticaret-derinligi-31","proposed","""BANT 036""","K1171-ticaret-derinligi-31",,"1098"
"K1172","K1172-ticaret-derinligi-32","proposed","""BANT 036""","K1172-ticaret-derinligi-32",,"1098"
"K1173","K1173-ticaret-derinligi-33","proposed","""BANT 036""","K1173-ticaret-derinligi-33",,"1098"
"K1174","K1174-ticaret-derinligi-34","proposed","""BANT 036""","K1174-ticaret-derinligi-34",,"1098"
"K1175","K1175-ticaret-derinligi-35","proposed","""BANT 036""","K1175-ticaret-derinligi-35",,"1098"
"K1176","K1176-ticaret-derinligi-36","proposed","""BANT 036""","K1176-ticaret-derinligi-36",,"1098"
"K1177","K1177-ticaret-derinligi-37","proposed","""BANT 036""","K1177-ticaret-derinligi-37",,"1098"
"K1178","K1178-ticaret-derinligi-38","proposed","""BANT 036""","K1178-ticaret-derinligi-38",,"1098"
"K1179","K1179-ticaret-derinligi-39","proposed","""BANT 036""","K1179-ticaret-derinligi-39",,"1098"
"K1180","K1180-ticaret-derinligi-40","proposed","""BANT 036""","K1180-ticaret-derinligi-40",,"1098"
"K1181","K1181-web-calisma-zamani-01","proposed","""BANT 037""","K1181-web-calisma-zamani-01",,"1101"
"K1182","K1182-web-calisma-zamani-02","proposed","""BANT 037""","K1182-web-calisma-zamani-02",,"1101"
"K1183","K1183-web-calisma-zamani-03","proposed","""BANT 037""","K1183-web-calisma-zamani-03",,"1101"
"K1184","K1184-web-calisma-zamani-04","proposed","""BANT 037""","K1184-web-calisma-zamani-04",,"1101"
"K1185","K1185-web-calisma-zamani-05","proposed","""BANT 037""","K1185-web-calisma-zamani-05",,"1101"
"K1186","K1186-web-calisma-zamani-06","proposed","""BANT 037""","K1186-web-calisma-zamani-06",,"1101"
"K1187","K1187-web-calisma-zamani-07","proposed","""BANT 037""","K1187-web-calisma-zamani-07",,"1101"
"K1188","K1188-web-calisma-zamani-08","proposed","""BANT 037""","K1188-web-calisma-zamani-08",,"1101"
"K1189","K1189-web-calisma-zamani-09","proposed","""BANT 037""","K1189-web-calisma-zamani-09",,"1101"
"K1190","K1190-web-calisma-zamani-10","proposed","""BANT 037""","K1190-web-calisma-zamani-10",,"1103"
"K1191","K1191-web-calisma-zamani-11","proposed","""BANT 037""","K1191-web-calisma-zamani-11",,"1103"
"K1192","K1192-web-calisma-zamani-12","proposed","""BANT 037""","K1192-web-calisma-zamani-12",,"1103"
"K1193","K1193-web-calisma-zamani-13","proposed","""BANT 037""","K1193-web-calisma-zamani-13",,"1103"
"K1194","K1194-web-calisma-zamani-14","proposed","""BANT 037""","K1194-web-calisma-zamani-14",,"1103"
"K1195","K1195-web-calisma-zamani-15","proposed","""BANT 037""","K1195-web-calisma-zamani-15",,"1103"
"K1196","K1196-web-calisma-zamani-16","proposed","""BANT 037""","K1196-web-calisma-zamani-16",,"1103"
"K1197","K1197-web-calisma-zamani-17","proposed","""BANT 037""","K1197-web-calisma-zamani-17",,"1103"
"K1198","K1198-web-calisma-zamani-18","proposed","""BANT 037""","K1198-web-calisma-zamani-18",,"1103"
"K1199","K1199-web-calisma-zamani-19","proposed","""BANT 037""","K1199-web-calisma-zamani-19",,"1103"
"K1200","K1200-web-calisma-zamani-20","proposed","""BANT 037""","K1200-web-calisma-zamani-20",,"1103"
"K1201","K1201-web-calisma-zamani-21","proposed","""BANT 037""","K1201-web-calisma-zamani-21",,"1103"
"K1202","K1202-web-calisma-zamani-22","proposed","""BANT 037""","K1202-web-calisma-zamani-22",,"1103"
"K1203","K1203-web-calisma-zamani-23","proposed","""BANT 037""","K1203-web-calisma-zamani-23",,"1103"
"K1204","K1204-web-calisma-zamani-24","proposed","""BANT 037""","K1204-web-calisma-zamani-24",,"1103"
"K1205","K1205-web-calisma-zamani-25","proposed","""BANT 037""","K1205-web-calisma-zamani-25",,"1103"
"K1206","K1206-web-calisma-zamani-26","proposed","""BANT 037""","K1206-web-calisma-zamani-26",,"1103"
"K1207","K1207-web-calisma-zamani-27","proposed","""BANT 037""","K1207-web-calisma-zamani-27",,"1103"
"K1208","K1208-web-calisma-zamani-28","proposed","""BANT 037""","K1208-web-calisma-zamani-28",,"1103"
"K1209","K1209-web-calisma-zamani-29","proposed","""BANT 037""","K1209-web-calisma-zamani-29",,"1103"
"K1210","K1210-web-calisma-zamani-30","proposed","""BANT 037""","K1210-web-calisma-zamani-30",,"1103"
"K1211","K1211-web-calisma-zamani-31","proposed","""BANT 037""","K1211-web-calisma-zamani-31",,"1103"
"K1212","K1212-web-calisma-zamani-32","proposed","""BANT 037""","K1212-web-calisma-zamani-32",,"1103"
"K1213","K1213-web-calisma-zamani-33","proposed","""BANT 037""","K1213-web-calisma-zamani-33",,"1103"
"K1214","K1214-web-calisma-zamani-34","proposed","""BANT 037""","K1214-web-calisma-zamani-34",,"1103"
"K1215","K1215-web-calisma-zamani-35","proposed","""BANT 037""","K1215-web-calisma-zamani-35",,"1103"
"K1216","K1216-web-calisma-zamani-36","proposed","""BANT 037""","K1216-web-calisma-zamani-36",,"1103"
"K1217","K1217-web-calisma-zamani-37","proposed","""BANT 037""","K1217-web-calisma-zamani-37",,"1103"
"K1218","K1218-web-calisma-zamani-38","proposed","""BANT 037""","K1218-web-calisma-zamani-38",,"1103"
"K1219","K1219-web-calisma-zamani-39","proposed","""BANT 037""","K1219-web-calisma-zamani-39",,"1103"
"K1220","K1220-web-calisma-zamani-40","proposed","""BANT 037""","K1220-web-calisma-zamani-40",,"1103"
"K1221","K1221-sunucu-calisma-zamani-01","proposed","""BANT 038""","K1221-sunucu-calisma-zamani-01",,"1116"
"K1222","K1222-sunucu-calisma-zamani-02","proposed","""BANT 038""","K1222-sunucu-calisma-zamani-02",,"1116"
"K1223","K1223-sunucu-calisma-zamani-03","proposed","""BANT 038""","K1223-sunucu-calisma-zamani-03",,"1116"
"K1224","K1224-sunucu-calisma-zamani-04","proposed","""BANT 038""","K1224-sunucu-calisma-zamani-04",,"1116"
"K1225","K1225-sunucu-calisma-zamani-05","proposed","""BANT 038""","K1225-sunucu-calisma-zamani-05",,"1116"
"K1226","K1226-sunucu-calisma-zamani-06","proposed","""BANT 038""","K1226-sunucu-calisma-zamani-06",,"1116"
"K1227","K1227-sunucu-calisma-zamani-07","proposed","""BANT 038""","K1227-sunucu-calisma-zamani-07",,"1116"
"K1228","K1228-sunucu-calisma-zamani-08","proposed","""BANT 038""","K1228-sunucu-calisma-zamani-08",,"1116"
"K1229","K1229-sunucu-calisma-zamani-09","proposed","""BANT 038""","K1229-sunucu-calisma-zamani-09",,"1116"
"K1230","K1230-sunucu-calisma-zamani-10","proposed","""BANT 038""","K1230-sunucu-calisma-zamani-10",,"1118"
"K1231","K1231-sunucu-calisma-zamani-11","proposed","""BANT 038""","K1231-sunucu-calisma-zamani-11",,"1118"
"K1232","K1232-sunucu-calisma-zamani-12","proposed","""BANT 038""","K1232-sunucu-calisma-zamani-12",,"1118"
"K1233","K1233-sunucu-calisma-zamani-13","proposed","""BANT 038""","K1233-sunucu-calisma-zamani-13",,"1118"
"K1234","K1234-sunucu-calisma-zamani-14","proposed","""BANT 038""","K1234-sunucu-calisma-zamani-14",,"1118"
"K1235","K1235-sunucu-calisma-zamani-15","proposed","""BANT 038""","K1235-sunucu-calisma-zamani-15",,"1118"
"K1236","K1236-sunucu-calisma-zamani-16","proposed","""BANT 038""","K1236-sunucu-calisma-zamani-16",,"1118"
"K1237","K1237-sunucu-calisma-zamani-17","proposed","""BANT 038""","K1237-sunucu-calisma-zamani-17",,"1118"
"K1238","K1238-sunucu-calisma-zamani-18","proposed","""BANT 038""","K1238-sunucu-calisma-zamani-18",,"1118"
"K1239","K1239-sunucu-calisma-zamani-19","proposed","""BANT 038""","K1239-sunucu-calisma-zamani-19",,"1118"
"K1240","K1240-sunucu-calisma-zamani-20","proposed","""BANT 038""","K1240-sunucu-calisma-zamani-20",,"1118"
"K1241","K1241-sunucu-calisma-zamani-21","proposed","""BANT 038""","K1241-sunucu-calisma-zamani-21",,"1118"
"K1242","K1242-sunucu-calisma-zamani-22","proposed","""BANT 038""","K1242-sunucu-calisma-zamani-22",,"1118"
"K1243","K1243-sunucu-calisma-zamani-23","proposed","""BANT 038""","K1243-sunucu-calisma-zamani-23",,"1118"
"K1244","K1244-sunucu-calisma-zamani-24","proposed","""BANT 038""","K1244-sunucu-calisma-zamani-24",,"1118"
"K1245","K1245-sunucu-calisma-zamani-25","proposed","""BANT 038""","K1245-sunucu-calisma-zamani-25",,"1118"
"K1246","K1246-sunucu-calisma-zamani-26","proposed","""BANT 038""","K1246-sunucu-calisma-zamani-26",,"1118"
"K1247","K1247-sunucu-calisma-zamani-27","proposed","""BANT 038""","K1247-sunucu-calisma-zamani-27",,"1118"
"K1248","K1248-sunucu-calisma-zamani-28","proposed","""BANT 038""","K1248-sunucu-calisma-zamani-28",,"1118"
"K1249","K1249-sunucu-calisma-zamani-29","proposed","""BANT 038""","K1249-sunucu-calisma-zamani-29",,"1118"
"K1250","K1250-sunucu-calisma-zamani-30","proposed","""BANT 038""","K1250-sunucu-calisma-zamani-30",,"1118"
"K1251","K1251-sunucu-calisma-zamani-31","proposed","""BANT 038""","K1251-sunucu-calisma-zamani-31",,"1118"
"K1252","K1252-sunucu-calisma-zamani-32","proposed","""BANT 038""","K1252-sunucu-calisma-zamani-32",,"1118"
"K1253","K1253-sunucu-calisma-zamani-33","proposed","""BANT 038""","K1253-sunucu-calisma-zamani-33",,"1118"
"K1254","K1254-sunucu-calisma-zamani-34","proposed","""BANT 038""","K1254-sunucu-calisma-zamani-34",,"1118"
"K1255","K1255-sunucu-calisma-zamani-35","proposed","""BANT 038""","K1255-sunucu-calisma-zamani-35",,"1118"
"K1256","K1256-sunucu-calisma-zamani-36","proposed","""BANT 038""","K1256-sunucu-calisma-zamani-36",,"1118"
"K1257","K1257-sunucu-calisma-zamani-37","proposed","""BANT 038""","K1257-sunucu-calisma-zamani-37",,"1118"
"K1258","K1258-sunucu-calisma-zamani-38","proposed","""BANT 038""","K1258-sunucu-calisma-zamani-38",,"1118"
"K1259","K1259-sunucu-calisma-zamani-39","proposed","""BANT 038""","K1259-sunucu-calisma-zamani-39",,"1118"
"K1260","K1260-sunucu-calisma-zamani-40","proposed","""BANT 038""","K1260-sunucu-calisma-zamani-40",,"1118"
"K1261","K1261-masaustu-calisma-zamani-01","proposed","""BANT 039""","K1261-masaustu-calisma-zamani-01",,"1126"
"K1262","K1262-masaustu-calisma-zamani-02","proposed","""BANT 039""","K1262-masaustu-calisma-zamani-02",,"1126"
"K1263","K1263-masaustu-calisma-zamani-03","proposed","""BANT 039""","K1263-masaustu-calisma-zamani-03",,"1126"
"K1264","K1264-masaustu-calisma-zamani-04","proposed","""BANT 039""","K1264-masaustu-calisma-zamani-04",,"1126"
"K1265","K1265-masaustu-calisma-zamani-05","proposed","""BANT 039""","K1265-masaustu-calisma-zamani-05",,"1126"
"K1266","K1266-masaustu-calisma-zamani-06","proposed","""BANT 039""","K1266-masaustu-calisma-zamani-06",,"1126"
"K1267","K1267-masaustu-calisma-zamani-07","proposed","""BANT 039""","K1267-masaustu-calisma-zamani-07",,"1126"
"K1268","K1268-masaustu-calisma-zamani-08","proposed","""BANT 039""","K1268-masaustu-calisma-zamani-08",,"1126"
"K1269","K1269-masaustu-calisma-zamani-09","proposed","""BANT 039""","K1269-masaustu-calisma-zamani-09",,"1126"
"K1270","K1270-masaustu-calisma-zamani-10","proposed","""BANT 039""","K1270-masaustu-calisma-zamani-10",,"1128"
"K1271","K1271-masaustu-calisma-zamani-11","proposed","""BANT 039""","K1271-masaustu-calisma-zamani-11",,"1128"
"K1272","K1272-masaustu-calisma-zamani-12","proposed","""BANT 039""","K1272-masaustu-calisma-zamani-12",,"1128"
"K1273","K1273-masaustu-calisma-zamani-13","proposed","""BANT 039""","K1273-masaustu-calisma-zamani-13",,"1128"
"K1274","K1274-masaustu-calisma-zamani-14","proposed","""BANT 039""","K1274-masaustu-calisma-zamani-14",,"1128"
"K1275","K1275-masaustu-calisma-zamani-15","proposed","""BANT 039""","K1275-masaustu-calisma-zamani-15",,"1128"
"K1276","K1276-masaustu-calisma-zamani-16","proposed","""BANT 039""","K1276-masaustu-calisma-zamani-16",,"1128"
"K1277","K1277-masaustu-calisma-zamani-17","proposed","""BANT 039""","K1277-masaustu-calisma-zamani-17",,"1128"
"K1278","K1278-masaustu-calisma-zamani-18","proposed","""BANT 039""","K1278-masaustu-calisma-zamani-18",,"1128"
"K1279","K1279-masaustu-calisma-zamani-19","proposed","""BANT 039""","K1279-masaustu-calisma-zamani-19",,"1128"
"K1280","K1280-masaustu-calisma-zamani-20","proposed","""BANT 039""","K1280-masaustu-calisma-zamani-20",,"1128"
"K1281","K1281-masaustu-calisma-zamani-21","proposed","""BANT 039""","K1281-masaustu-calisma-zamani-21",,"1128"
"K1282","K1282-masaustu-calisma-zamani-22","proposed","""BANT 039""","K1282-masaustu-calisma-zamani-22",,"1128"
"K1283","K1283-masaustu-calisma-zamani-23","proposed","""BANT 039""","K1283-masaustu-calisma-zamani-23",,"1128"
"K1284","K1284-masaustu-calisma-zamani-24","proposed","""BANT 039""","K1284-masaustu-calisma-zamani-24",,"1128"
"K1285","K1285-masaustu-calisma-zamani-25","proposed","""BANT 039""","K1285-masaustu-calisma-zamani-25",,"1128"
"K1286","K1286-masaustu-calisma-zamani-26","proposed","""BANT 039""","K1286-masaustu-calisma-zamani-26",,"1128"
"K1287","K1287-masaustu-calisma-zamani-27","proposed","""BANT 039""","K1287-masaustu-calisma-zamani-27",,"1128"
"K1288","K1288-masaustu-calisma-zamani-28","proposed","""BANT 039""","K1288-masaustu-calisma-zamani-28",,"1128"
"K1289","K1289-masaustu-calisma-zamani-29","proposed","""BANT 039""","K1289-masaustu-calisma-zamani-29",,"1128"
"K1290","K1290-masaustu-calisma-zamani-30","proposed","""BANT 039""","K1290-masaustu-calisma-zamani-30",,"1128"
"K1291","K1291-masaustu-calisma-zamani-31","proposed","""BANT 039""","K1291-masaustu-calisma-zamani-31",,"1128"
"K1292","K1292-masaustu-calisma-zamani-32","proposed","""BANT 039""","K1292-masaustu-calisma-zamani-32",,"1128"
"K1293","K1293-masaustu-calisma-zamani-33","proposed","""BANT 039""","K1293-masaustu-calisma-zamani-33",,"1128"
"K1294","K1294-masaustu-calisma-zamani-34","proposed","""BANT 039""","K1294-masaustu-calisma-zamani-34",,"1128"
"K1295","K1295-masaustu-calisma-zamani-35","proposed","""BANT 039""","K1295-masaustu-calisma-zamani-35",,"1128"
"K1296","K1296-masaustu-calisma-zamani-36","proposed","""BANT 039""","K1296-masaustu-calisma-zamani-36",,"1128"
"K1297","K1297-masaustu-calisma-zamani-37","proposed","""BANT 039""","K1297-masaustu-calisma-zamani-37",,"1128"
"K1298","K1298-masaustu-calisma-zamani-38","proposed","""BANT 039""","K1298-masaustu-calisma-zamani-38",,"1128"
"K1299","K1299-masaustu-calisma-zamani-39","proposed","""BANT 039""","K1299-masaustu-calisma-zamani-39",,"1128"
"K1300","K1300-masaustu-calisma-zamani-40","proposed","""BANT 039""","K1300-masaustu-calisma-zamani-40",,"1128"
"K1301","K1301-gomulu-calisma-zamani-01","proposed","""BANT 040""","K1301-gomulu-calisma-zamani-01",,"1116"
"K1302","K1302-gomulu-calisma-zamani-02","proposed","""BANT 040""","K1302-gomulu-calisma-zamani-02",,"1116"
"K1303","K1303-gomulu-calisma-zamani-03","proposed","""BANT 040""","K1303-gomulu-calisma-zamani-03",,"1116"
"K1304","K1304-gomulu-calisma-zamani-04","proposed","""BANT 040""","K1304-gomulu-calisma-zamani-04",,"1116"
"K1305","K1305-gomulu-calisma-zamani-05","proposed","""BANT 040""","K1305-gomulu-calisma-zamani-05",,"1116"
"K1306","K1306-gomulu-calisma-zamani-06","proposed","""BANT 040""","K1306-gomulu-calisma-zamani-06",,"1116"
"K1307","K1307-gomulu-calisma-zamani-07","proposed","""BANT 040""","K1307-gomulu-calisma-zamani-07",,"1116"
"K1308","K1308-gomulu-calisma-zamani-08","proposed","""BANT 040""","K1308-gomulu-calisma-zamani-08",,"1116"
"K1309","K1309-gomulu-calisma-zamani-09","proposed","""BANT 040""","K1309-gomulu-calisma-zamani-09",,"1116"
"K1310","K1310-gomulu-calisma-zamani-10","proposed","""BANT 040""","K1310-gomulu-calisma-zamani-10",,"1118"
"K1311","K1311-gomulu-calisma-zamani-11","proposed","""BANT 040""","K1311-gomulu-calisma-zamani-11",,"1118"
"K1312","K1312-gomulu-calisma-zamani-12","proposed","""BANT 040""","K1312-gomulu-calisma-zamani-12",,"1118"
"K1313","K1313-gomulu-calisma-zamani-13","proposed","""BANT 040""","K1313-gomulu-calisma-zamani-13",,"1118"
"K1314","K1314-gomulu-calisma-zamani-14","proposed","""BANT 040""","K1314-gomulu-calisma-zamani-14",,"1118"
"K1315","K1315-gomulu-calisma-zamani-15","proposed","""BANT 040""","K1315-gomulu-calisma-zamani-15",,"1118"
"K1316","K1316-gomulu-calisma-zamani-16","proposed","""BANT 040""","K1316-gomulu-calisma-zamani-16",,"1118"
"K1317","K1317-gomulu-calisma-zamani-17","proposed","""BANT 040""","K1317-gomulu-calisma-zamani-17",,"1118"
"K1318","K1318-gomulu-calisma-zamani-18","proposed","""BANT 040""","K1318-gomulu-calisma-zamani-18",,"1118"
"K1319","K1319-gomulu-calisma-zamani-19","proposed","""BANT 040""","K1319-gomulu-calisma-zamani-19",,"1118"
"K1320","K1320-gomulu-calisma-zamani-20","proposed","""BANT 040""","K1320-gomulu-calisma-zamani-20",,"1118"
"K1321","K1321-gomulu-calisma-zamani-21","proposed","""BANT 040""","K1321-gomulu-calisma-zamani-21",,"1118"
"K1322","K1322-gomulu-calisma-zamani-22","proposed","""BANT 040""","K1322-gomulu-calisma-zamani-22",,"1118"
"K1323","K1323-gomulu-calisma-zamani-23","proposed","""BANT 040""","K1323-gomulu-calisma-zamani-23",,"1118"
"K1324","K1324-gomulu-calisma-zamani-24","proposed","""BANT 040""","K1324-gomulu-calisma-zamani-24",,"1118"
"K1325","K1325-gomulu-calisma-zamani-25","proposed","""BANT 040""","K1325-gomulu-calisma-zamani-25",,"1118"
"K1326","K1326-gomulu-calisma-zamani-26","proposed","""BANT 040""","K1326-gomulu-calisma-zamani-26",,"1118"
"K1327","K1327-gomulu-calisma-zamani-27","proposed","""BANT 040""","K1327-gomulu-calisma-zamani-27",,"1118"
"K1328","K1328-gomulu-calisma-zamani-28","proposed","""BANT 040""","K1328-gomulu-calisma-zamani-28",,"1118"
"K1329","K1329-gomulu-calisma-zamani-29","proposed","""BANT 040""","K1329-gomulu-calisma-zamani-29",,"1118"
"K1330","K1330-gomulu-calisma-zamani-30","proposed","""BANT 040""","K1330-gomulu-calisma-zamani-30",,"1118"
"K1331","K1331-gomulu-calisma-zamani-31","proposed","""BANT 040""","K1331-gomulu-calisma-zamani-31",,"1118"
"K1332","K1332-gomulu-calisma-zamani-32","proposed","""BANT 040""","K1332-gomulu-calisma-zamani-32",,"1118"
"K1333","K1333-gomulu-calisma-zamani-33","proposed","""BANT 040""","K1333-gomulu-calisma-zamani-33",,"1118"
"K1334","K1334-gomulu-calisma-zamani-34","proposed","""BANT 040""","K1334-gomulu-calisma-zamani-34",,"1118"
"K1335","K1335-gomulu-calisma-zamani-35","proposed","""BANT 040""","K1335-gomulu-calisma-zamani-35",,"1118"
"K1336","K1336-gomulu-calisma-zamani-36","proposed","""BANT 040""","K1336-gomulu-calisma-zamani-36",,"1118"
"K1337","K1337-gomulu-calisma-zamani-37","proposed","""BANT 040""","K1337-gomulu-calisma-zamani-37",,"1118"
"K1338","K1338-gomulu-calisma-zamani-38","proposed","""BANT 040""","K1338-gomulu-calisma-zamani-38",,"1118"
"K1339","K1339-gomulu-calisma-zamani-39","proposed","""BANT 040""","K1339-gomulu-calisma-zamani-39",,"1118"
"K1340","K1340-gomulu-calisma-zamani-40","proposed","""BANT 040""","K1340-gomulu-calisma-zamani-40",,"1118"
"K1341","K1341-dsp-calisma-zamani-01","proposed","""BANT 041""","K1341-dsp-calisma-zamani-01",,"1101"
"K1342","K1342-dsp-calisma-zamani-02","proposed","""BANT 041""","K1342-dsp-calisma-zamani-02",,"1101"
"K1343","K1343-dsp-calisma-zamani-03","proposed","""BANT 041""","K1343-dsp-calisma-zamani-03",,"1101"
"K1344","K1344-dsp-calisma-zamani-04","proposed","""BANT 041""","K1344-dsp-calisma-zamani-04",,"1101"
"K1345","K1345-dsp-calisma-zamani-05","proposed","""BANT 041""","K1345-dsp-calisma-zamani-05",,"1101"
"K1346","K1346-dsp-calisma-zamani-06","proposed","""BANT 041""","K1346-dsp-calisma-zamani-06",,"1101"
"K1347","K1347-dsp-calisma-zamani-07","proposed","""BANT 041""","K1347-dsp-calisma-zamani-07",,"1101"
"K1348","K1348-dsp-calisma-zamani-08","proposed","""BANT 041""","K1348-dsp-calisma-zamani-08",,"1101"
"K1349","K1349-dsp-calisma-zamani-09","proposed","""BANT 041""","K1349-dsp-calisma-zamani-09",,"1101"
"K1350","K1350-dsp-calisma-zamani-10","proposed","""BANT 041""","K1350-dsp-calisma-zamani-10",,"1103"
"K1351","K1351-dsp-calisma-zamani-11","proposed","""BANT 041""","K1351-dsp-calisma-zamani-11",,"1103"
"K1352","K1352-dsp-calisma-zamani-12","proposed","""BANT 041""","K1352-dsp-calisma-zamani-12",,"1103"
"K1353","K1353-dsp-calisma-zamani-13","proposed","""BANT 041""","K1353-dsp-calisma-zamani-13",,"1103"
"K1354","K1354-dsp-calisma-zamani-14","proposed","""BANT 041""","K1354-dsp-calisma-zamani-14",,"1103"
"K1355","K1355-dsp-calisma-zamani-15","proposed","""BANT 041""","K1355-dsp-calisma-zamani-15",,"1103"
"K1356","K1356-dsp-calisma-zamani-16","proposed","""BANT 041""","K1356-dsp-calisma-zamani-16",,"1103"
"K1357","K1357-dsp-calisma-zamani-17","proposed","""BANT 041""","K1357-dsp-calisma-zamani-17",,"1103"
"K1358","K1358-dsp-calisma-zamani-18","proposed","""BANT 041""","K1358-dsp-calisma-zamani-18",,"1103"
"K1359","K1359-dsp-calisma-zamani-19","proposed","""BANT 041""","K1359-dsp-calisma-zamani-19",,"1103"
"K1360","K1360-dsp-calisma-zamani-20","proposed","""BANT 041""","K1360-dsp-calisma-zamani-20",,"1103"
"K1361","K1361-dsp-calisma-zamani-21","proposed","""BANT 041""","K1361-dsp-calisma-zamani-21",,"1103"
"K1362","K1362-dsp-calisma-zamani-22","proposed","""BANT 041""","K1362-dsp-calisma-zamani-22",,"1103"
"K1363","K1363-dsp-calisma-zamani-23","proposed","""BANT 041""","K1363-dsp-calisma-zamani-23",,"1103"
"K1364","K1364-dsp-calisma-zamani-24","proposed","""BANT 041""","K1364-dsp-calisma-zamani-24",,"1103"
"K1365","K1365-dsp-calisma-zamani-25","proposed","""BANT 041""","K1365-dsp-calisma-zamani-25",,"1103"
"K1366","K1366-dsp-calisma-zamani-26","proposed","""BANT 041""","K1366-dsp-calisma-zamani-26",,"1103"
"K1367","K1367-dsp-calisma-zamani-27","proposed","""BANT 041""","K1367-dsp-calisma-zamani-27",,"1103"
"K1368","K1368-dsp-calisma-zamani-28","proposed","""BANT 041""","K1368-dsp-calisma-zamani-28",,"1103"
"K1369","K1369-dsp-calisma-zamani-29","proposed","""BANT 041""","K1369-dsp-calisma-zamani-29",,"1103"
"K1370","K1370-dsp-calisma-zamani-30","proposed","""BANT 041""","K1370-dsp-calisma-zamani-30",,"1103"
"K1371","K1371-dsp-calisma-zamani-31","proposed","""BANT 041""","K1371-dsp-calisma-zamani-31",,"1103"
"K1372","K1372-dsp-calisma-zamani-32","proposed","""BANT 041""","K1372-dsp-calisma-zamani-32",,"1103"
"K1373","K1373-dsp-calisma-zamani-33","proposed","""BANT 041""","K1373-dsp-calisma-zamani-33",,"1103"
"K1374","K1374-dsp-calisma-zamani-34","proposed","""BANT 041""","K1374-dsp-calisma-zamani-34",,"1103"
"K1375","K1375-dsp-calisma-zamani-35","proposed","""BANT 041""","K1375-dsp-calisma-zamani-35",,"1103"
"K1376","K1376-dsp-calisma-zamani-36","proposed","""BANT 041""","K1376-dsp-calisma-zamani-36",,"1103"
"K1377","K1377-dsp-calisma-zamani-37","proposed","""BANT 041""","K1377-dsp-calisma-zamani-37",,"1103"
"K1378","K1378-dsp-calisma-zamani-38","proposed","""BANT 041""","K1378-dsp-calisma-zamani-38",,"1103"
"K1379","K1379-dsp-calisma-zamani-39","proposed","""BANT 041""","K1379-dsp-calisma-zamani-39",,"1103"
"K1380","K1380-dsp-calisma-zamani-40","proposed","""BANT 041""","K1380-dsp-calisma-zamani-40",,"1103"
"K1381","K1381-guvenlik-katmani-01","proposed","""BANT 042""","K1381-guvenlik-katmani-01",,"1091"
"K1382","K1382-guvenlik-katmani-02","proposed","""BANT 042""","K1382-guvenlik-katmani-02",,"1091"
"K1383","K1383-guvenlik-katmani-03","proposed","""BANT 042""","K1383-guvenlik-katmani-03",,"1091"
"K1384","K1384-guvenlik-katmani-04","proposed","""BANT 042""","K1384-guvenlik-katmani-04",,"1091"
"K1385","K1385-guvenlik-katmani-05","proposed","""BANT 042""","K1385-guvenlik-katmani-05",,"1091"
"K1386","K1386-guvenlik-katmani-06","proposed","""BANT 042""","K1386-guvenlik-katmani-06",,"1091"
"K1387","K1387-guvenlik-katmani-07","proposed","""BANT 042""","K1387-guvenlik-katmani-07",,"1091"
"K1388","K1388-guvenlik-katmani-08","proposed","""BANT 042""","K1388-guvenlik-katmani-08",,"1091"
"K1389","K1389-guvenlik-katmani-09","proposed","""BANT 042""","K1389-guvenlik-katmani-09",,"1091"
"K1390","K1390-guvenlik-katmani-10","proposed","""BANT 042""","K1390-guvenlik-katmani-10",,"1093"
"K1391","K1391-guvenlik-katmani-11","proposed","""BANT 042""","K1391-guvenlik-katmani-11",,"1093"
"K1392","K1392-guvenlik-katmani-12","proposed","""BANT 042""","K1392-guvenlik-katmani-12",,"1093"
"K1393","K1393-guvenlik-katmani-13","proposed","""BANT 042""","K1393-guvenlik-katmani-13",,"1093"
"K1394","K1394-guvenlik-katmani-14","proposed","""BANT 042""","K1394-guvenlik-katmani-14",,"1093"
"K1395","K1395-guvenlik-katmani-15","proposed","""BANT 042""","K1395-guvenlik-katmani-15",,"1093"
"K1396","K1396-guvenlik-katmani-16","proposed","""BANT 042""","K1396-guvenlik-katmani-16",,"1093"
"K1397","K1397-guvenlik-katmani-17","proposed","""BANT 042""","K1397-guvenlik-katmani-17",,"1093"
"K1398","K1398-guvenlik-katmani-18","proposed","""BANT 042""","K1398-guvenlik-katmani-18",,"1093"
"K1399","K1399-guvenlik-katmani-19","proposed","""BANT 042""","K1399-guvenlik-katmani-19",,"1093"
"K1400","K1400-guvenlik-katmani-20","proposed","""BANT 042""","K1400-guvenlik-katmani-20",,"1093"
"K1401","K1401-guvenlik-katmani-21","proposed","""BANT 042""","K1401-guvenlik-katmani-21",,"1093"
"K1402","K1402-guvenlik-katmani-22","proposed","""BANT 042""","K1402-guvenlik-katmani-22",,"1093"
"K1403","K1403-guvenlik-katmani-23","proposed","""BANT 042""","K1403-guvenlik-katmani-23",,"1093"
"K1404","K1404-guvenlik-katmani-24","proposed","""BANT 042""","K1404-guvenlik-katmani-24",,"1093"
"K1405","K1405-guvenlik-katmani-25","proposed","""BANT 042""","K1405-guvenlik-katmani-25",,"1093"
"K1406","K1406-guvenlik-katmani-26","proposed","""BANT 042""","K1406-guvenlik-katmani-26",,"1093"
"K1407","K1407-guvenlik-katmani-27","proposed","""BANT 042""","K1407-guvenlik-katmani-27",,"1093"
"K1408","K1408-guvenlik-katmani-28","proposed","""BANT 042""","K1408-guvenlik-katmani-28",,"1093"
"K1409","K1409-guvenlik-katmani-29","proposed","""BANT 042""","K1409-guvenlik-katmani-29",,"1093"
"K1410","K1410-guvenlik-katmani-30","proposed","""BANT 042""","K1410-guvenlik-katmani-30",,"1093"
"K1411","K1411-guvenlik-katmani-31","proposed","""BANT 042""","K1411-guvenlik-katmani-31",,"1093"
"K1412","K1412-guvenlik-katmani-32","proposed","""BANT 042""","K1412-guvenlik-katmani-32",,"1093"
"K1413","K1413-guvenlik-katmani-33","proposed","""BANT 042""","K1413-guvenlik-katmani-33",,"1093"
"K1414","K1414-guvenlik-katmani-34","proposed","""BANT 042""","K1414-guvenlik-katmani-34",,"1093"
"K1415","K1415-guvenlik-katmani-35","proposed","""BANT 042""","K1415-guvenlik-katmani-35",,"1093"
"K1416","K1416-guvenlik-katmani-36","proposed","""BANT 042""","K1416-guvenlik-katmani-36",,"1093"
"K1417","K1417-guvenlik-katmani-37","proposed","""BANT 042""","K1417-guvenlik-katmani-37",,"1093"
"K1418","K1418-guvenlik-katmani-38","proposed","""BANT 042""","K1418-guvenlik-katmani-38",,"1093"
"K1419","K1419-guvenlik-katmani-39","proposed","""BANT 042""","K1419-guvenlik-katmani-39",,"1093"
"K1420","K1420-guvenlik-katmani-40","proposed","""BANT 042""","K1420-guvenlik-katmani-40",,"1093"
"K1421","K1421-gozlem-katmani-01","proposed","""BANT 043""","K1421-gozlem-katmani-01",,"1081"
"K1422","K1422-gozlem-katmani-02","proposed","""BANT 043""","K1422-gozlem-katmani-02",,"1081"
"K1423","K1423-gozlem-katmani-03","proposed","""BANT 043""","K1423-gozlem-katmani-03",,"1081"
"K1424","K1424-gozlem-katmani-04","proposed","""BANT 043""","K1424-gozlem-katmani-04",,"1081"
"K1425","K1425-gozlem-katmani-05","proposed","""BANT 043""","K1425-gozlem-katmani-05",,"1081"
"K1426","K1426-gozlem-katmani-06","proposed","""BANT 043""","K1426-gozlem-katmani-06",,"1081"
"K1427","K1427-gozlem-katmani-07","proposed","""BANT 043""","K1427-gozlem-katmani-07",,"1081"
"K1428","K1428-gozlem-katmani-08","proposed","""BANT 043""","K1428-gozlem-katmani-08",,"1081"
"K1429","K1429-gozlem-katmani-09","proposed","""BANT 043""","K1429-gozlem-katmani-09",,"1081"
"K1430","K1430-gozlem-katmani-10","proposed","""BANT 043""","K1430-gozlem-katmani-10",,"1083"
"K1431","K1431-gozlem-katmani-11","proposed","""BANT 043""","K1431-gozlem-katmani-11",,"1083"
"K1432","K1432-gozlem-katmani-12","proposed","""BANT 043""","K1432-gozlem-katmani-12",,"1083"
"K1433","K1433-gozlem-katmani-13","proposed","""BANT 043""","K1433-gozlem-katmani-13",,"1083"
"K1434","K1434-gozlem-katmani-14","proposed","""BANT 043""","K1434-gozlem-katmani-14",,"1083"
"K1435","K1435-gozlem-katmani-15","proposed","""BANT 043""","K1435-gozlem-katmani-15",,"1083"
"K1436","K1436-gozlem-katmani-16","proposed","""BANT 043""","K1436-gozlem-katmani-16",,"1083"
"K1437","K1437-gozlem-katmani-17","proposed","""BANT 043""","K1437-gozlem-katmani-17",,"1083"
"K1438","K1438-gozlem-katmani-18","proposed","""BANT 043""","K1438-gozlem-katmani-18",,"1083"
"K1439","K1439-gozlem-katmani-19","proposed","""BANT 043""","K1439-gozlem-katmani-19",,"1083"
"K1440","K1440-gozlem-katmani-20","proposed","""BANT 043""","K1440-gozlem-katmani-20",,"1083"
"K1441","K1441-gozlem-katmani-21","proposed","""BANT 043""","K1441-gozlem-katmani-21",,"1083"
"K1442","K1442-gozlem-katmani-22","proposed","""BANT 043""","K1442-gozlem-katmani-22",,"1083"
"K1443","K1443-gozlem-katmani-23","proposed","""BANT 043""","K1443-gozlem-katmani-23",,"1083"
"K1444","K1444-gozlem-katmani-24","proposed","""BANT 043""","K1444-gozlem-katmani-24",,"1083"
"K1445","K1445-gozlem-katmani-25","proposed","""BANT 043""","K1445-gozlem-katmani-25",,"1083"
"K1446","K1446-gozlem-katmani-26","proposed","""BANT 043""","K1446-gozlem-katmani-26",,"1083"
"K1447","K1447-gozlem-katmani-27","proposed","""BANT 043""","K1447-gozlem-katmani-27",,"1083"
"K1448","K1448-gozlem-katmani-28","proposed","""BANT 043""","K1448-gozlem-katmani-28",,"1083"
"K1449","K1449-gozlem-katmani-29","proposed","""BANT 043""","K1449-gozlem-katmani-29",,"1083"
"K1450","K1450-gozlem-katmani-30","proposed","""BANT 043""","K1450-gozlem-katmani-30",,"1083"
"K1451","K1451-gozlem-katmani-31","proposed","""BANT 043""","K1451-gozlem-katmani-31",,"1083"
"K1452","K1452-gozlem-katmani-32","proposed","""BANT 043""","K1452-gozlem-katmani-32",,"1083"
"K1453","K1453-gozlem-katmani-33","proposed","""BANT 043""","K1453-gozlem-katmani-33",,"1083"
"K1454","K1454-gozlem-katmani-34","proposed","""BANT 043""","K1454-gozlem-katmani-34",,"1083"
"K1455","K1455-gozlem-katmani-35","proposed","""BANT 043""","K1455-gozlem-katmani-35",,"1083"
"K1456","K1456-gozlem-katmani-36","proposed","""BANT 043""","K1456-gozlem-katmani-36",,"1083"
"K1457","K1457-gozlem-katmani-37","proposed","""BANT 043""","K1457-gozlem-katmani-37",,"1083"
"K1458","K1458-gozlem-katmani-38","proposed","""BANT 043""","K1458-gozlem-katmani-38",,"1083"
"K1459","K1459-gozlem-katmani-39","proposed","""BANT 043""","K1459-gozlem-katmani-39",,"1083"
"K1460","K1460-gozlem-katmani-40","proposed","""BANT 043""","K1460-gozlem-katmani-40",,"1083"
"K1461","K1461-teslimat-katmani-01","proposed","""BANT 044""","K1461-teslimat-katmani-01",,"1091"
"K1462","K1462-teslimat-katmani-02","proposed","""BANT 044""","K1462-teslimat-katmani-02",,"1091"
"K1463","K1463-teslimat-katmani-03","proposed","""BANT 044""","K1463-teslimat-katmani-03",,"1091"
"K1464","K1464-teslimat-katmani-04","proposed","""BANT 044""","K1464-teslimat-katmani-04",,"1091"
"K1465","K1465-teslimat-katmani-05","proposed","""BANT 044""","K1465-teslimat-katmani-05",,"1091"
"K1466","K1466-teslimat-katmani-06","proposed","""BANT 044""","K1466-teslimat-katmani-06",,"1091"
"K1467","K1467-teslimat-katmani-07","proposed","""BANT 044""","K1467-teslimat-katmani-07",,"1091"
"K1468","K1468-teslimat-katmani-08","proposed","""BANT 044""","K1468-teslimat-katmani-08",,"1091"
"K1469","K1469-teslimat-katmani-09","proposed","""BANT 044""","K1469-teslimat-katmani-09",,"1091"
"K1470","K1470-teslimat-katmani-10","proposed","""BANT 044""","K1470-teslimat-katmani-10",,"1093"
"K1471","K1471-teslimat-katmani-11","proposed","""BANT 044""","K1471-teslimat-katmani-11",,"1093"
"K1472","K1472-teslimat-katmani-12","proposed","""BANT 044""","K1472-teslimat-katmani-12",,"1093"
"K1473","K1473-teslimat-katmani-13","proposed","""BANT 044""","K1473-teslimat-katmani-13",,"1093"
"K1474","K1474-teslimat-katmani-14","proposed","""BANT 044""","K1474-teslimat-katmani-14",,"1093"
"K1475","K1475-teslimat-katmani-15","proposed","""BANT 044""","K1475-teslimat-katmani-15",,"1093"
"K1476","K1476-teslimat-katmani-16","proposed","""BANT 044""","K1476-teslimat-katmani-16",,"1093"
"K1477","K1477-teslimat-katmani-17","proposed","""BANT 044""","K1477-teslimat-katmani-17",,"1093"
"K1478","K1478-teslimat-katmani-18","proposed","""BANT 044""","K1478-teslimat-katmani-18",,"1093"
"K1479","K1479-teslimat-katmani-19","proposed","""BANT 044""","K1479-teslimat-katmani-19",,"1093"
"K1480","K1480-teslimat-katmani-20","proposed","""BANT 044""","K1480-teslimat-katmani-20",,"1093"
"K1481","K1481-teslimat-katmani-21","proposed","""BANT 044""","K1481-teslimat-katmani-21",,"1093"
"K1482","K1482-teslimat-katmani-22","proposed","""BANT 044""","K1482-teslimat-katmani-22",,"1093"
"K1483","K1483-teslimat-katmani-23","proposed","""BANT 044""","K1483-teslimat-katmani-23",,"1093"
"K1484","K1484-teslimat-katmani-24","proposed","""BANT 044""","K1484-teslimat-katmani-24",,"1093"
"K1485","K1485-teslimat-katmani-25","proposed","""BANT 044""","K1485-teslimat-katmani-25",,"1093"
"K1486","K1486-teslimat-katmani-26","proposed","""BANT 044""","K1486-teslimat-katmani-26",,"1093"
"K1487","K1487-teslimat-katmani-27","proposed","""BANT 044""","K1487-teslimat-katmani-27",,"1093"
"K1488","K1488-teslimat-katmani-28","proposed","""BANT 044""","K1488-teslimat-katmani-28",,"1093"
"K1489","K1489-teslimat-katmani-29","proposed","""BANT 044""","K1489-teslimat-katmani-29",,"1093"
"K1490","K1490-teslimat-katmani-30","proposed","""BANT 044""","K1490-teslimat-katmani-30",,"1093"
"K1491","K1491-teslimat-katmani-31","proposed","""BANT 044""","K1491-teslimat-katmani-31",,"1093"
"K1492","K1492-teslimat-katmani-32","proposed","""BANT 044""","K1492-teslimat-katmani-32",,"1093"
"K1493","K1493-teslimat-katmani-33","proposed","""BANT 044""","K1493-teslimat-katmani-33",,"1093"
"K1494","K1494-teslimat-katmani-34","proposed","""BANT 044""","K1494-teslimat-katmani-34",,"1093"
"K1495","K1495-teslimat-katmani-35","proposed","""BANT 044""","K1495-teslimat-katmani-35",,"1093"
"K1496","K1496-teslimat-katmani-36","proposed","""BANT 044""","K1496-teslimat-katmani-36",,"1093"
"K1497","K1497-teslimat-katmani-37","proposed","""BANT 044""","K1497-teslimat-katmani-37",,"1093"
"K1498","K1498-teslimat-katmani-38","proposed","""BANT 044""","K1498-teslimat-katmani-38",,"1093"
"K1499","K1499-teslimat-katmani-39","proposed","""BANT 044""","K1499-teslimat-katmani-39",,"1093"
"K1500","K1500-teslimat-katmani-40","proposed","""BANT 044""","K1500-teslimat-katmani-40",,"1093"
"K1501","K1501-veri-yonetimi-01","proposed","""BANT 045""","K1501-veri-yonetimi-01",,"1076"
"K1502","K1502-veri-yonetimi-02","proposed","""BANT 045""","K1502-veri-yonetimi-02",,"1076"
"K1503","K1503-veri-yonetimi-03","proposed","""BANT 045""","K1503-veri-yonetimi-03",,"1076"
"K1504","K1504-veri-yonetimi-04","proposed","""BANT 045""","K1504-veri-yonetimi-04",,"1076"
"K1505","K1505-veri-yonetimi-05","proposed","""BANT 045""","K1505-veri-yonetimi-05",,"1076"
"K1506","K1506-veri-yonetimi-06","proposed","""BANT 045""","K1506-veri-yonetimi-06",,"1076"
"K1507","K1507-veri-yonetimi-07","proposed","""BANT 045""","K1507-veri-yonetimi-07",,"1076"
"K1508","K1508-veri-yonetimi-08","proposed","""BANT 045""","K1508-veri-yonetimi-08",,"1076"
"K1509","K1509-veri-yonetimi-09","proposed","""BANT 045""","K1509-veri-yonetimi-09",,"1076"
"K1510","K1510-veri-yonetimi-10","proposed","""BANT 045""","K1510-veri-yonetimi-10",,"1078"
"K1511","K1511-veri-yonetimi-11","proposed","""BANT 045""","K1511-veri-yonetimi-11",,"1078"
"K1512","K1512-veri-yonetimi-12","proposed","""BANT 045""","K1512-veri-yonetimi-12",,"1078"
"K1513","K1513-veri-yonetimi-13","proposed","""BANT 045""","K1513-veri-yonetimi-13",,"1078"
"K1514","K1514-veri-yonetimi-14","proposed","""BANT 045""","K1514-veri-yonetimi-14",,"1078"
"K1515","K1515-veri-yonetimi-15","proposed","""BANT 045""","K1515-veri-yonetimi-15",,"1078"
"K1516","K1516-veri-yonetimi-16","proposed","""BANT 045""","K1516-veri-yonetimi-16",,"1078"
"K1517","K1517-veri-yonetimi-17","proposed","""BANT 045""","K1517-veri-yonetimi-17",,"1078"
"K1518","K1518-veri-yonetimi-18","proposed","""BANT 045""","K1518-veri-yonetimi-18",,"1078"
"K1519","K1519-veri-yonetimi-19","proposed","""BANT 045""","K1519-veri-yonetimi-19",,"1078"
"K1520","K1520-veri-yonetimi-20","proposed","""BANT 045""","K1520-veri-yonetimi-20",,"1078"
"K1521","K1521-veri-yonetimi-21","proposed","""BANT 045""","K1521-veri-yonetimi-21",,"1078"
"K1522","K1522-veri-yonetimi-22","proposed","""BANT 045""","K1522-veri-yonetimi-22",,"1078"
"K1523","K1523-veri-yonetimi-23","proposed","""BANT 045""","K1523-veri-yonetimi-23",,"1078"
"K1524","K1524-veri-yonetimi-24","proposed","""BANT 045""","K1524-veri-yonetimi-24",,"1078"
"K1525","K1525-veri-yonetimi-25","proposed","""BANT 045""","K1525-veri-yonetimi-25",,"1078"
"K1526","K1526-veri-yonetimi-26","proposed","""BANT 045""","K1526-veri-yonetimi-26",,"1078"
"K1527","K1527-veri-yonetimi-27","proposed","""BANT 045""","K1527-veri-yonetimi-27",,"1078"
"K1528","K1528-veri-yonetimi-28","proposed","""BANT 045""","K1528-veri-yonetimi-28",,"1078"
"K1529","K1529-veri-yonetimi-29","proposed","""BANT 045""","K1529-veri-yonetimi-29",,"1078"
"K1530","K1530-veri-yonetimi-30","proposed","""BANT 045""","K1530-veri-yonetimi-30",,"1078"
"K1531","K1531-veri-yonetimi-31","proposed","""BANT 045""","K1531-veri-yonetimi-31",,"1078"
"K1532","K1532-veri-yonetimi-32","proposed","""BANT 045""","K1532-veri-yonetimi-32",,"1078"
"K1533","K1533-veri-yonetimi-33","proposed","""BANT 045""","K1533-veri-yonetimi-33",,"1078"
"K1534","K1534-veri-yonetimi-34","proposed","""BANT 045""","K1534-veri-yonetimi-34",,"1078"
"K1535","K1535-veri-yonetimi-35","proposed","""BANT 045""","K1535-veri-yonetimi-35",,"1078"
"K1536","K1536-veri-yonetimi-36","proposed","""BANT 045""","K1536-veri-yonetimi-36",,"1078"
"K1537","K1537-veri-yonetimi-37","proposed","""BANT 045""","K1537-veri-yonetimi-37",,"1078"
"K1538","K1538-veri-yonetimi-38","proposed","""BANT 045""","K1538-veri-yonetimi-38",,"1078"
"K1539","K1539-veri-yonetimi-39","proposed","""BANT 045""","K1539-veri-yonetimi-39",,"1078"
"K1540","K1540-veri-yonetimi-40","proposed","""BANT 045""","K1540-veri-yonetimi-40",,"1078"
"K1541","K1541-maliyet-katmani-01","proposed","""BANT 046""","K1541-maliyet-katmani-01",,"1086"
"K1542","K1542-maliyet-katmani-02","proposed","""BANT 046""","K1542-maliyet-katmani-02",,"1086"
"K1543","K1543-maliyet-katmani-03","proposed","""BANT 046""","K1543-maliyet-katmani-03",,"1086"
"K1544","K1544-maliyet-katmani-04","proposed","""BANT 046""","K1544-maliyet-katmani-04",,"1086"
"K1545","K1545-maliyet-katmani-05","proposed","""BANT 046""","K1545-maliyet-katmani-05",,"1086"
"K1546","K1546-maliyet-katmani-06","proposed","""BANT 046""","K1546-maliyet-katmani-06",,"1086"
"K1547","K1547-maliyet-katmani-07","proposed","""BANT 046""","K1547-maliyet-katmani-07",,"1086"
"K1548","K1548-maliyet-katmani-08","proposed","""BANT 046""","K1548-maliyet-katmani-08",,"1086"
"K1549","K1549-maliyet-katmani-09","proposed","""BANT 046""","K1549-maliyet-katmani-09",,"1086"
"K1550","K1550-maliyet-katmani-10","proposed","""BANT 046""","K1550-maliyet-katmani-10",,"1088"
"K1551","K1551-maliyet-katmani-11","proposed","""BANT 046""","K1551-maliyet-katmani-11",,"1088"
"K1552","K1552-maliyet-katmani-12","proposed","""BANT 046""","K1552-maliyet-katmani-12",,"1088"
"K1553","K1553-maliyet-katmani-13","proposed","""BANT 046""","K1553-maliyet-katmani-13",,"1088"
"K1554","K1554-maliyet-katmani-14","proposed","""BANT 046""","K1554-maliyet-katmani-14",,"1088"
"K1555","K1555-maliyet-katmani-15","proposed","""BANT 046""","K1555-maliyet-katmani-15",,"1088"
"K1556","K1556-maliyet-katmani-16","proposed","""BANT 046""","K1556-maliyet-katmani-16",,"1088"
"K1557","K1557-maliyet-katmani-17","proposed","""BANT 046""","K1557-maliyet-katmani-17",,"1088"
"K1558","K1558-maliyet-katmani-18","proposed","""BANT 046""","K1558-maliyet-katmani-18",,"1088"
"K1559","K1559-maliyet-katmani-19","proposed","""BANT 046""","K1559-maliyet-katmani-19",,"1088"
"K1560","K1560-maliyet-katmani-20","proposed","""BANT 046""","K1560-maliyet-katmani-20",,"1088"
"K1561","K1561-maliyet-katmani-21","proposed","""BANT 046""","K1561-maliyet-katmani-21",,"1088"
"K1562","K1562-maliyet-katmani-22","proposed","""BANT 046""","K1562-maliyet-katmani-22",,"1088"
"K1563","K1563-maliyet-katmani-23","proposed","""BANT 046""","K1563-maliyet-katmani-23",,"1088"
"K1564","K1564-maliyet-katmani-24","proposed","""BANT 046""","K1564-maliyet-katmani-24",,"1088"
"K1565","K1565-maliyet-katmani-25","proposed","""BANT 046""","K1565-maliyet-katmani-25",,"1088"
"K1566","K1566-maliyet-katmani-26","proposed","""BANT 046""","K1566-maliyet-katmani-26",,"1088"
"K1567","K1567-maliyet-katmani-27","proposed","""BANT 046""","K1567-maliyet-katmani-27",,"1088"
"K1568","K1568-maliyet-katmani-28","proposed","""BANT 046""","K1568-maliyet-katmani-28",,"1088"
"K1569","K1569-maliyet-katmani-29","proposed","""BANT 046""","K1569-maliyet-katmani-29",,"1088"
"K1570","K1570-maliyet-katmani-30","proposed","""BANT 046""","K1570-maliyet-katmani-30",,"1088"
"K1571","K1571-maliyet-katmani-31","proposed","""BANT 046""","K1571-maliyet-katmani-31",,"1088"
"K1572","K1572-maliyet-katmani-32","proposed","""BANT 046""","K1572-maliyet-katmani-32",,"1088"
"K1573","K1573-maliyet-katmani-33","proposed","""BANT 046""","K1573-maliyet-katmani-33",,"1088"
"K1574","K1574-maliyet-katmani-34","proposed","""BANT 046""","K1574-maliyet-katmani-34",,"1088"
"K1575","K1575-maliyet-katmani-35","proposed","""BANT 046""","K1575-maliyet-katmani-35",,"1088"
"K1576","K1576-maliyet-katmani-36","proposed","""BANT 046""","K1576-maliyet-katmani-36",,"1088"
"K1577","K1577-maliyet-katmani-37","proposed","""BANT 046""","K1577-maliyet-katmani-37",,"1088"
"K1578","K1578-maliyet-katmani-38","proposed","""BANT 046""","K1578-maliyet-katmani-38",,"1088"
"K1579","K1579-maliyet-katmani-39","proposed","""BANT 046""","K1579-maliyet-katmani-39",,"1088"
"K1580","K1580-maliyet-katmani-40","proposed","""BANT 046""","K1580-maliyet-katmani-40",,"1088"
"K1581","K1581-bilgi-grafigi-derinligi-01","proposed","""BANT 047""","K1581-bilgi-grafigi-derinligi-01",,"1126"
"K1582","K1582-bilgi-grafigi-derinligi-02","proposed","""BANT 047""","K1582-bilgi-grafigi-derinligi-02",,"1126"
"K1583","K1583-bilgi-grafigi-derinligi-03","proposed","""BANT 047""","K1583-bilgi-grafigi-derinligi-03",,"1126"
"K1584","K1584-bilgi-grafigi-derinligi-04","proposed","""BANT 047""","K1584-bilgi-grafigi-derinligi-04",,"1126"
"K1585","K1585-bilgi-grafigi-derinligi-05","proposed","""BANT 047""","K1585-bilgi-grafigi-derinligi-05",,"1126"
"K1586","K1586-bilgi-grafigi-derinligi-06","proposed","""BANT 047""","K1586-bilgi-grafigi-derinligi-06",,"1126"
"K1587","K1587-bilgi-grafigi-derinligi-07","proposed","""BANT 047""","K1587-bilgi-grafigi-derinligi-07",,"1126"
"K1588","K1588-bilgi-grafigi-derinligi-08","proposed","""BANT 047""","K1588-bilgi-grafigi-derinligi-08",,"1126"
"K1589","K1589-bilgi-grafigi-derinligi-09","proposed","""BANT 047""","K1589-bilgi-grafigi-derinligi-09",,"1126"
"K1590","K1590-bilgi-grafigi-derinligi-10","proposed","""BANT 047""","K1590-bilgi-grafigi-derinligi-10",,"1128"
"K1591","K1591-bilgi-grafigi-derinligi-11","proposed","""BANT 047""","K1591-bilgi-grafigi-derinligi-11",,"1128"
"K1592","K1592-bilgi-grafigi-derinligi-12","proposed","""BANT 047""","K1592-bilgi-grafigi-derinligi-12",,"1128"
"K1593","K1593-bilgi-grafigi-derinligi-13","proposed","""BANT 047""","K1593-bilgi-grafigi-derinligi-13",,"1128"
"K1594","K1594-bilgi-grafigi-derinligi-14","proposed","""BANT 047""","K1594-bilgi-grafigi-derinligi-14",,"1128"
"K1595","K1595-bilgi-grafigi-derinligi-15","proposed","""BANT 047""","K1595-bilgi-grafigi-derinligi-15",,"1128"
"K1596","K1596-bilgi-grafigi-derinligi-16","proposed","""BANT 047""","K1596-bilgi-grafigi-derinligi-16",,"1128"
"K1597","K1597-bilgi-grafigi-derinligi-17","proposed","""BANT 047""","K1597-bilgi-grafigi-derinligi-17",,"1128"
"K1598","K1598-bilgi-grafigi-derinligi-18","proposed","""BANT 047""","K1598-bilgi-grafigi-derinligi-18",,"1128"
"K1599","K1599-bilgi-grafigi-derinligi-19","proposed","""BANT 047""","K1599-bilgi-grafigi-derinligi-19",,"1128"
"K1600","K1600-bilgi-grafigi-derinligi-20","proposed","""BANT 047""","K1600-bilgi-grafigi-derinligi-20",,"1128"
"K1601","K1601-bilgi-grafigi-derinligi-21","proposed","""BANT 047""","K1601-bilgi-grafigi-derinligi-21",,"1128"
"K1602","K1602-bilgi-grafigi-derinligi-22","proposed","""BANT 047""","K1602-bilgi-grafigi-derinligi-22",,"1128"
"K1603","K1603-bilgi-grafigi-derinligi-23","proposed","""BANT 047""","K1603-bilgi-grafigi-derinligi-23",,"1128"
"K1604","K1604-bilgi-grafigi-derinligi-24","proposed","""BANT 047""","K1604-bilgi-grafigi-derinligi-24",,"1128"
"K1605","K1605-bilgi-grafigi-derinligi-25","proposed","""BANT 047""","K1605-bilgi-grafigi-derinligi-25",,"1128"
"K1606","K1606-bilgi-grafigi-derinligi-26","proposed","""BANT 047""","K1606-bilgi-grafigi-derinligi-26",,"1128"
"K1607","K1607-bilgi-grafigi-derinligi-27","proposed","""BANT 047""","K1607-bilgi-grafigi-derinligi-27",,"1128"
"K1608","K1608-bilgi-grafigi-derinligi-28","proposed","""BANT 047""","K1608-bilgi-grafigi-derinligi-28",,"1128"
"K1609","K1609-bilgi-grafigi-derinligi-29","proposed","""BANT 047""","K1609-bilgi-grafigi-derinligi-29",,"1128"
"K1610","K1610-bilgi-grafigi-derinligi-30","proposed","""BANT 047""","K1610-bilgi-grafigi-derinligi-30",,"1128"
"K1611","K1611-bilgi-grafigi-derinligi-31","proposed","""BANT 047""","K1611-bilgi-grafigi-derinligi-31",,"1128"
"K1612","K1612-bilgi-grafigi-derinligi-32","proposed","""BANT 047""","K1612-bilgi-grafigi-derinligi-32",,"1128"
"K1613","K1613-bilgi-grafigi-derinligi-33","proposed","""BANT 047""","K1613-bilgi-grafigi-derinligi-33",,"1128"
"K1614","K1614-bilgi-grafigi-derinligi-34","proposed","""BANT 047""","K1614-bilgi-grafigi-derinligi-34",,"1128"
"K1615","K1615-bilgi-grafigi-derinligi-35","proposed","""BANT 047""","K1615-bilgi-grafigi-derinligi-35",,"1128"
"K1616","K1616-bilgi-grafigi-derinligi-36","proposed","""BANT 047""","K1616-bilgi-grafigi-derinligi-36",,"1128"
"K1617","K1617-bilgi-grafigi-derinligi-37","proposed","""BANT 047""","K1617-bilgi-grafigi-derinligi-37",,"1128"
"K1618","K1618-bilgi-grafigi-derinligi-38","proposed","""BANT 047""","K1618-bilgi-grafigi-derinligi-38",,"1128"
"K1619","K1619-bilgi-grafigi-derinligi-39","proposed","""BANT 047""","K1619-bilgi-grafigi-derinligi-39",,"1128"
"K1620","K1620-bilgi-grafigi-derinligi-40","proposed","""BANT 047""","K1620-bilgi-grafigi-derinligi-40",,"1128"
"K1621","K1621-rag-derinligi-01","proposed","""BANT 048""","K1621-rag-derinligi-01",,"1076"
"K1622","K1622-rag-derinligi-02","proposed","""BANT 048""","K1622-rag-derinligi-02",,"1076"
"K1623","K1623-rag-derinligi-03","proposed","""BANT 048""","K1623-rag-derinligi-03",,"1076"
"K1624","K1624-rag-derinligi-04","proposed","""BANT 048""","K1624-rag-derinligi-04",,"1076"
"K1625","K1625-rag-derinligi-05","proposed","""BANT 048""","K1625-rag-derinligi-05",,"1076"
"K1626","K1626-rag-derinligi-06","proposed","""BANT 048""","K1626-rag-derinligi-06",,"1076"
"K1627","K1627-rag-derinligi-07","proposed","""BANT 048""","K1627-rag-derinligi-07",,"1076"
"K1628","K1628-rag-derinligi-08","proposed","""BANT 048""","K1628-rag-derinligi-08",,"1076"
"K1629","K1629-rag-derinligi-09","proposed","""BANT 048""","K1629-rag-derinligi-09",,"1076"
"K1630","K1630-rag-derinligi-10","proposed","""BANT 048""","K1630-rag-derinligi-10",,"1078"
"K1631","K1631-rag-derinligi-11","proposed","""BANT 048""","K1631-rag-derinligi-11",,"1078"
"K1632","K1632-rag-derinligi-12","proposed","""BANT 048""","K1632-rag-derinligi-12",,"1078"
"K1633","K1633-rag-derinligi-13","proposed","""BANT 048""","K1633-rag-derinligi-13",,"1078"
"K1634","K1634-rag-derinligi-14","proposed","""BANT 048""","K1634-rag-derinligi-14",,"1078"
"K1635","K1635-rag-derinligi-15","proposed","""BANT 048""","K1635-rag-derinligi-15",,"1078"
"K1636","K1636-rag-derinligi-16","proposed","""BANT 048""","K1636-rag-derinligi-16",,"1078"
"K1637","K1637-rag-derinligi-17","proposed","""BANT 048""","K1637-rag-derinligi-17",,"1078"
"K1638","K1638-rag-derinligi-18","proposed","""BANT 048""","K1638-rag-derinligi-18",,"1078"
"K1639","K1639-rag-derinligi-19","proposed","""BANT 048""","K1639-rag-derinligi-19",,"1078"
"K1640","K1640-rag-derinligi-20","proposed","""BANT 048""","K1640-rag-derinligi-20",,"1078"
"K1641","K1641-rag-derinligi-21","proposed","""BANT 048""","K1641-rag-derinligi-21",,"1078"
"K1642","K1642-rag-derinligi-22","proposed","""BANT 048""","K1642-rag-derinligi-22",,"1078"
"K1643","K1643-rag-derinligi-23","proposed","""BANT 048""","K1643-rag-derinligi-23",,"1078"
"K1644","K1644-rag-derinligi-24","proposed","""BANT 048""","K1644-rag-derinligi-24",,"1078"
"K1645","K1645-rag-derinligi-25","proposed","""BANT 048""","K1645-rag-derinligi-25",,"1078"
"K1646","K1646-rag-derinligi-26","proposed","""BANT 048""","K1646-rag-derinligi-26",,"1078"
"K1647","K1647-rag-derinligi-27","proposed","""BANT 048""","K1647-rag-derinligi-27",,"1078"
"K1648","K1648-rag-derinligi-28","proposed","""BANT 048""","K1648-rag-derinligi-28",,"1078"
"K1649","K1649-rag-derinligi-29","proposed","""BANT 048""","K1649-rag-derinligi-29",,"1078"
"K1650","K1650-rag-derinligi-30","proposed","""BANT 048""","K1650-rag-derinligi-30",,"1078"
"K1651","K1651-rag-derinligi-31","proposed","""BANT 048""","K1651-rag-derinligi-31",,"1078"
"K1652","K1652-rag-derinligi-32","proposed","""BANT 048""","K1652-rag-derinligi-32",,"1078"
"K1653","K1653-rag-derinligi-33","proposed","""BANT 048""","K1653-rag-derinligi-33",,"1078"
"K1654","K1654-rag-derinligi-34","proposed","""BANT 048""","K1654-rag-derinligi-34",,"1078"
"K1655","K1655-rag-derinligi-35","proposed","""BANT 048""","K1655-rag-derinligi-35",,"1078"
"K1656","K1656-rag-derinligi-36","proposed","""BANT 048""","K1656-rag-derinligi-36",,"1078"
"K1657","K1657-rag-derinligi-37","proposed","""BANT 048""","K1657-rag-derinligi-37",,"1078"
"K1658","K1658-rag-derinligi-38","proposed","""BANT 048""","K1658-rag-derinligi-38",,"1078"
"K1659","K1659-rag-derinligi-39","proposed","""BANT 048""","K1659-rag-derinligi-39",,"1078"
"K1660","K1660-rag-derinligi-40","proposed","""BANT 048""","K1660-rag-derinligi-40",,"1078"
"K1661","K1661-ajan-derinligi-01","proposed","""BANT 049""","K1661-ajan-derinligi-01",,"1081"
"K1662","K1662-ajan-derinligi-02","proposed","""BANT 049""","K1662-ajan-derinligi-02",,"1081"
"K1663","K1663-ajan-derinligi-03","proposed","""BANT 049""","K1663-ajan-derinligi-03",,"1081"
"K1664","K1664-ajan-derinligi-04","proposed","""BANT 049""","K1664-ajan-derinligi-04",,"1081"
"K1665","K1665-ajan-derinligi-05","proposed","""BANT 049""","K1665-ajan-derinligi-05",,"1081"
"K1666","K1666-ajan-derinligi-06","proposed","""BANT 049""","K1666-ajan-derinligi-06",,"1081"
"K1667","K1667-ajan-derinligi-07","proposed","""BANT 049""","K1667-ajan-derinligi-07",,"1081"
"K1668","K1668-ajan-derinligi-08","proposed","""BANT 049""","K1668-ajan-derinligi-08",,"1081"
"K1669","K1669-ajan-derinligi-09","proposed","""BANT 049""","K1669-ajan-derinligi-09",,"1081"
"K1670","K1670-ajan-derinligi-10","proposed","""BANT 049""","K1670-ajan-derinligi-10",,"1083"
"K1671","K1671-ajan-derinligi-11","proposed","""BANT 049""","K1671-ajan-derinligi-11",,"1083"
"K1672","K1672-ajan-derinligi-12","proposed","""BANT 049""","K1672-ajan-derinligi-12",,"1083"
"K1673","K1673-ajan-derinligi-13","proposed","""BANT 049""","K1673-ajan-derinligi-13",,"1083"
"K1674","K1674-ajan-derinligi-14","proposed","""BANT 049""","K1674-ajan-derinligi-14",,"1083"
"K1675","K1675-ajan-derinligi-15","proposed","""BANT 049""","K1675-ajan-derinligi-15",,"1083"
"K1676","K1676-ajan-derinligi-16","proposed","""BANT 049""","K1676-ajan-derinligi-16",,"1083"
"K1677","K1677-ajan-derinligi-17","proposed","""BANT 049""","K1677-ajan-derinligi-17",,"1083"
"K1678","K1678-ajan-derinligi-18","proposed","""BANT 049""","K1678-ajan-derinligi-18",,"1083"
"K1679","K1679-ajan-derinligi-19","proposed","""BANT 049""","K1679-ajan-derinligi-19",,"1083"
"K1680","K1680-ajan-derinligi-20","proposed","""BANT 049""","K1680-ajan-derinligi-20",,"1083"
"K1681","K1681-ajan-derinligi-21","proposed","""BANT 049""","K1681-ajan-derinligi-21",,"1083"
"K1682","K1682-ajan-derinligi-22","proposed","""BANT 049""","K1682-ajan-derinligi-22",,"1083"
"K1683","K1683-ajan-derinligi-23","proposed","""BANT 049""","K1683-ajan-derinligi-23",,"1083"
"K1684","K1684-ajan-derinligi-24","proposed","""BANT 049""","K1684-ajan-derinligi-24",,"1083"
"K1685","K1685-ajan-derinligi-25","proposed","""BANT 049""","K1685-ajan-derinligi-25",,"1083"
"K1686","K1686-ajan-derinligi-26","proposed","""BANT 049""","K1686-ajan-derinligi-26",,"1083"
"K1687","K1687-ajan-derinligi-27","proposed","""BANT 049""","K1687-ajan-derinligi-27",,"1083"
"K1688","K1688-ajan-derinligi-28","proposed","""BANT 049""","K1688-ajan-derinligi-28",,"1083"
"K1689","K1689-ajan-derinligi-29","proposed","""BANT 049""","K1689-ajan-derinligi-29",,"1083"
"K1690","K1690-ajan-derinligi-30","proposed","""BANT 049""","K1690-ajan-derinligi-30",,"1083"
"K1691","K1691-ajan-derinligi-31","proposed","""BANT 049""","K1691-ajan-derinligi-31",,"1083"
"K1692","K1692-ajan-derinligi-32","proposed","""BANT 049""","K1692-ajan-derinligi-32",,"1083"
"K1693","K1693-ajan-derinligi-33","proposed","""BANT 049""","K1693-ajan-derinligi-33",,"1083"
"K1694","K1694-ajan-derinligi-34","proposed","""BANT 049""","K1694-ajan-derinligi-34",,"1083"
"K1695","K1695-ajan-derinligi-35","proposed","""BANT 049""","K1695-ajan-derinligi-35",,"1083"
"K1696","K1696-ajan-derinligi-36","proposed","""BANT 049""","K1696-ajan-derinligi-36",,"1083"
"K1697","K1697-ajan-derinligi-37","proposed","""BANT 049""","K1697-ajan-derinligi-37",,"1083"
"K1698","K1698-ajan-derinligi-38","proposed","""BANT 049""","K1698-ajan-derinligi-38",,"1083"
"K1699","K1699-ajan-derinligi-39","proposed","""BANT 049""","K1699-ajan-derinligi-39",,"1083"
"K1700","K1700-ajan-derinligi-40","proposed","""BANT 049""","K1700-ajan-derinligi-40",,"1083"
"K1701","K1701-anlamsal-arama-01","proposed","""BANT 050""","K1701-anlamsal-arama-01",,"1081"
"K1702","K1702-anlamsal-arama-02","proposed","""BANT 050""","K1702-anlamsal-arama-02",,"1081"
"K1703","K1703-anlamsal-arama-03","proposed","""BANT 050""","K1703-anlamsal-arama-03",,"1081"
"K1704","K1704-anlamsal-arama-04","proposed","""BANT 050""","K1704-anlamsal-arama-04",,"1081"
"K1705","K1705-anlamsal-arama-05","proposed","""BANT 050""","K1705-anlamsal-arama-05",,"1081"
"K1706","K1706-anlamsal-arama-06","proposed","""BANT 050""","K1706-anlamsal-arama-06",,"1081"
"K1707","K1707-anlamsal-arama-07","proposed","""BANT 050""","K1707-anlamsal-arama-07",,"1081"
"K1708","K1708-anlamsal-arama-08","proposed","""BANT 050""","K1708-anlamsal-arama-08",,"1081"
"K1709","K1709-anlamsal-arama-09","proposed","""BANT 050""","K1709-anlamsal-arama-09",,"1081"
"K1710","K1710-anlamsal-arama-10","proposed","""BANT 050""","K1710-anlamsal-arama-10",,"1083"
"K1711","K1711-anlamsal-arama-11","proposed","""BANT 050""","K1711-anlamsal-arama-11",,"1083"
"K1712","K1712-anlamsal-arama-12","proposed","""BANT 050""","K1712-anlamsal-arama-12",,"1083"
"K1713","K1713-anlamsal-arama-13","proposed","""BANT 050""","K1713-anlamsal-arama-13",,"1083"
"K1714","K1714-anlamsal-arama-14","proposed","""BANT 050""","K1714-anlamsal-arama-14",,"1083"
"K1715","K1715-anlamsal-arama-15","proposed","""BANT 050""","K1715-anlamsal-arama-15",,"1083"
"K1716","K1716-anlamsal-arama-16","proposed","""BANT 050""","K1716-anlamsal-arama-16",,"1083"
"K1717","K1717-anlamsal-arama-17","proposed","""BANT 050""","K1717-anlamsal-arama-17",,"1083"
"K1718","K1718-anlamsal-arama-18","proposed","""BANT 050""","K1718-anlamsal-arama-18",,"1083"
"K1719","K1719-anlamsal-arama-19","proposed","""BANT 050""","K1719-anlamsal-arama-19",,"1083"
"K1720","K1720-anlamsal-arama-20","proposed","""BANT 050""","K1720-anlamsal-arama-20",,"1083"
"K1721","K1721-anlamsal-arama-21","proposed","""BANT 050""","K1721-anlamsal-arama-21",,"1083"
"K1722","K1722-anlamsal-arama-22","proposed","""BANT 050""","K1722-anlamsal-arama-22",,"1083"
"K1723","K1723-anlamsal-arama-23","proposed","""BANT 050""","K1723-anlamsal-arama-23",,"1083"
"K1724","K1724-anlamsal-arama-24","proposed","""BANT 050""","K1724-anlamsal-arama-24",,"1083"
"K1725","K1725-anlamsal-arama-25","proposed","""BANT 050""","K1725-anlamsal-arama-25",,"1083"
"K1726","K1726-anlamsal-arama-26","proposed","""BANT 050""","K1726-anlamsal-arama-26",,"1083"
"K1727","K1727-anlamsal-arama-27","proposed","""BANT 050""","K1727-anlamsal-arama-27",,"1083"
"K1728","K1728-anlamsal-arama-28","proposed","""BANT 050""","K1728-anlamsal-arama-28",,"1083"
"K1729","K1729-anlamsal-arama-29","proposed","""BANT 050""","K1729-anlamsal-arama-29",,"1083"
"K1730","K1730-anlamsal-arama-30","proposed","""BANT 050""","K1730-anlamsal-arama-30",,"1083"
"K1731","K1731-anlamsal-arama-31","proposed","""BANT 050""","K1731-anlamsal-arama-31",,"1083"
"K1732","K1732-anlamsal-arama-32","proposed","""BANT 050""","K1732-anlamsal-arama-32",,"1083"
"K1733","K1733-anlamsal-arama-33","proposed","""BANT 050""","K1733-anlamsal-arama-33",,"1083"
"K1734","K1734-anlamsal-arama-34","proposed","""BANT 050""","K1734-anlamsal-arama-34",,"1083"
"K1735","K1735-anlamsal-arama-35","proposed","""BANT 050""","K1735-anlamsal-arama-35",,"1083"
"K1736","K1736-anlamsal-arama-36","proposed","""BANT 050""","K1736-anlamsal-arama-36",,"1083"
"K1737","K1737-anlamsal-arama-37","proposed","""BANT 050""","K1737-anlamsal-arama-37",,"1083"
"K1738","K1738-anlamsal-arama-38","proposed","""BANT 050""","K1738-anlamsal-arama-38",,"1083"
"K1739","K1739-anlamsal-arama-39","proposed","""BANT 050""","K1739-anlamsal-arama-39",,"1083"
"K1740","K1740-anlamsal-arama-40","proposed","""BANT 050""","K1740-anlamsal-arama-40",,"1083"
"K1741","K1741-kural-arama-01","proposed","""BANT 051""","K1741-kural-arama-01",,"1066"
"K1742","K1742-kural-arama-02","proposed","""BANT 051""","K1742-kural-arama-02",,"1066"
"K1743","K1743-kural-arama-03","proposed","""BANT 051""","K1743-kural-arama-03",,"1066"
"K1744","K1744-kural-arama-04","proposed","""BANT 051""","K1744-kural-arama-04",,"1066"
"K1745","K1745-kural-arama-05","proposed","""BANT 051""","K1745-kural-arama-05",,"1066"
"K1746","K1746-kural-arama-06","proposed","""BANT 051""","K1746-kural-arama-06",,"1066"
"K1747","K1747-kural-arama-07","proposed","""BANT 051""","K1747-kural-arama-07",,"1066"
"K1748","K1748-kural-arama-08","proposed","""BANT 051""","K1748-kural-arama-08",,"1066"
"K1749","K1749-kural-arama-09","proposed","""BANT 051""","K1749-kural-arama-09",,"1066"
"K1750","K1750-kural-arama-10","proposed","""BANT 051""","K1750-kural-arama-10",,"1068"
"K1751","K1751-kural-arama-11","proposed","""BANT 051""","K1751-kural-arama-11",,"1068"
"K1752","K1752-kural-arama-12","proposed","""BANT 051""","K1752-kural-arama-12",,"1068"
"K1753","K1753-kural-arama-13","proposed","""BANT 051""","K1753-kural-arama-13",,"1068"
"K1754","K1754-kural-arama-14","proposed","""BANT 051""","K1754-kural-arama-14",,"1068"
"K1755","K1755-kural-arama-15","proposed","""BANT 051""","K1755-kural-arama-15",,"1068"
"K1756","K1756-kural-arama-16","proposed","""BANT 051""","K1756-kural-arama-16",,"1068"
"K1757","K1757-kural-arama-17","proposed","""BANT 051""","K1757-kural-arama-17",,"1068"
"K1758","K1758-kural-arama-18","proposed","""BANT 051""","K1758-kural-arama-18",,"1068"
"K1759","K1759-kural-arama-19","proposed","""BANT 051""","K1759-kural-arama-19",,"1068"
"K1760","K1760-kural-arama-20","proposed","""BANT 051""","K1760-kural-arama-20",,"1068"
"K1761","K1761-kural-arama-21","proposed","""BANT 051""","K1761-kural-arama-21",,"1068"
"K1762","K1762-kural-arama-22","proposed","""BANT 051""","K1762-kural-arama-22",,"1068"
"K1763","K1763-kural-arama-23","proposed","""BANT 051""","K1763-kural-arama-23",,"1068"
"K1764","K1764-kural-arama-24","proposed","""BANT 051""","K1764-kural-arama-24",,"1068"
"K1765","K1765-kural-arama-25","proposed","""BANT 051""","K1765-kural-arama-25",,"1068"
"K1766","K1766-kural-arama-26","proposed","""BANT 051""","K1766-kural-arama-26",,"1068"
"K1767","K1767-kural-arama-27","proposed","""BANT 051""","K1767-kural-arama-27",,"1068"
"K1768","K1768-kural-arama-28","proposed","""BANT 051""","K1768-kural-arama-28",,"1068"
"K1769","K1769-kural-arama-29","proposed","""BANT 051""","K1769-kural-arama-29",,"1068"
"K1770","K1770-kural-arama-30","proposed","""BANT 051""","K1770-kural-arama-30",,"1068"
"K1771","K1771-kural-arama-31","proposed","""BANT 051""","K1771-kural-arama-31",,"1068"
"K1772","K1772-kural-arama-32","proposed","""BANT 051""","K1772-kural-arama-32",,"1068"
"K1773","K1773-kural-arama-33","proposed","""BANT 051""","K1773-kural-arama-33",,"1068"
"K1774","K1774-kural-arama-34","proposed","""BANT 051""","K1774-kural-arama-34",,"1068"
"K1775","K1775-kural-arama-35","proposed","""BANT 051""","K1775-kural-arama-35",,"1068"
"K1776","K1776-kural-arama-36","proposed","""BANT 051""","K1776-kural-arama-36",,"1068"
"K1777","K1777-kural-arama-37","proposed","""BANT 051""","K1777-kural-arama-37",,"1068"
"K1778","K1778-kural-arama-38","proposed","""BANT 051""","K1778-kural-arama-38",,"1068"
"K1779","K1779-kural-arama-39","proposed","""BANT 051""","K1779-kural-arama-39",,"1068"
"K1780","K1780-kural-arama-40","proposed","""BANT 051""","K1780-kural-arama-40",,"1068"
"K1781","K1781-donusum-hatti-01","proposed","""BANT 052""","K1781-donusum-hatti-01",,"1076"
"K1782","K1782-donusum-hatti-02","proposed","""BANT 052""","K1782-donusum-hatti-02",,"1076"
"K1783","K1783-donusum-hatti-03","proposed","""BANT 052""","K1783-donusum-hatti-03",,"1076"
"K1784","K1784-donusum-hatti-04","proposed","""BANT 052""","K1784-donusum-hatti-04",,"1076"
"K1785","K1785-donusum-hatti-05","proposed","""BANT 052""","K1785-donusum-hatti-05",,"1076"
"K1786","K1786-donusum-hatti-06","proposed","""BANT 052""","K1786-donusum-hatti-06",,"1076"
"K1787","K1787-donusum-hatti-07","proposed","""BANT 052""","K1787-donusum-hatti-07",,"1076"
"K1788","K1788-donusum-hatti-08","proposed","""BANT 052""","K1788-donusum-hatti-08",,"1076"
"K1789","K1789-donusum-hatti-09","proposed","""BANT 052""","K1789-donusum-hatti-09",,"1076"
"K1790","K1790-donusum-hatti-10","proposed","""BANT 052""","K1790-donusum-hatti-10",,"1078"
"K1791","K1791-donusum-hatti-11","proposed","""BANT 052""","K1791-donusum-hatti-11",,"1078"
"K1792","K1792-donusum-hatti-12","proposed","""BANT 052""","K1792-donusum-hatti-12",,"1078"
"K1793","K1793-donusum-hatti-13","proposed","""BANT 052""","K1793-donusum-hatti-13",,"1078"
"K1794","K1794-donusum-hatti-14","proposed","""BANT 052""","K1794-donusum-hatti-14",,"1078"
"K1795","K1795-donusum-hatti-15","proposed","""BANT 052""","K1795-donusum-hatti-15",,"1078"
"K1796","K1796-donusum-hatti-16","proposed","""BANT 052""","K1796-donusum-hatti-16",,"1078"
"K1797","K1797-donusum-hatti-17","proposed","""BANT 052""","K1797-donusum-hatti-17",,"1078"
"K1798","K1798-donusum-hatti-18","proposed","""BANT 052""","K1798-donusum-hatti-18",,"1078"
"K1799","K1799-donusum-hatti-19","proposed","""BANT 052""","K1799-donusum-hatti-19",,"1078"
"K1800","K1800-donusum-hatti-20","proposed","""BANT 052""","K1800-donusum-hatti-20",,"1078"
"K1801","K1801-donusum-hatti-21","proposed","""BANT 052""","K1801-donusum-hatti-21",,"1078"
"K1802","K1802-donusum-hatti-22","proposed","""BANT 052""","K1802-donusum-hatti-22",,"1078"
"K1803","K1803-donusum-hatti-23","proposed","""BANT 052""","K1803-donusum-hatti-23",,"1078"
"K1804","K1804-donusum-hatti-24","proposed","""BANT 052""","K1804-donusum-hatti-24",,"1078"
"K1805","K1805-donusum-hatti-25","proposed","""BANT 052""","K1805-donusum-hatti-25",,"1078"
"K1806","K1806-donusum-hatti-26","proposed","""BANT 052""","K1806-donusum-hatti-26",,"1078"
"K1807","K1807-donusum-hatti-27","proposed","""BANT 052""","K1807-donusum-hatti-27",,"1078"
"K1808","K1808-donusum-hatti-28","proposed","""BANT 052""","K1808-donusum-hatti-28",,"1078"
"K1809","K1809-donusum-hatti-29","proposed","""BANT 052""","K1809-donusum-hatti-29",,"1078"
"K1810","K1810-donusum-hatti-30","proposed","""BANT 052""","K1810-donusum-hatti-30",,"1078"
"K1811","K1811-donusum-hatti-31","proposed","""BANT 052""","K1811-donusum-hatti-31",,"1078"
"K1812","K1812-donusum-hatti-32","proposed","""BANT 052""","K1812-donusum-hatti-32",,"1078"
"K1813","K1813-donusum-hatti-33","proposed","""BANT 052""","K1813-donusum-hatti-33",,"1078"
"K1814","K1814-donusum-hatti-34","proposed","""BANT 052""","K1814-donusum-hatti-34",,"1078"
"K1815","K1815-donusum-hatti-35","proposed","""BANT 052""","K1815-donusum-hatti-35",,"1078"
"K1816","K1816-donusum-hatti-36","proposed","""BANT 052""","K1816-donusum-hatti-36",,"1078"
"K1817","K1817-donusum-hatti-37","proposed","""BANT 052""","K1817-donusum-hatti-37",,"1078"
"K1818","K1818-donusum-hatti-38","proposed","""BANT 052""","K1818-donusum-hatti-38",,"1078"
"K1819","K1819-donusum-hatti-39","proposed","""BANT 052""","K1819-donusum-hatti-39",,"1078"
"K1820","K1820-donusum-hatti-40","proposed","""BANT 052""","K1820-donusum-hatti-40",,"1078"
"K1821","K1821-teslim-hatti-01","proposed","""BANT 053""","K1821-teslim-hatti-01",,"1071"
"K1822","K1822-teslim-hatti-02","proposed","""BANT 053""","K1822-teslim-hatti-02",,"1071"
"K1823","K1823-teslim-hatti-03","proposed","""BANT 053""","K1823-teslim-hatti-03",,"1071"
"K1824","K1824-teslim-hatti-04","proposed","""BANT 053""","K1824-teslim-hatti-04",,"1071"
"K1825","K1825-teslim-hatti-05","proposed","""BANT 053""","K1825-teslim-hatti-05",,"1071"
"K1826","K1826-teslim-hatti-06","proposed","""BANT 053""","K1826-teslim-hatti-06",,"1071"
"K1827","K1827-teslim-hatti-07","proposed","""BANT 053""","K1827-teslim-hatti-07",,"1071"
"K1828","K1828-teslim-hatti-08","proposed","""BANT 053""","K1828-teslim-hatti-08",,"1071"
"K1829","K1829-teslim-hatti-09","proposed","""BANT 053""","K1829-teslim-hatti-09",,"1071"
"K1830","K1830-teslim-hatti-10","proposed","""BANT 053""","K1830-teslim-hatti-10",,"1073"
"K1831","K1831-teslim-hatti-11","proposed","""BANT 053""","K1831-teslim-hatti-11",,"1073"
"K1832","K1832-teslim-hatti-12","proposed","""BANT 053""","K1832-teslim-hatti-12",,"1073"
"K1833","K1833-teslim-hatti-13","proposed","""BANT 053""","K1833-teslim-hatti-13",,"1073"
"K1834","K1834-teslim-hatti-14","proposed","""BANT 053""","K1834-teslim-hatti-14",,"1073"
"K1835","K1835-teslim-hatti-15","proposed","""BANT 053""","K1835-teslim-hatti-15",,"1073"
"K1836","K1836-teslim-hatti-16","proposed","""BANT 053""","K1836-teslim-hatti-16",,"1073"
"K1837","K1837-teslim-hatti-17","proposed","""BANT 053""","K1837-teslim-hatti-17",,"1073"
"K1838","K1838-teslim-hatti-18","proposed","""BANT 053""","K1838-teslim-hatti-18",,"1073"
"K1839","K1839-teslim-hatti-19","proposed","""BANT 053""","K1839-teslim-hatti-19",,"1073"
"K1840","K1840-teslim-hatti-20","proposed","""BANT 053""","K1840-teslim-hatti-20",,"1073"
"K1841","K1841-teslim-hatti-21","proposed","""BANT 053""","K1841-teslim-hatti-21",,"1073"
"K1842","K1842-teslim-hatti-22","proposed","""BANT 053""","K1842-teslim-hatti-22",,"1073"
"K1843","K1843-teslim-hatti-23","proposed","""BANT 053""","K1843-teslim-hatti-23",,"1073"
"K1844","K1844-teslim-hatti-24","proposed","""BANT 053""","K1844-teslim-hatti-24",,"1073"
"K1845","K1845-teslim-hatti-25","proposed","""BANT 053""","K1845-teslim-hatti-25",,"1073"
"K1846","K1846-teslim-hatti-26","proposed","""BANT 053""","K1846-teslim-hatti-26",,"1073"
"K1847","K1847-teslim-hatti-27","proposed","""BANT 053""","K1847-teslim-hatti-27",,"1073"
"K1848","K1848-teslim-hatti-28","proposed","""BANT 053""","K1848-teslim-hatti-28",,"1073"
"K1849","K1849-teslim-hatti-29","proposed","""BANT 053""","K1849-teslim-hatti-29",,"1073"
"K1850","K1850-teslim-hatti-30","proposed","""BANT 053""","K1850-teslim-hatti-30",,"1073"
"K1851","K1851-teslim-hatti-31","proposed","""BANT 053""","K1851-teslim-hatti-31",,"1073"
"K1852","K1852-teslim-hatti-32","proposed","""BANT 053""","K1852-teslim-hatti-32",,"1073"
"K1853","K1853-teslim-hatti-33","proposed","""BANT 053""","K1853-teslim-hatti-33",,"1073"
"K1854","K1854-teslim-hatti-34","proposed","""BANT 053""","K1854-teslim-hatti-34",,"1073"
"K1855","K1855-teslim-hatti-35","proposed","""BANT 053""","K1855-teslim-hatti-35",,"1073"
"K1856","K1856-teslim-hatti-36","proposed","""BANT 053""","K1856-teslim-hatti-36",,"1073"
"K1857","K1857-teslim-hatti-37","proposed","""BANT 053""","K1857-teslim-hatti-37",,"1073"
"K1858","K1858-teslim-hatti-38","proposed","""BANT 053""","K1858-teslim-hatti-38",,"1073"
"K1859","K1859-teslim-hatti-39","proposed","""BANT 053""","K1859-teslim-hatti-39",,"1073"
"K1860","K1860-teslim-hatti-40","proposed","""BANT 053""","K1860-teslim-hatti-40",,"1073"
"K1861","K1861-cevrimdisi-hatti-01","proposed","""BANT 054""","K1861-cevrimdisi-hatti-01",,"1091"
"K1862","K1862-cevrimdisi-hatti-02","proposed","""BANT 054""","K1862-cevrimdisi-hatti-02",,"1091"
"K1863","K1863-cevrimdisi-hatti-03","proposed","""BANT 054""","K1863-cevrimdisi-hatti-03",,"1091"
"K1864","K1864-cevrimdisi-hatti-04","proposed","""BANT 054""","K1864-cevrimdisi-hatti-04",,"1091"
"K1865","K1865-cevrimdisi-hatti-05","proposed","""BANT 054""","K1865-cevrimdisi-hatti-05",,"1091"
"K1866","K1866-cevrimdisi-hatti-06","proposed","""BANT 054""","K1866-cevrimdisi-hatti-06",,"1091"
"K1867","K1867-cevrimdisi-hatti-07","proposed","""BANT 054""","K1867-cevrimdisi-hatti-07",,"1091"
"K1868","K1868-cevrimdisi-hatti-08","proposed","""BANT 054""","K1868-cevrimdisi-hatti-08",,"1091"
"K1869","K1869-cevrimdisi-hatti-09","proposed","""BANT 054""","K1869-cevrimdisi-hatti-09",,"1091"
"K1870","K1870-cevrimdisi-hatti-10","proposed","""BANT 054""","K1870-cevrimdisi-hatti-10",,"1093"
"K1871","K1871-cevrimdisi-hatti-11","proposed","""BANT 054""","K1871-cevrimdisi-hatti-11",,"1093"
"K1872","K1872-cevrimdisi-hatti-12","proposed","""BANT 054""","K1872-cevrimdisi-hatti-12",,"1093"
"K1873","K1873-cevrimdisi-hatti-13","proposed","""BANT 054""","K1873-cevrimdisi-hatti-13",,"1093"
"K1874","K1874-cevrimdisi-hatti-14","proposed","""BANT 054""","K1874-cevrimdisi-hatti-14",,"1093"
"K1875","K1875-cevrimdisi-hatti-15","proposed","""BANT 054""","K1875-cevrimdisi-hatti-15",,"1093"
"K1876","K1876-cevrimdisi-hatti-16","proposed","""BANT 054""","K1876-cevrimdisi-hatti-16",,"1093"
"K1877","K1877-cevrimdisi-hatti-17","proposed","""BANT 054""","K1877-cevrimdisi-hatti-17",,"1093"
"K1878","K1878-cevrimdisi-hatti-18","proposed","""BANT 054""","K1878-cevrimdisi-hatti-18",,"1093"
"K1879","K1879-cevrimdisi-hatti-19","proposed","""BANT 054""","K1879-cevrimdisi-hatti-19",,"1093"
"K1880","K1880-cevrimdisi-hatti-20","proposed","""BANT 054""","K1880-cevrimdisi-hatti-20",,"1093"
"K1881","K1881-cevrimdisi-hatti-21","proposed","""BANT 054""","K1881-cevrimdisi-hatti-21",,"1093"
"K1882","K1882-cevrimdisi-hatti-22","proposed","""BANT 054""","K1882-cevrimdisi-hatti-22",,"1093"
"K1883","K1883-cevrimdisi-hatti-23","proposed","""BANT 054""","K1883-cevrimdisi-hatti-23",,"1093"
"K1884","K1884-cevrimdisi-hatti-24","proposed","""BANT 054""","K1884-cevrimdisi-hatti-24",,"1093"
"K1885","K1885-cevrimdisi-hatti-25","proposed","""BANT 054""","K1885-cevrimdisi-hatti-25",,"1093"
"K1886","K1886-cevrimdisi-hatti-26","proposed","""BANT 054""","K1886-cevrimdisi-hatti-26",,"1093"
"K1887","K1887-cevrimdisi-hatti-27","proposed","""BANT 054""","K1887-cevrimdisi-hatti-27",,"1093"
"K1888","K1888-cevrimdisi-hatti-28","proposed","""BANT 054""","K1888-cevrimdisi-hatti-28",,"1093"
"K1889","K1889-cevrimdisi-hatti-29","proposed","""BANT 054""","K1889-cevrimdisi-hatti-29",,"1093"
"K1890","K1890-cevrimdisi-hatti-30","proposed","""BANT 054""","K1890-cevrimdisi-hatti-30",,"1093"
"K1891","K1891-cevrimdisi-hatti-31","proposed","""BANT 054""","K1891-cevrimdisi-hatti-31",,"1093"
"K1892","K1892-cevrimdisi-hatti-32","proposed","""BANT 054""","K1892-cevrimdisi-hatti-32",,"1093"
"K1893","K1893-cevrimdisi-hatti-33","proposed","""BANT 054""","K1893-cevrimdisi-hatti-33",,"1093"
"K1894","K1894-cevrimdisi-hatti-34","proposed","""BANT 054""","K1894-cevrimdisi-hatti-34",,"1093"
"K1895","K1895-cevrimdisi-hatti-35","proposed","""BANT 054""","K1895-cevrimdisi-hatti-35",,"1093"
"K1896","K1896-cevrimdisi-hatti-36","proposed","""BANT 054""","K1896-cevrimdisi-hatti-36",,"1093"
"K1897","K1897-cevrimdisi-hatti-37","proposed","""BANT 054""","K1897-cevrimdisi-hatti-37",,"1093"
"K1898","K1898-cevrimdisi-hatti-38","proposed","""BANT 054""","K1898-cevrimdisi-hatti-38",,"1093"
"K1899","K1899-cevrimdisi-hatti-39","proposed","""BANT 054""","K1899-cevrimdisi-hatti-39",,"1093"
"K1900","K1900-cevrimdisi-hatti-40","proposed","""BANT 054""","K1900-cevrimdisi-hatti-40",,"1093"
"K1901","K1901-yapay-zeka-guvenligi-01","proposed","""BANT 055""","K1901-yapay-zeka-guvenligi-01",,"1111"
"K1902","K1902-yapay-zeka-guvenligi-02","proposed","""BANT 055""","K1902-yapay-zeka-guvenligi-02",,"1111"
"K1903","K1903-yapay-zeka-guvenligi-03","proposed","""BANT 055""","K1903-yapay-zeka-guvenligi-03",,"1111"
"K1904","K1904-yapay-zeka-guvenligi-04","proposed","""BANT 055""","K1904-yapay-zeka-guvenligi-04",,"1111"
"K1905","K1905-yapay-zeka-guvenligi-05","proposed","""BANT 055""","K1905-yapay-zeka-guvenligi-05",,"1111"
"K1906","K1906-yapay-zeka-guvenligi-06","proposed","""BANT 055""","K1906-yapay-zeka-guvenligi-06",,"1111"
"K1907","K1907-yapay-zeka-guvenligi-07","proposed","""BANT 055""","K1907-yapay-zeka-guvenligi-07",,"1111"
"K1908","K1908-yapay-zeka-guvenligi-08","proposed","""BANT 055""","K1908-yapay-zeka-guvenligi-08",,"1111"
"K1909","K1909-yapay-zeka-guvenligi-09","proposed","""BANT 055""","K1909-yapay-zeka-guvenligi-09",,"1111"
"K1910","K1910-yapay-zeka-guvenligi-10","proposed","""BANT 055""","K1910-yapay-zeka-guvenligi-10",,"1113"
"K1911","K1911-yapay-zeka-guvenligi-11","proposed","""BANT 055""","K1911-yapay-zeka-guvenligi-11",,"1113"
"K1912","K1912-yapay-zeka-guvenligi-12","proposed","""BANT 055""","K1912-yapay-zeka-guvenligi-12",,"1113"
"K1913","K1913-yapay-zeka-guvenligi-13","proposed","""BANT 055""","K1913-yapay-zeka-guvenligi-13",,"1113"
"K1914","K1914-yapay-zeka-guvenligi-14","proposed","""BANT 055""","K1914-yapay-zeka-guvenligi-14",,"1113"
"K1915","K1915-yapay-zeka-guvenligi-15","proposed","""BANT 055""","K1915-yapay-zeka-guvenligi-15",,"1113"
"K1916","K1916-yapay-zeka-guvenligi-16","proposed","""BANT 055""","K1916-yapay-zeka-guvenligi-16",,"1113"
"K1917","K1917-yapay-zeka-guvenligi-17","proposed","""BANT 055""","K1917-yapay-zeka-guvenligi-17",,"1113"
"K1918","K1918-yapay-zeka-guvenligi-18","proposed","""BANT 055""","K1918-yapay-zeka-guvenligi-18",,"1113"
"K1919","K1919-yapay-zeka-guvenligi-19","proposed","""BANT 055""","K1919-yapay-zeka-guvenligi-19",,"1113"
"K1920","K1920-yapay-zeka-guvenligi-20","proposed","""BANT 055""","K1920-yapay-zeka-guvenligi-20",,"1113"
"K1921","K1921-yapay-zeka-guvenligi-21","proposed","""BANT 055""","K1921-yapay-zeka-guvenligi-21",,"1113"
"K1922","K1922-yapay-zeka-guvenligi-22","proposed","""BANT 055""","K1922-yapay-zeka-guvenligi-22",,"1113"
"K1923","K1923-yapay-zeka-guvenligi-23","proposed","""BANT 055""","K1923-yapay-zeka-guvenligi-23",,"1113"
"K1924","K1924-yapay-zeka-guvenligi-24","proposed","""BANT 055""","K1924-yapay-zeka-guvenligi-24",,"1113"
"K1925","K1925-yapay-zeka-guvenligi-25","proposed","""BANT 055""","K1925-yapay-zeka-guvenligi-25",,"1113"
"K1926","K1926-yapay-zeka-guvenligi-26","proposed","""BANT 055""","K1926-yapay-zeka-guvenligi-26",,"1113"
"K1927","K1927-yapay-zeka-guvenligi-27","proposed","""BANT 055""","K1927-yapay-zeka-guvenligi-27",,"1113"
"K1928","K1928-yapay-zeka-guvenligi-28","proposed","""BANT 055""","K1928-yapay-zeka-guvenligi-28",,"1113"
"K1929","K1929-yapay-zeka-guvenligi-29","proposed","""BANT 055""","K1929-yapay-zeka-guvenligi-29",,"1113"
"K1930","K1930-yapay-zeka-guvenligi-30","proposed","""BANT 055""","K1930-yapay-zeka-guvenligi-30",,"1113"
"K1931","K1931-yapay-zeka-guvenligi-31","proposed","""BANT 055""","K1931-yapay-zeka-guvenligi-31",,"1113"
"K1932","K1932-yapay-zeka-guvenligi-32","proposed","""BANT 055""","K1932-yapay-zeka-guvenligi-32",,"1113"
"K1933","K1933-yapay-zeka-guvenligi-33","proposed","""BANT 055""","K1933-yapay-zeka-guvenligi-33",,"1113"
"K1934","K1934-yapay-zeka-guvenligi-34","proposed","""BANT 055""","K1934-yapay-zeka-guvenligi-34",,"1113"
"K1935","K1935-yapay-zeka-guvenligi-35","proposed","""BANT 055""","K1935-yapay-zeka-guvenligi-35",,"1113"
"K1936","K1936-yapay-zeka-guvenligi-36","proposed","""BANT 055""","K1936-yapay-zeka-guvenligi-36",,"1113"
"K1937","K1937-yapay-zeka-guvenligi-37","proposed","""BANT 055""","K1937-yapay-zeka-guvenligi-37",,"1113"
"K1938","K1938-yapay-zeka-guvenligi-38","proposed","""BANT 055""","K1938-yapay-zeka-guvenligi-38",,"1113"
"K1939","K1939-yapay-zeka-guvenligi-39","proposed","""BANT 055""","K1939-yapay-zeka-guvenligi-39",,"1113"
"K1940","K1940-yapay-zeka-guvenligi-40","proposed","""BANT 055""","K1940-yapay-zeka-guvenligi-40",,"1113"
"K1941","K1941-yapay-zeka-olcumu-01","proposed","""BANT 056""","K1941-yapay-zeka-olcumu-01",,"1096"
"K1942","K1942-yapay-zeka-olcumu-02","proposed","""BANT 056""","K1942-yapay-zeka-olcumu-02",,"1096"
"K1943","K1943-yapay-zeka-olcumu-03","proposed","""BANT 056""","K1943-yapay-zeka-olcumu-03",,"1096"
"K1944","K1944-yapay-zeka-olcumu-04","proposed","""BANT 056""","K1944-yapay-zeka-olcumu-04",,"1096"
"K1945","K1945-yapay-zeka-olcumu-05","proposed","""BANT 056""","K1945-yapay-zeka-olcumu-05",,"1096"
"K1946","K1946-yapay-zeka-olcumu-06","proposed","""BANT 056""","K1946-yapay-zeka-olcumu-06",,"1096"
"K1947","K1947-yapay-zeka-olcumu-07","proposed","""BANT 056""","K1947-yapay-zeka-olcumu-07",,"1096"
"K1948","K1948-yapay-zeka-olcumu-08","proposed","""BANT 056""","K1948-yapay-zeka-olcumu-08",,"1096"
"K1949","K1949-yapay-zeka-olcumu-09","proposed","""BANT 056""","K1949-yapay-zeka-olcumu-09",,"1096"
"K1950","K1950-yapay-zeka-olcumu-10","proposed","""BANT 056""","K1950-yapay-zeka-olcumu-10",,"1098"
"K1951","K1951-yapay-zeka-olcumu-11","proposed","""BANT 056""","K1951-yapay-zeka-olcumu-11",,"1098"
"K1952","K1952-yapay-zeka-olcumu-12","proposed","""BANT 056""","K1952-yapay-zeka-olcumu-12",,"1098"
"K1953","K1953-yapay-zeka-olcumu-13","proposed","""BANT 056""","K1953-yapay-zeka-olcumu-13",,"1098"
"K1954","K1954-yapay-zeka-olcumu-14","proposed","""BANT 056""","K1954-yapay-zeka-olcumu-14",,"1098"
"K1955","K1955-yapay-zeka-olcumu-15","proposed","""BANT 056""","K1955-yapay-zeka-olcumu-15",,"1098"
"K1956","K1956-yapay-zeka-olcumu-16","proposed","""BANT 056""","K1956-yapay-zeka-olcumu-16",,"1098"
"K1957","K1957-yapay-zeka-olcumu-17","proposed","""BANT 056""","K1957-yapay-zeka-olcumu-17",,"1098"
"K1958","K1958-yapay-zeka-olcumu-18","proposed","""BANT 056""","K1958-yapay-zeka-olcumu-18",,"1098"
"K1959","K1959-yapay-zeka-olcumu-19","proposed","""BANT 056""","K1959-yapay-zeka-olcumu-19",,"1098"
"K1960","K1960-yapay-zeka-olcumu-20","proposed","""BANT 056""","K1960-yapay-zeka-olcumu-20",,"1098"
"K1961","K1961-yapay-zeka-olcumu-21","proposed","""BANT 056""","K1961-yapay-zeka-olcumu-21",,"1098"
"K1962","K1962-yapay-zeka-olcumu-22","proposed","""BANT 056""","K1962-yapay-zeka-olcumu-22",,"1098"
"K1963","K1963-yapay-zeka-olcumu-23","proposed","""BANT 056""","K1963-yapay-zeka-olcumu-23",,"1098"
"K1964","K1964-yapay-zeka-olcumu-24","proposed","""BANT 056""","K1964-yapay-zeka-olcumu-24",,"1098"
"K1965","K1965-yapay-zeka-olcumu-25","proposed","""BANT 056""","K1965-yapay-zeka-olcumu-25",,"1098"
"K1966","K1966-yapay-zeka-olcumu-26","proposed","""BANT 056""","K1966-yapay-zeka-olcumu-26",,"1098"
"K1967","K1967-yapay-zeka-olcumu-27","proposed","""BANT 056""","K1967-yapay-zeka-olcumu-27",,"1098"
"K1968","K1968-yapay-zeka-olcumu-28","proposed","""BANT 056""","K1968-yapay-zeka-olcumu-28",,"1098"
"K1969","K1969-yapay-zeka-olcumu-29","proposed","""BANT 056""","K1969-yapay-zeka-olcumu-29",,"1098"
"K1970","K1970-yapay-zeka-olcumu-30","proposed","""BANT 056""","K1970-yapay-zeka-olcumu-30",,"1098"
"K1971","K1971-yapay-zeka-olcumu-31","proposed","""BANT 056""","K1971-yapay-zeka-olcumu-31",,"1098"
"K1972","K1972-yapay-zeka-olcumu-32","proposed","""BANT 056""","K1972-yapay-zeka-olcumu-32",,"1098"
"K1973","K1973-yapay-zeka-olcumu-33","proposed","""BANT 056""","K1973-yapay-zeka-olcumu-33",,"1098"
"K1974","K1974-yapay-zeka-olcumu-34","proposed","""BANT 056""","K1974-yapay-zeka-olcumu-34",,"1098"
"K1975","K1975-yapay-zeka-olcumu-35","proposed","""BANT 056""","K1975-yapay-zeka-olcumu-35",,"1098"
"K1976","K1976-yapay-zeka-olcumu-36","proposed","""BANT 056""","K1976-yapay-zeka-olcumu-36",,"1098"
"K1977","K1977-yapay-zeka-olcumu-37","proposed","""BANT 056""","K1977-yapay-zeka-olcumu-37",,"1098"
"K1978","K1978-yapay-zeka-olcumu-38","proposed","""BANT 056""","K1978-yapay-zeka-olcumu-38",,"1098"
"K1979","K1979-yapay-zeka-olcumu-39","proposed","""BANT 056""","K1979-yapay-zeka-olcumu-39",,"1098"
"K1980","K1980-yapay-zeka-olcumu-40","proposed","""BANT 056""","K1980-yapay-zeka-olcumu-40",,"1098"
"K1981","K1981-akustik-01","proposed","""BANT 057""","K1981-akustik-01",,"1046"
"K1982","K1982-akustik-02","proposed","""BANT 057""","K1982-akustik-02",,"1046"
"K1983","K1983-akustik-03","proposed","""BANT 057""","K1983-akustik-03",,"1046"
"K1984","K1984-akustik-04","proposed","""BANT 057""","K1984-akustik-04",,"1046"
"K1985","K1985-akustik-05","proposed","""BANT 057""","K1985-akustik-05",,"1046"
"K1986","K1986-akustik-06","proposed","""BANT 057""","K1986-akustik-06",,"1046"
"K1987","K1987-akustik-07","proposed","""BANT 057""","K1987-akustik-07",,"1046"
"K1988","K1988-akustik-08","proposed","""BANT 057""","K1988-akustik-08",,"1046"
"K1989","K1989-akustik-09","proposed","""BANT 057""","K1989-akustik-09",,"1046"
"K1990","K1990-akustik-10","proposed","""BANT 057""","K1990-akustik-10",,"1048"
"K1991","K1991-akustik-11","proposed","""BANT 057""","K1991-akustik-11",,"1048"
"K1992","K1992-akustik-12","proposed","""BANT 057""","K1992-akustik-12",,"1048"
"K1993","K1993-akustik-13","proposed","""BANT 057""","K1993-akustik-13",,"1048"
"K1994","K1994-akustik-14","proposed","""BANT 057""","K1994-akustik-14",,"1048"
"K1995","K1995-akustik-15","proposed","""BANT 057""","K1995-akustik-15",,"1048"
"K1996","K1996-akustik-16","proposed","""BANT 057""","K1996-akustik-16",,"1048"
"K1997","K1997-akustik-17","proposed","""BANT 057""","K1997-akustik-17",,"1048"
"K1998","K1998-akustik-18","proposed","""BANT 057""","K1998-akustik-18",,"1048"
"K1999","K1999-akustik-19","proposed","""BANT 057""","K1999-akustik-19",,"1048"
"K2000","K2000-akustik-20","proposed","""BANT 057""","K2000-akustik-20",,"1048"
"K2001","K2001-akustik-21","proposed","""BANT 057""","K2001-akustik-21",,"1048"
"K2002","K2002-akustik-22","proposed","""BANT 057""","K2002-akustik-22",,"1048"
"K2003","K2003-akustik-23","proposed","""BANT 057""","K2003-akustik-23",,"1048"
"K2004","K2004-akustik-24","proposed","""BANT 057""","K2004-akustik-24",,"1048"
"K2005","K2005-akustik-25","proposed","""BANT 057""","K2005-akustik-25",,"1048"
"K2006","K2006-akustik-26","proposed","""BANT 057""","K2006-akustik-26",,"1048"
"K2007","K2007-akustik-27","proposed","""BANT 057""","K2007-akustik-27",,"1048"
"K2008","K2008-akustik-28","proposed","""BANT 057""","K2008-akustik-28",,"1048"
"K2009","K2009-akustik-29","proposed","""BANT 057""","K2009-akustik-29",,"1048"
"K2010","K2010-akustik-30","proposed","""BANT 057""","K2010-akustik-30",,"1048"
"K2011","K2011-akustik-31","proposed","""BANT 057""","K2011-akustik-31",,"1048"
"K2012","K2012-akustik-32","proposed","""BANT 057""","K2012-akustik-32",,"1048"
"K2013","K2013-akustik-33","proposed","""BANT 057""","K2013-akustik-33",,"1048"
"K2014","K2014-akustik-34","proposed","""BANT 057""","K2014-akustik-34",,"1048"
"K2015","K2015-akustik-35","proposed","""BANT 057""","K2015-akustik-35",,"1048"
"K2016","K2016-akustik-36","proposed","""BANT 057""","K2016-akustik-36",,"1048"
"K2017","K2017-akustik-37","proposed","""BANT 057""","K2017-akustik-37",,"1048"
"K2018","K2018-akustik-38","proposed","""BANT 057""","K2018-akustik-38",,"1048"
"K2019","K2019-akustik-39","proposed","""BANT 057""","K2019-akustik-39",,"1048"
"K2020","K2020-akustik-40","proposed","""BANT 057""","K2020-akustik-40",,"1048"
"K2021","K2021-guc-derinligi-01","proposed","""BANT 058""","K2021-guc-derinligi-01",,"1076"
"K2022","K2022-guc-derinligi-02","proposed","""BANT 058""","K2022-guc-derinligi-02",,"1076"
"K2023","K2023-guc-derinligi-03","proposed","""BANT 058""","K2023-guc-derinligi-03",,"1076"
"K2024","K2024-guc-derinligi-04","proposed","""BANT 058""","K2024-guc-derinligi-04",,"1076"
"K2025","K2025-guc-derinligi-05","proposed","""BANT 058""","K2025-guc-derinligi-05",,"1076"
"K2026","K2026-guc-derinligi-06","proposed","""BANT 058""","K2026-guc-derinligi-06",,"1076"
"K2027","K2027-guc-derinligi-07","proposed","""BANT 058""","K2027-guc-derinligi-07",,"1076"
"K2028","K2028-guc-derinligi-08","proposed","""BANT 058""","K2028-guc-derinligi-08",,"1076"
"K2029","K2029-guc-derinligi-09","proposed","""BANT 058""","K2029-guc-derinligi-09",,"1076"
"K2030","K2030-guc-derinligi-10","proposed","""BANT 058""","K2030-guc-derinligi-10",,"1078"
"K2031","K2031-guc-derinligi-11","proposed","""BANT 058""","K2031-guc-derinligi-11",,"1078"
"K2032","K2032-guc-derinligi-12","proposed","""BANT 058""","K2032-guc-derinligi-12",,"1078"
"K2033","K2033-guc-derinligi-13","proposed","""BANT 058""","K2033-guc-derinligi-13",,"1078"
"K2034","K2034-guc-derinligi-14","proposed","""BANT 058""","K2034-guc-derinligi-14",,"1078"
"K2035","K2035-guc-derinligi-15","proposed","""BANT 058""","K2035-guc-derinligi-15",,"1078"
"K2036","K2036-guc-derinligi-16","proposed","""BANT 058""","K2036-guc-derinligi-16",,"1078"
"K2037","K2037-guc-derinligi-17","proposed","""BANT 058""","K2037-guc-derinligi-17",,"1078"
"K2038","K2038-guc-derinligi-18","proposed","""BANT 058""","K2038-guc-derinligi-18",,"1078"
"K2039","K2039-guc-derinligi-19","proposed","""BANT 058""","K2039-guc-derinligi-19",,"1078"
"K2040","K2040-guc-derinligi-20","proposed","""BANT 058""","K2040-guc-derinligi-20",,"1078"
"K2041","K2041-guc-derinligi-21","proposed","""BANT 058""","K2041-guc-derinligi-21",,"1078"
"K2042","K2042-guc-derinligi-22","proposed","""BANT 058""","K2042-guc-derinligi-22",,"1078"
"K2043","K2043-guc-derinligi-23","proposed","""BANT 058""","K2043-guc-derinligi-23",,"1078"
"K2044","K2044-guc-derinligi-24","proposed","""BANT 058""","K2044-guc-derinligi-24",,"1078"
"K2045","K2045-guc-derinligi-25","proposed","""BANT 058""","K2045-guc-derinligi-25",,"1078"
"K2046","K2046-guc-derinligi-26","proposed","""BANT 058""","K2046-guc-derinligi-26",,"1078"
"K2047","K2047-guc-derinligi-27","proposed","""BANT 058""","K2047-guc-derinligi-27",,"1078"
"K2048","K2048-guc-derinligi-28","proposed","""BANT 058""","K2048-guc-derinligi-28",,"1078"
"K2049","K2049-guc-derinligi-29","proposed","""BANT 058""","K2049-guc-derinligi-29",,"1078"
"K2050","K2050-guc-derinligi-30","proposed","""BANT 058""","K2050-guc-derinligi-30",,"1078"
"K2051","K2051-guc-derinligi-31","proposed","""BANT 058""","K2051-guc-derinligi-31",,"1078"
"K2052","K2052-guc-derinligi-32","proposed","""BANT 058""","K2052-guc-derinligi-32",,"1078"
"K2053","K2053-guc-derinligi-33","proposed","""BANT 058""","K2053-guc-derinligi-33",,"1078"
"K2054","K2054-guc-derinligi-34","proposed","""BANT 058""","K2054-guc-derinligi-34",,"1078"
"K2055","K2055-guc-derinligi-35","proposed","""BANT 058""","K2055-guc-derinligi-35",,"1078"
"K2056","K2056-guc-derinligi-36","proposed","""BANT 058""","K2056-guc-derinligi-36",,"1078"
"K2057","K2057-guc-derinligi-37","proposed","""BANT 058""","K2057-guc-derinligi-37",,"1078"
"K2058","K2058-guc-derinligi-38","proposed","""BANT 058""","K2058-guc-derinligi-38",,"1078"
"K2059","K2059-guc-derinligi-39","proposed","""BANT 058""","K2059-guc-derinligi-39",,"1078"
"K2060","K2060-guc-derinligi-40","proposed","""BANT 058""","K2060-guc-derinligi-40",,"1078"
"K2061","K2061-isi-derinligi-01","proposed","""BANT 059""","K2061-isi-derinligi-01",,"1076"
"K2062","K2062-isi-derinligi-02","proposed","""BANT 059""","K2062-isi-derinligi-02",,"1076"
"K2063","K2063-isi-derinligi-03","proposed","""BANT 059""","K2063-isi-derinligi-03",,"1076"
"K2064","K2064-isi-derinligi-04","proposed","""BANT 059""","K2064-isi-derinligi-04",,"1076"
"K2065","K2065-isi-derinligi-05","proposed","""BANT 059""","K2065-isi-derinligi-05",,"1076"
"K2066","K2066-isi-derinligi-06","proposed","""BANT 059""","K2066-isi-derinligi-06",,"1076"
"K2067","K2067-isi-derinligi-07","proposed","""BANT 059""","K2067-isi-derinligi-07",,"1076"
"K2068","K2068-isi-derinligi-08","proposed","""BANT 059""","K2068-isi-derinligi-08",,"1076"
"K2069","K2069-isi-derinligi-09","proposed","""BANT 059""","K2069-isi-derinligi-09",,"1076"
"K2070","K2070-isi-derinligi-10","proposed","""BANT 059""","K2070-isi-derinligi-10",,"1078"
"K2071","K2071-isi-derinligi-11","proposed","""BANT 059""","K2071-isi-derinligi-11",,"1078"
"K2072","K2072-isi-derinligi-12","proposed","""BANT 059""","K2072-isi-derinligi-12",,"1078"
"K2073","K2073-isi-derinligi-13","proposed","""BANT 059""","K2073-isi-derinligi-13",,"1078"
"K2074","K2074-isi-derinligi-14","proposed","""BANT 059""","K2074-isi-derinligi-14",,"1078"
"K2075","K2075-isi-derinligi-15","proposed","""BANT 059""","K2075-isi-derinligi-15",,"1078"
"K2076","K2076-isi-derinligi-16","proposed","""BANT 059""","K2076-isi-derinligi-16",,"1078"
"K2077","K2077-isi-derinligi-17","proposed","""BANT 059""","K2077-isi-derinligi-17",,"1078"
"K2078","K2078-isi-derinligi-18","proposed","""BANT 059""","K2078-isi-derinligi-18",,"1078"
"K2079","K2079-isi-derinligi-19","proposed","""BANT 059""","K2079-isi-derinligi-19",,"1078"
"K2080","K2080-isi-derinligi-20","proposed","""BANT 059""","K2080-isi-derinligi-20",,"1078"
"K2081","K2081-isi-derinligi-21","proposed","""BANT 059""","K2081-isi-derinligi-21",,"1078"
"K2082","K2082-isi-derinligi-22","proposed","""BANT 059""","K2082-isi-derinligi-22",,"1078"
"K2083","K2083-isi-derinligi-23","proposed","""BANT 059""","K2083-isi-derinligi-23",,"1078"
"K2084","K2084-isi-derinligi-24","proposed","""BANT 059""","K2084-isi-derinligi-24",,"1078"
"K2085","K2085-isi-derinligi-25","proposed","""BANT 059""","K2085-isi-derinligi-25",,"1078"
"K2086","K2086-isi-derinligi-26","proposed","""BANT 059""","K2086-isi-derinligi-26",,"1078"
"K2087","K2087-isi-derinligi-27","proposed","""BANT 059""","K2087-isi-derinligi-27",,"1078"
"K2088","K2088-isi-derinligi-28","proposed","""BANT 059""","K2088-isi-derinligi-28",,"1078"
"K2089","K2089-isi-derinligi-29","proposed","""BANT 059""","K2089-isi-derinligi-29",,"1078"
"K2090","K2090-isi-derinligi-30","proposed","""BANT 059""","K2090-isi-derinligi-30",,"1078"
"K2091","K2091-isi-derinligi-31","proposed","""BANT 059""","K2091-isi-derinligi-31",,"1078"
"K2092","K2092-isi-derinligi-32","proposed","""BANT 059""","K2092-isi-derinligi-32",,"1078"
"K2093","K2093-isi-derinligi-33","proposed","""BANT 059""","K2093-isi-derinligi-33",,"1078"
"K2094","K2094-isi-derinligi-34","proposed","""BANT 059""","K2094-isi-derinligi-34",,"1078"
"K2095","K2095-isi-derinligi-35","proposed","""BANT 059""","K2095-isi-derinligi-35",,"1078"
"K2096","K2096-isi-derinligi-36","proposed","""BANT 059""","K2096-isi-derinligi-36",,"1078"
"K2097","K2097-isi-derinligi-37","proposed","""BANT 059""","K2097-isi-derinligi-37",,"1078"
"K2098","K2098-isi-derinligi-38","proposed","""BANT 059""","K2098-isi-derinligi-38",,"1078"
"K2099","K2099-isi-derinligi-39","proposed","""BANT 059""","K2099-isi-derinligi-39",,"1078"
"K2100","K2100-isi-derinligi-40","proposed","""BANT 059""","K2100-isi-derinligi-40",,"1078"
"K2101","K2101-pcb-derinligi-01","proposed","""BANT 060""","K2101-pcb-derinligi-01",,"1076"
"K2102","K2102-pcb-derinligi-02","proposed","""BANT 060""","K2102-pcb-derinligi-02",,"1076"
"K2103","K2103-pcb-derinligi-03","proposed","""BANT 060""","K2103-pcb-derinligi-03",,"1076"
"K2104","K2104-pcb-derinligi-04","proposed","""BANT 060""","K2104-pcb-derinligi-04",,"1076"
"K2105","K2105-pcb-derinligi-05","proposed","""BANT 060""","K2105-pcb-derinligi-05",,"1076"
"K2106","K2106-pcb-derinligi-06","proposed","""BANT 060""","K2106-pcb-derinligi-06",,"1076"
"K2107","K2107-pcb-derinligi-07","proposed","""BANT 060""","K2107-pcb-derinligi-07",,"1076"
"K2108","K2108-pcb-derinligi-08","proposed","""BANT 060""","K2108-pcb-derinligi-08",,"1076"
"K2109","K2109-pcb-derinligi-09","proposed","""BANT 060""","K2109-pcb-derinligi-09",,"1076"
"K2110","K2110-pcb-derinligi-10","proposed","""BANT 060""","K2110-pcb-derinligi-10",,"1078"
"K2111","K2111-pcb-derinligi-11","proposed","""BANT 060""","K2111-pcb-derinligi-11",,"1078"
"K2112","K2112-pcb-derinligi-12","proposed","""BANT 060""","K2112-pcb-derinligi-12",,"1078"
"K2113","K2113-pcb-derinligi-13","proposed","""BANT 060""","K2113-pcb-derinligi-13",,"1078"
"K2114","K2114-pcb-derinligi-14","proposed","""BANT 060""","K2114-pcb-derinligi-14",,"1078"
"K2115","K2115-pcb-derinligi-15","proposed","""BANT 060""","K2115-pcb-derinligi-15",,"1078"
"K2116","K2116-pcb-derinligi-16","proposed","""BANT 060""","K2116-pcb-derinligi-16",,"1078"
"K2117","K2117-pcb-derinligi-17","proposed","""BANT 060""","K2117-pcb-derinligi-17",,"1078"
"K2118","K2118-pcb-derinligi-18","proposed","""BANT 060""","K2118-pcb-derinligi-18",,"1078"
"K2119","K2119-pcb-derinligi-19","proposed","""BANT 060""","K2119-pcb-derinligi-19",,"1078"
"K2120","K2120-pcb-derinligi-20","proposed","""BANT 060""","K2120-pcb-derinligi-20",,"1078"
"K2121","K2121-pcb-derinligi-21","proposed","""BANT 060""","K2121-pcb-derinligi-21",,"1078"
"K2122","K2122-pcb-derinligi-22","proposed","""BANT 060""","K2122-pcb-derinligi-22",,"1078"
"K2123","K2123-pcb-derinligi-23","proposed","""BANT 060""","K2123-pcb-derinligi-23",,"1078"
"K2124","K2124-pcb-derinligi-24","proposed","""BANT 060""","K2124-pcb-derinligi-24",,"1078"
"K2125","K2125-pcb-derinligi-25","proposed","""BANT 060""","K2125-pcb-derinligi-25",,"1078"
"K2126","K2126-pcb-derinligi-26","proposed","""BANT 060""","K2126-pcb-derinligi-26",,"1078"
"K2127","K2127-pcb-derinligi-27","proposed","""BANT 060""","K2127-pcb-derinligi-27",,"1078"
"K2128","K2128-pcb-derinligi-28","proposed","""BANT 060""","K2128-pcb-derinligi-28",,"1078"
"K2129","K2129-pcb-derinligi-29","proposed","""BANT 060""","K2129-pcb-derinligi-29",,"1078"
"K2130","K2130-pcb-derinligi-30","proposed","""BANT 060""","K2130-pcb-derinligi-30",,"1078"
"K2131","K2131-pcb-derinligi-31","proposed","""BANT 060""","K2131-pcb-derinligi-31",,"1078"
"K2132","K2132-pcb-derinligi-32","proposed","""BANT 060""","K2132-pcb-derinligi-32",,"1078"
"K2133","K2133-pcb-derinligi-33","proposed","""BANT 060""","K2133-pcb-derinligi-33",,"1078"
"K2134","K2134-pcb-derinligi-34","proposed","""BANT 060""","K2134-pcb-derinligi-34",,"1078"
"K2135","K2135-pcb-derinligi-35","proposed","""BANT 060""","K2135-pcb-derinligi-35",,"1078"
"K2136","K2136-pcb-derinligi-36","proposed","""BANT 060""","K2136-pcb-derinligi-36",,"1078"
"K2137","K2137-pcb-derinligi-37","proposed","""BANT 060""","K2137-pcb-derinligi-37",,"1078"
"K2138","K2138-pcb-derinligi-38","proposed","""BANT 060""","K2138-pcb-derinligi-38",,"1078"
"K2139","K2139-pcb-derinligi-39","proposed","""BANT 060""","K2139-pcb-derinligi-39",,"1078"
"K2140","K2140-pcb-derinligi-40","proposed","""BANT 060""","K2140-pcb-derinligi-40",,"1078"
"K2141","K2141-uretim-testi-01","proposed","""BANT 061""","K2141-uretim-testi-01",,"1071"
"K2142","K2142-uretim-testi-02","proposed","""BANT 061""","K2142-uretim-testi-02",,"1071"
"K2143","K2143-uretim-testi-03","proposed","""BANT 061""","K2143-uretim-testi-03",,"1071"
"K2144","K2144-uretim-testi-04","proposed","""BANT 061""","K2144-uretim-testi-04",,"1071"
"K2145","K2145-uretim-testi-05","proposed","""BANT 061""","K2145-uretim-testi-05",,"1071"
"K2146","K2146-uretim-testi-06","proposed","""BANT 061""","K2146-uretim-testi-06",,"1071"
"K2147","K2147-uretim-testi-07","proposed","""BANT 061""","K2147-uretim-testi-07",,"1071"
"K2148","K2148-uretim-testi-08","proposed","""BANT 061""","K2148-uretim-testi-08",,"1071"
"K2149","K2149-uretim-testi-09","proposed","""BANT 061""","K2149-uretim-testi-09",,"1071"
"K2150","K2150-uretim-testi-10","proposed","""BANT 061""","K2150-uretim-testi-10",,"1073"
"K2151","K2151-uretim-testi-11","proposed","""BANT 061""","K2151-uretim-testi-11",,"1073"
"K2152","K2152-uretim-testi-12","proposed","""BANT 061""","K2152-uretim-testi-12",,"1073"
"K2153","K2153-uretim-testi-13","proposed","""BANT 061""","K2153-uretim-testi-13",,"1073"
"K2154","K2154-uretim-testi-14","proposed","""BANT 061""","K2154-uretim-testi-14",,"1073"
"K2155","K2155-uretim-testi-15","proposed","""BANT 061""","K2155-uretim-testi-15",,"1073"
"K2156","K2156-uretim-testi-16","proposed","""BANT 061""","K2156-uretim-testi-16",,"1073"
"K2157","K2157-uretim-testi-17","proposed","""BANT 061""","K2157-uretim-testi-17",,"1073"
"K2158","K2158-uretim-testi-18","proposed","""BANT 061""","K2158-uretim-testi-18",,"1073"
"K2159","K2159-uretim-testi-19","proposed","""BANT 061""","K2159-uretim-testi-19",,"1073"
"K2160","K2160-uretim-testi-20","proposed","""BANT 061""","K2160-uretim-testi-20",,"1073"
"K2161","K2161-uretim-testi-21","proposed","""BANT 061""","K2161-uretim-testi-21",,"1073"
"K2162","K2162-uretim-testi-22","proposed","""BANT 061""","K2162-uretim-testi-22",,"1073"
"K2163","K2163-uretim-testi-23","proposed","""BANT 061""","K2163-uretim-testi-23",,"1073"
"K2164","K2164-uretim-testi-24","proposed","""BANT 061""","K2164-uretim-testi-24",,"1073"
"K2165","K2165-uretim-testi-25","proposed","""BANT 061""","K2165-uretim-testi-25",,"1073"
"K2166","K2166-uretim-testi-26","proposed","""BANT 061""","K2166-uretim-testi-26",,"1073"
"K2167","K2167-uretim-testi-27","proposed","""BANT 061""","K2167-uretim-testi-27",,"1073"
"K2168","K2168-uretim-testi-28","proposed","""BANT 061""","K2168-uretim-testi-28",,"1073"
"K2169","K2169-uretim-testi-29","proposed","""BANT 061""","K2169-uretim-testi-29",,"1073"
"K2170","K2170-uretim-testi-30","proposed","""BANT 061""","K2170-uretim-testi-30",,"1073"
"K2171","K2171-uretim-testi-31","proposed","""BANT 061""","K2171-uretim-testi-31",,"1073"
"K2172","K2172-uretim-testi-32","proposed","""BANT 061""","K2172-uretim-testi-32",,"1073"
"K2173","K2173-uretim-testi-33","proposed","""BANT 061""","K2173-uretim-testi-33",,"1073"
"K2174","K2174-uretim-testi-34","proposed","""BANT 061""","K2174-uretim-testi-34",,"1073"
"K2175","K2175-uretim-testi-35","proposed","""BANT 061""","K2175-uretim-testi-35",,"1073"
"K2176","K2176-uretim-testi-36","proposed","""BANT 061""","K2176-uretim-testi-36",,"1073"
"K2177","K2177-uretim-testi-37","proposed","""BANT 061""","K2177-uretim-testi-37",,"1073"
"K2178","K2178-uretim-testi-38","proposed","""BANT 061""","K2178-uretim-testi-38",,"1073"
"K2179","K2179-uretim-testi-39","proposed","""BANT 061""","K2179-uretim-testi-39",,"1073"
"K2180","K2180-uretim-testi-40","proposed","""BANT 061""","K2180-uretim-testi-40",,"1073"
"K2181","K2181-tedarik-01","proposed","""BANT 062""","K2181-tedarik-01",,"1046"
"K2182","K2182-tedarik-02","proposed","""BANT 062""","K2182-tedarik-02",,"1046"
"K2183","K2183-tedarik-03","proposed","""BANT 062""","K2183-tedarik-03",,"1046"
"K2184","K2184-tedarik-04","proposed","""BANT 062""","K2184-tedarik-04",,"1046"
"K2185","K2185-tedarik-05","proposed","""BANT 062""","K2185-tedarik-05",,"1046"
"K2186","K2186-tedarik-06","proposed","""BANT 062""","K2186-tedarik-06",,"1046"
"K2187","K2187-tedarik-07","proposed","""BANT 062""","K2187-tedarik-07",,"1046"
"K2188","K2188-tedarik-08","proposed","""BANT 062""","K2188-tedarik-08",,"1046"
"K2189","K2189-tedarik-09","proposed","""BANT 062""","K2189-tedarik-09",,"1046"
"K2190","K2190-tedarik-10","proposed","""BANT 062""","K2190-tedarik-10",,"1048"
"K2191","K2191-tedarik-11","proposed","""BANT 062""","K2191-tedarik-11",,"1048"
"K2192","K2192-tedarik-12","proposed","""BANT 062""","K2192-tedarik-12",,"1048"
"K2193","K2193-tedarik-13","proposed","""BANT 062""","K2193-tedarik-13",,"1048"
"K2194","K2194-tedarik-14","proposed","""BANT 062""","K2194-tedarik-14",,"1048"
"K2195","K2195-tedarik-15","proposed","""BANT 062""","K2195-tedarik-15",,"1048"
"K2196","K2196-tedarik-16","proposed","""BANT 062""","K2196-tedarik-16",,"1048"
"K2197","K2197-tedarik-17","proposed","""BANT 062""","K2197-tedarik-17",,"1048"
"K2198","K2198-tedarik-18","proposed","""BANT 062""","K2198-tedarik-18",,"1048"
"K2199","K2199-tedarik-19","proposed","""BANT 062""","K2199-tedarik-19",,"1048"
"K2200","K2200-tedarik-20","proposed","""BANT 062""","K2200-tedarik-20",,"1048"
"K2201","K2201-tedarik-21","proposed","""BANT 062""","K2201-tedarik-21",,"1048"
"K2202","K2202-tedarik-22","proposed","""BANT 062""","K2202-tedarik-22",,"1048"
"K2203","K2203-tedarik-23","proposed","""BANT 062""","K2203-tedarik-23",,"1048"
"K2204","K2204-tedarik-24","proposed","""BANT 062""","K2204-tedarik-24",,"1048"
"K2205","K2205-tedarik-25","proposed","""BANT 062""","K2205-tedarik-25",,"1048"
"K2206","K2206-tedarik-26","proposed","""BANT 062""","K2206-tedarik-26",,"1048"
"K2207","K2207-tedarik-27","proposed","""BANT 062""","K2207-tedarik-27",,"1048"
"K2208","K2208-tedarik-28","proposed","""BANT 062""","K2208-tedarik-28",,"1048"
"K2209","K2209-tedarik-29","proposed","""BANT 062""","K2209-tedarik-29",,"1048"
"K2210","K2210-tedarik-30","proposed","""BANT 062""","K2210-tedarik-30",,"1048"
"K2211","K2211-tedarik-31","proposed","""BANT 062""","K2211-tedarik-31",,"1048"
"K2212","K2212-tedarik-32","proposed","""BANT 062""","K2212-tedarik-32",,"1048"
"K2213","K2213-tedarik-33","proposed","""BANT 062""","K2213-tedarik-33",,"1048"
"K2214","K2214-tedarik-34","proposed","""BANT 062""","K2214-tedarik-34",,"1048"
"K2215","K2215-tedarik-35","proposed","""BANT 062""","K2215-tedarik-35",,"1048"
"K2216","K2216-tedarik-36","proposed","""BANT 062""","K2216-tedarik-36",,"1048"
"K2217","K2217-tedarik-37","proposed","""BANT 062""","K2217-tedarik-37",,"1048"
"K2218","K2218-tedarik-38","proposed","""BANT 062""","K2218-tedarik-38",,"1048"
"K2219","K2219-tedarik-39","proposed","""BANT 062""","K2219-tedarik-39",,"1048"
"K2220","K2220-tedarik-40","proposed","""BANT 062""","K2220-tedarik-40",,"1048"
"K2221","K2221-abonelik-derinligi-01","proposed","""BANT 063""","K2221-abonelik-derinligi-01",,"1101"
"K2222","K2222-abonelik-derinligi-02","proposed","""BANT 063""","K2222-abonelik-derinligi-02",,"1101"
"K2223","K2223-abonelik-derinligi-03","proposed","""BANT 063""","K2223-abonelik-derinligi-03",,"1101"
"K2224","K2224-abonelik-derinligi-04","proposed","""BANT 063""","K2224-abonelik-derinligi-04",,"1101"
"K2225","K2225-abonelik-derinligi-05","proposed","""BANT 063""","K2225-abonelik-derinligi-05",,"1101"
"K2226","K2226-abonelik-derinligi-06","proposed","""BANT 063""","K2226-abonelik-derinligi-06",,"1101"
"K2227","K2227-abonelik-derinligi-07","proposed","""BANT 063""","K2227-abonelik-derinligi-07",,"1101"
"K2228","K2228-abonelik-derinligi-08","proposed","""BANT 063""","K2228-abonelik-derinligi-08",,"1101"
"K2229","K2229-abonelik-derinligi-09","proposed","""BANT 063""","K2229-abonelik-derinligi-09",,"1101"
"K2230","K2230-abonelik-derinligi-10","proposed","""BANT 063""","K2230-abonelik-derinligi-10",,"1103"
"K2231","K2231-abonelik-derinligi-11","proposed","""BANT 063""","K2231-abonelik-derinligi-11",,"1103"
"K2232","K2232-abonelik-derinligi-12","proposed","""BANT 063""","K2232-abonelik-derinligi-12",,"1103"
"K2233","K2233-abonelik-derinligi-13","proposed","""BANT 063""","K2233-abonelik-derinligi-13",,"1103"
"K2234","K2234-abonelik-derinligi-14","proposed","""BANT 063""","K2234-abonelik-derinligi-14",,"1103"
"K2235","K2235-abonelik-derinligi-15","proposed","""BANT 063""","K2235-abonelik-derinligi-15",,"1103"
"K2236","K2236-abonelik-derinligi-16","proposed","""BANT 063""","K2236-abonelik-derinligi-16",,"1103"
"K2237","K2237-abonelik-derinligi-17","proposed","""BANT 063""","K2237-abonelik-derinligi-17",,"1103"
"K2238","K2238-abonelik-derinligi-18","proposed","""BANT 063""","K2238-abonelik-derinligi-18",,"1103"
"K2239","K2239-abonelik-derinligi-19","proposed","""BANT 063""","K2239-abonelik-derinligi-19",,"1103"
"K2240","K2240-abonelik-derinligi-20","proposed","""BANT 063""","K2240-abonelik-derinligi-20",,"1103"
"K2241","K2241-abonelik-derinligi-21","proposed","""BANT 063""","K2241-abonelik-derinligi-21",,"1103"
"K2242","K2242-abonelik-derinligi-22","proposed","""BANT 063""","K2242-abonelik-derinligi-22",,"1103"
"K2243","K2243-abonelik-derinligi-23","proposed","""BANT 063""","K2243-abonelik-derinligi-23",,"1103"
"K2244","K2244-abonelik-derinligi-24","proposed","""BANT 063""","K2244-abonelik-derinligi-24",,"1103"
"K2245","K2245-abonelik-derinligi-25","proposed","""BANT 063""","K2245-abonelik-derinligi-25",,"1103"
"K2246","K2246-abonelik-derinligi-26","proposed","""BANT 063""","K2246-abonelik-derinligi-26",,"1103"
"K2247","K2247-abonelik-derinligi-27","proposed","""BANT 063""","K2247-abonelik-derinligi-27",,"1103"
"K2248","K2248-abonelik-derinligi-28","proposed","""BANT 063""","K2248-abonelik-derinligi-28",,"1103"
"K2249","K2249-abonelik-derinligi-29","proposed","""BANT 063""","K2249-abonelik-derinligi-29",,"1103"
"K2250","K2250-abonelik-derinligi-30","proposed","""BANT 063""","K2250-abonelik-derinligi-30",,"1103"
"K2251","K2251-abonelik-derinligi-31","proposed","""BANT 063""","K2251-abonelik-derinligi-31",,"1103"
"K2252","K2252-abonelik-derinligi-32","proposed","""BANT 063""","K2252-abonelik-derinligi-32",,"1103"
"K2253","K2253-abonelik-derinligi-33","proposed","""BANT 063""","K2253-abonelik-derinligi-33",,"1103"
"K2254","K2254-abonelik-derinligi-34","proposed","""BANT 063""","K2254-abonelik-derinligi-34",,"1103"
"K2255","K2255-abonelik-derinligi-35","proposed","""BANT 063""","K2255-abonelik-derinligi-35",,"1103"
"K2256","K2256-abonelik-derinligi-36","proposed","""BANT 063""","K2256-abonelik-derinligi-36",,"1103"
"K2257","K2257-abonelik-derinligi-37","proposed","""BANT 063""","K2257-abonelik-derinligi-37",,"1103"
"K2258","K2258-abonelik-derinligi-38","proposed","""BANT 063""","K2258-abonelik-derinligi-38",,"1103"
"K2259","K2259-abonelik-derinligi-39","proposed","""BANT 063""","K2259-abonelik-derinligi-39",,"1103"
"K2260","K2260-abonelik-derinligi-40","proposed","""BANT 063""","K2260-abonelik-derinligi-40",,"1103"
"K2261","K2261-reklam-01","proposed","""BANT 064""","K2261-reklam-01",,"1041"
"K2262","K2262-reklam-02","proposed","""BANT 064""","K2262-reklam-02",,"1041"
"K2263","K2263-reklam-03","proposed","""BANT 064""","K2263-reklam-03",,"1041"
"K2264","K2264-reklam-04","proposed","""BANT 064""","K2264-reklam-04",,"1041"
"K2265","K2265-reklam-05","proposed","""BANT 064""","K2265-reklam-05",,"1041"
"K2266","K2266-reklam-06","proposed","""BANT 064""","K2266-reklam-06",,"1041"
"K2267","K2267-reklam-07","proposed","""BANT 064""","K2267-reklam-07",,"1041"
"K2268","K2268-reklam-08","proposed","""BANT 064""","K2268-reklam-08",,"1041"
"K2269","K2269-reklam-09","proposed","""BANT 064""","K2269-reklam-09",,"1041"
"K2270","K2270-reklam-10","proposed","""BANT 064""","K2270-reklam-10",,"1043"
"K2271","K2271-reklam-11","proposed","""BANT 064""","K2271-reklam-11",,"1043"
"K2272","K2272-reklam-12","proposed","""BANT 064""","K2272-reklam-12",,"1043"
"K2273","K2273-reklam-13","proposed","""BANT 064""","K2273-reklam-13",,"1043"
"K2274","K2274-reklam-14","proposed","""BANT 064""","K2274-reklam-14",,"1043"
"K2275","K2275-reklam-15","proposed","""BANT 064""","K2275-reklam-15",,"1043"
"K2276","K2276-reklam-16","proposed","""BANT 064""","K2276-reklam-16",,"1043"
"K2277","K2277-reklam-17","proposed","""BANT 064""","K2277-reklam-17",,"1043"
"K2278","K2278-reklam-18","proposed","""BANT 064""","K2278-reklam-18",,"1043"
"K2279","K2279-reklam-19","proposed","""BANT 064""","K2279-reklam-19",,"1043"
"K2280","K2280-reklam-20","proposed","""BANT 064""","K2280-reklam-20",,"1043"
"K2281","K2281-reklam-21","proposed","""BANT 064""","K2281-reklam-21",,"1043"
"K2282","K2282-reklam-22","proposed","""BANT 064""","K2282-reklam-22",,"1043"
"K2283","K2283-reklam-23","proposed","""BANT 064""","K2283-reklam-23",,"1043"
"K2284","K2284-reklam-24","proposed","""BANT 064""","K2284-reklam-24",,"1043"
"K2285","K2285-reklam-25","proposed","""BANT 064""","K2285-reklam-25",,"1043"
"K2286","K2286-reklam-26","proposed","""BANT 064""","K2286-reklam-26",,"1043"
"K2287","K2287-reklam-27","proposed","""BANT 064""","K2287-reklam-27",,"1043"
"K2288","K2288-reklam-28","proposed","""BANT 064""","K2288-reklam-28",,"1043"
"K2289","K2289-reklam-29","proposed","""BANT 064""","K2289-reklam-29",,"1043"
"K2290","K2290-reklam-30","proposed","""BANT 064""","K2290-reklam-30",,"1043"
"K2291","K2291-reklam-31","proposed","""BANT 064""","K2291-reklam-31",,"1043"
"K2292","K2292-reklam-32","proposed","""BANT 064""","K2292-reklam-32",,"1043"
"K2293","K2293-reklam-33","proposed","""BANT 064""","K2293-reklam-33",,"1043"
"K2294","K2294-reklam-34","proposed","""BANT 064""","K2294-reklam-34",,"1043"
"K2295","K2295-reklam-35","proposed","""BANT 064""","K2295-reklam-35",,"1043"
"K2296","K2296-reklam-36","proposed","""BANT 064""","K2296-reklam-36",,"1043"
"K2297","K2297-reklam-37","proposed","""BANT 064""","K2297-reklam-37",,"1043"
"K2298","K2298-reklam-38","proposed","""BANT 064""","K2298-reklam-38",,"1043"
"K2299","K2299-reklam-39","proposed","""BANT 064""","K2299-reklam-39",,"1043"
"K2300","K2300-reklam-40","proposed","""BANT 064""","K2300-reklam-40",,"1043"
"K2301","K2301-is-ortagi-01","proposed","""BANT 065""","K2301-is-ortagi-01",,"1056"
"K2302","K2302-is-ortagi-02","proposed","""BANT 065""","K2302-is-ortagi-02",,"1056"
"K2303","K2303-is-ortagi-03","proposed","""BANT 065""","K2303-is-ortagi-03",,"1056"
"K2304","K2304-is-ortagi-04","proposed","""BANT 065""","K2304-is-ortagi-04",,"1056"
"K2305","K2305-is-ortagi-05","proposed","""BANT 065""","K2305-is-ortagi-05",,"1056"
"K2306","K2306-is-ortagi-06","proposed","""BANT 065""","K2306-is-ortagi-06",,"1056"
"K2307","K2307-is-ortagi-07","proposed","""BANT 065""","K2307-is-ortagi-07",,"1056"
"K2308","K2308-is-ortagi-08","proposed","""BANT 065""","K2308-is-ortagi-08",,"1056"
"K2309","K2309-is-ortagi-09","proposed","""BANT 065""","K2309-is-ortagi-09",,"1056"
"K2310","K2310-is-ortagi-10","proposed","""BANT 065""","K2310-is-ortagi-10",,"1058"
"K2311","K2311-is-ortagi-11","proposed","""BANT 065""","K2311-is-ortagi-11",,"1058"
"K2312","K2312-is-ortagi-12","proposed","""BANT 065""","K2312-is-ortagi-12",,"1058"
"K2313","K2313-is-ortagi-13","proposed","""BANT 065""","K2313-is-ortagi-13",,"1058"
"K2314","K2314-is-ortagi-14","proposed","""BANT 065""","K2314-is-ortagi-14",,"1058"
"K2315","K2315-is-ortagi-15","proposed","""BANT 065""","K2315-is-ortagi-15",,"1058"
"K2316","K2316-is-ortagi-16","proposed","""BANT 065""","K2316-is-ortagi-16",,"1058"
"K2317","K2317-is-ortagi-17","proposed","""BANT 065""","K2317-is-ortagi-17",,"1058"
"K2318","K2318-is-ortagi-18","proposed","""BANT 065""","K2318-is-ortagi-18",,"1058"
"K2319","K2319-is-ortagi-19","proposed","""BANT 065""","K2319-is-ortagi-19",,"1058"
"K2320","K2320-is-ortagi-20","proposed","""BANT 065""","K2320-is-ortagi-20",,"1058"
"K2321","K2321-is-ortagi-21","proposed","""BANT 065""","K2321-is-ortagi-21",,"1058"
"K2322","K2322-is-ortagi-22","proposed","""BANT 065""","K2322-is-ortagi-22",,"1058"
"K2323","K2323-is-ortagi-23","proposed","""BANT 065""","K2323-is-ortagi-23",,"1058"
"K2324","K2324-is-ortagi-24","proposed","""BANT 065""","K2324-is-ortagi-24",,"1058"
"K2325","K2325-is-ortagi-25","proposed","""BANT 065""","K2325-is-ortagi-25",,"1058"
"K2326","K2326-is-ortagi-26","proposed","""BANT 065""","K2326-is-ortagi-26",,"1058"
"K2327","K2327-is-ortagi-27","proposed","""BANT 065""","K2327-is-ortagi-27",,"1058"
"K2328","K2328-is-ortagi-28","proposed","""BANT 065""","K2328-is-ortagi-28",,"1058"
"K2329","K2329-is-ortagi-29","proposed","""BANT 065""","K2329-is-ortagi-29",,"1058"
"K2330","K2330-is-ortagi-30","proposed","""BANT 065""","K2330-is-ortagi-30",,"1058"
"K2331","K2331-is-ortagi-31","proposed","""BANT 065""","K2331-is-ortagi-31",,"1058"
"K2332","K2332-is-ortagi-32","proposed","""BANT 065""","K2332-is-ortagi-32",,"1058"
"K2333","K2333-is-ortagi-33","proposed","""BANT 065""","K2333-is-ortagi-33",,"1058"
"K2334","K2334-is-ortagi-34","proposed","""BANT 065""","K2334-is-ortagi-34",,"1058"
"K2335","K2335-is-ortagi-35","proposed","""BANT 065""","K2335-is-ortagi-35",,"1058"
"K2336","K2336-is-ortagi-36","proposed","""BANT 065""","K2336-is-ortagi-36",,"1058"
"K2337","K2337-is-ortagi-37","proposed","""BANT 065""","K2337-is-ortagi-37",,"1058"
"K2338","K2338-is-ortagi-38","proposed","""BANT 065""","K2338-is-ortagi-38",,"1058"
"K2339","K2339-is-ortagi-39","proposed","""BANT 065""","K2339-is-ortagi-39",,"1058"
"K2340","K2340-is-ortagi-40","proposed","""BANT 065""","K2340-is-ortagi-40",,"1058"
"K2341","K2341-cok-kirali-platform-01","proposed","""BANT 066""","K2341-cok-kirali-platform-01",,"1106"
"K2342","K2342-cok-kirali-platform-02","proposed","""BANT 066""","K2342-cok-kirali-platform-02",,"1106"
"K2343","K2343-cok-kirali-platform-03","proposed","""BANT 066""","K2343-cok-kirali-platform-03",,"1106"
"K2344","K2344-cok-kirali-platform-04","proposed","""BANT 066""","K2344-cok-kirali-platform-04",,"1106"
"K2345","K2345-cok-kirali-platform-05","proposed","""BANT 066""","K2345-cok-kirali-platform-05",,"1106"
"K2346","K2346-cok-kirali-platform-06","proposed","""BANT 066""","K2346-cok-kirali-platform-06",,"1106"
"K2347","K2347-cok-kirali-platform-07","proposed","""BANT 066""","K2347-cok-kirali-platform-07",,"1106"
"K2348","K2348-cok-kirali-platform-08","proposed","""BANT 066""","K2348-cok-kirali-platform-08",,"1106"
"K2349","K2349-cok-kirali-platform-09","proposed","""BANT 066""","K2349-cok-kirali-platform-09",,"1106"
"K2350","K2350-cok-kirali-platform-10","proposed","""BANT 066""","K2350-cok-kirali-platform-10",,"1108"
"K2351","K2351-cok-kirali-platform-11","proposed","""BANT 066""","K2351-cok-kirali-platform-11",,"1108"
"K2352","K2352-cok-kirali-platform-12","proposed","""BANT 066""","K2352-cok-kirali-platform-12",,"1108"
"K2353","K2353-cok-kirali-platform-13","proposed","""BANT 066""","K2353-cok-kirali-platform-13",,"1108"
"K2354","K2354-cok-kirali-platform-14","proposed","""BANT 066""","K2354-cok-kirali-platform-14",,"1108"
"K2355","K2355-cok-kirali-platform-15","proposed","""BANT 066""","K2355-cok-kirali-platform-15",,"1108"
"K2356","K2356-cok-kirali-platform-16","proposed","""BANT 066""","K2356-cok-kirali-platform-16",,"1108"
"K2357","K2357-cok-kirali-platform-17","proposed","""BANT 066""","K2357-cok-kirali-platform-17",,"1108"
"K2358","K2358-cok-kirali-platform-18","proposed","""BANT 066""","K2358-cok-kirali-platform-18",,"1108"
"K2359","K2359-cok-kirali-platform-19","proposed","""BANT 066""","K2359-cok-kirali-platform-19",,"1108"
"K2360","K2360-cok-kirali-platform-20","proposed","""BANT 066""","K2360-cok-kirali-platform-20",,"1108"
"K2361","K2361-cok-kirali-platform-21","proposed","""BANT 066""","K2361-cok-kirali-platform-21",,"1108"
"K2362","K2362-cok-kirali-platform-22","proposed","""BANT 066""","K2362-cok-kirali-platform-22",,"1108"
"K2363","K2363-cok-kirali-platform-23","proposed","""BANT 066""","K2363-cok-kirali-platform-23",,"1108"
"K2364","K2364-cok-kirali-platform-24","proposed","""BANT 066""","K2364-cok-kirali-platform-24",,"1108"
"K2365","K2365-cok-kirali-platform-25","proposed","""BANT 066""","K2365-cok-kirali-platform-25",,"1108"
"K2366","K2366-cok-kirali-platform-26","proposed","""BANT 066""","K2366-cok-kirali-platform-26",,"1108"
"K2367","K2367-cok-kirali-platform-27","proposed","""BANT 066""","K2367-cok-kirali-platform-27",,"1108"
"K2368","K2368-cok-kirali-platform-28","proposed","""BANT 066""","K2368-cok-kirali-platform-28",,"1108"
"K2369","K2369-cok-kirali-platform-29","proposed","""BANT 066""","K2369-cok-kirali-platform-29",,"1108"
"K2370","K2370-cok-kirali-platform-30","proposed","""BANT 066""","K2370-cok-kirali-platform-30",,"1108"
"K2371","K2371-cok-kirali-platform-31","proposed","""BANT 066""","K2371-cok-kirali-platform-31",,"1108"
"K2372","K2372-cok-kirali-platform-32","proposed","""BANT 066""","K2372-cok-kirali-platform-32",,"1108"
"K2373","K2373-cok-kirali-platform-33","proposed","""BANT 066""","K2373-cok-kirali-platform-33",,"1108"
"K2374","K2374-cok-kirali-platform-34","proposed","""BANT 066""","K2374-cok-kirali-platform-34",,"1108"
"K2375","K2375-cok-kirali-platform-35","proposed","""BANT 066""","K2375-cok-kirali-platform-35",,"1108"
"K2376","K2376-cok-kirali-platform-36","proposed","""BANT 066""","K2376-cok-kirali-platform-36",,"1108"
"K2377","K2377-cok-kirali-platform-37","proposed","""BANT 066""","K2377-cok-kirali-platform-37",,"1108"
"K2378","K2378-cok-kirali-platform-38","proposed","""BANT 066""","K2378-cok-kirali-platform-38",,"1108"
"K2379","K2379-cok-kirali-platform-39","proposed","""BANT 066""","K2379-cok-kirali-platform-39",,"1108"
"K2380","K2380-cok-kirali-platform-40","proposed","""BANT 066""","K2380-cok-kirali-platform-40",,"1108"
"K2381","K2381-api-yasam-dongusu-01","proposed","""BANT 067""","K2381-api-yasam-dongusu-01",,"1096"
"K2382","K2382-api-yasam-dongusu-02","proposed","""BANT 067""","K2382-api-yasam-dongusu-02",,"1096"
"K2383","K2383-api-yasam-dongusu-03","proposed","""BANT 067""","K2383-api-yasam-dongusu-03",,"1096"
"K2384","K2384-api-yasam-dongusu-04","proposed","""BANT 067""","K2384-api-yasam-dongusu-04",,"1096"
"K2385","K2385-api-yasam-dongusu-05","proposed","""BANT 067""","K2385-api-yasam-dongusu-05",,"1096"
"K2386","K2386-api-yasam-dongusu-06","proposed","""BANT 067""","K2386-api-yasam-dongusu-06",,"1096"
"K2387","K2387-api-yasam-dongusu-07","proposed","""BANT 067""","K2387-api-yasam-dongusu-07",,"1096"
"K2388","K2388-api-yasam-dongusu-08","proposed","""BANT 067""","K2388-api-yasam-dongusu-08",,"1096"
"K2389","K2389-api-yasam-dongusu-09","proposed","""BANT 067""","K2389-api-yasam-dongusu-09",,"1096"
"K2390","K2390-api-yasam-dongusu-10","proposed","""BANT 067""","K2390-api-yasam-dongusu-10",,"1098"
"K2391","K2391-api-yasam-dongusu-11","proposed","""BANT 067""","K2391-api-yasam-dongusu-11",,"1098"
"K2392","K2392-api-yasam-dongusu-12","proposed","""BANT 067""","K2392-api-yasam-dongusu-12",,"1098"
"K2393","K2393-api-yasam-dongusu-13","proposed","""BANT 067""","K2393-api-yasam-dongusu-13",,"1098"
"K2394","K2394-api-yasam-dongusu-14","proposed","""BANT 067""","K2394-api-yasam-dongusu-14",,"1098"
"K2395","K2395-api-yasam-dongusu-15","proposed","""BANT 067""","K2395-api-yasam-dongusu-15",,"1098"
"K2396","K2396-api-yasam-dongusu-16","proposed","""BANT 067""","K2396-api-yasam-dongusu-16",,"1098"
"K2397","K2397-api-yasam-dongusu-17","proposed","""BANT 067""","K2397-api-yasam-dongusu-17",,"1098"
"K2398","K2398-api-yasam-dongusu-18","proposed","""BANT 067""","K2398-api-yasam-dongusu-18",,"1098"
"K2399","K2399-api-yasam-dongusu-19","proposed","""BANT 067""","K2399-api-yasam-dongusu-19",,"1098"
"K2400","K2400-api-yasam-dongusu-20","proposed","""BANT 067""","K2400-api-yasam-dongusu-20",,"1098"
"K2401","K2401-api-yasam-dongusu-21","proposed","""BANT 067""","K2401-api-yasam-dongusu-21",,"1098"
"K2402","K2402-api-yasam-dongusu-22","proposed","""BANT 067""","K2402-api-yasam-dongusu-22",,"1098"
"K2403","K2403-api-yasam-dongusu-23","proposed","""BANT 067""","K2403-api-yasam-dongusu-23",,"1098"
"K2404","K2404-api-yasam-dongusu-24","proposed","""BANT 067""","K2404-api-yasam-dongusu-24",,"1098"
"K2405","K2405-api-yasam-dongusu-25","proposed","""BANT 067""","K2405-api-yasam-dongusu-25",,"1098"
"K2406","K2406-api-yasam-dongusu-26","proposed","""BANT 067""","K2406-api-yasam-dongusu-26",,"1098"
"K2407","K2407-api-yasam-dongusu-27","proposed","""BANT 067""","K2407-api-yasam-dongusu-27",,"1098"
"K2408","K2408-api-yasam-dongusu-28","proposed","""BANT 067""","K2408-api-yasam-dongusu-28",,"1098"
"K2409","K2409-api-yasam-dongusu-29","proposed","""BANT 067""","K2409-api-yasam-dongusu-29",,"1098"
"K2410","K2410-api-yasam-dongusu-30","proposed","""BANT 067""","K2410-api-yasam-dongusu-30",,"1098"
"K2411","K2411-api-yasam-dongusu-31","proposed","""BANT 067""","K2411-api-yasam-dongusu-31",,"1098"
"K2412","K2412-api-yasam-dongusu-32","proposed","""BANT 067""","K2412-api-yasam-dongusu-32",,"1098"
"K2413","K2413-api-yasam-dongusu-33","proposed","""BANT 067""","K2413-api-yasam-dongusu-33",,"1098"
"K2414","K2414-api-yasam-dongusu-34","proposed","""BANT 067""","K2414-api-yasam-dongusu-34",,"1098"
"K2415","K2415-api-yasam-dongusu-35","proposed","""BANT 067""","K2415-api-yasam-dongusu-35",,"1098"
"K2416","K2416-api-yasam-dongusu-36","proposed","""BANT 067""","K2416-api-yasam-dongusu-36",,"1098"
"K2417","K2417-api-yasam-dongusu-37","proposed","""BANT 067""","K2417-api-yasam-dongusu-37",,"1098"
"K2418","K2418-api-yasam-dongusu-38","proposed","""BANT 067""","K2418-api-yasam-dongusu-38",,"1098"
"K2419","K2419-api-yasam-dongusu-39","proposed","""BANT 067""","K2419-api-yasam-dongusu-39",,"1098"
"K2420","K2420-api-yasam-dongusu-40","proposed","""BANT 067""","K2420-api-yasam-dongusu-40",,"1098"
"K2421","K2421-sdk-katmani-01","proposed","""BANT 068""","K2421-sdk-katmani-01",,"1066"
"K2422","K2422-sdk-katmani-02","proposed","""BANT 068""","K2422-sdk-katmani-02",,"1066"
"K2423","K2423-sdk-katmani-03","proposed","""BANT 068""","K2423-sdk-katmani-03",,"1066"
"K2424","K2424-sdk-katmani-04","proposed","""BANT 068""","K2424-sdk-katmani-04",,"1066"
"K2425","K2425-sdk-katmani-05","proposed","""BANT 068""","K2425-sdk-katmani-05",,"1066"
"K2426","K2426-sdk-katmani-06","proposed","""BANT 068""","K2426-sdk-katmani-06",,"1066"
"K2427","K2427-sdk-katmani-07","proposed","""BANT 068""","K2427-sdk-katmani-07",,"1066"
"K2428","K2428-sdk-katmani-08","proposed","""BANT 068""","K2428-sdk-katmani-08",,"1066"
"K2429","K2429-sdk-katmani-09","proposed","""BANT 068""","K2429-sdk-katmani-09",,"1066"
"K2430","K2430-sdk-katmani-10","proposed","""BANT 068""","K2430-sdk-katmani-10",,"1068"
"K2431","K2431-sdk-katmani-11","proposed","""BANT 068""","K2431-sdk-katmani-11",,"1068"
"K2432","K2432-sdk-katmani-12","proposed","""BANT 068""","K2432-sdk-katmani-12",,"1068"
"K2433","K2433-sdk-katmani-13","proposed","""BANT 068""","K2433-sdk-katmani-13",,"1068"
"K2434","K2434-sdk-katmani-14","proposed","""BANT 068""","K2434-sdk-katmani-14",,"1068"
"K2435","K2435-sdk-katmani-15","proposed","""BANT 068""","K2435-sdk-katmani-15",,"1068"
"K2436","K2436-sdk-katmani-16","proposed","""BANT 068""","K2436-sdk-katmani-16",,"1068"
"K2437","K2437-sdk-katmani-17","proposed","""BANT 068""","K2437-sdk-katmani-17",,"1068"
"K2438","K2438-sdk-katmani-18","proposed","""BANT 068""","K2438-sdk-katmani-18",,"1068"
"K2439","K2439-sdk-katmani-19","proposed","""BANT 068""","K2439-sdk-katmani-19",,"1068"
"K2440","K2440-sdk-katmani-20","proposed","""BANT 068""","K2440-sdk-katmani-20",,"1068"
"K2441","K2441-sdk-katmani-21","proposed","""BANT 068""","K2441-sdk-katmani-21",,"1068"
"K2442","K2442-sdk-katmani-22","proposed","""BANT 068""","K2442-sdk-katmani-22",,"1068"
"K2443","K2443-sdk-katmani-23","proposed","""BANT 068""","K2443-sdk-katmani-23",,"1068"
"K2444","K2444-sdk-katmani-24","proposed","""BANT 068""","K2444-sdk-katmani-24",,"1068"
"K2445","K2445-sdk-katmani-25","proposed","""BANT 068""","K2445-sdk-katmani-25",,"1068"
"K2446","K2446-sdk-katmani-26","proposed","""BANT 068""","K2446-sdk-katmani-26",,"1068"
"K2447","K2447-sdk-katmani-27","proposed","""BANT 068""","K2447-sdk-katmani-27",,"1068"
"K2448","K2448-sdk-katmani-28","proposed","""BANT 068""","K2448-sdk-katmani-28",,"1068"
"K2449","K2449-sdk-katmani-29","proposed","""BANT 068""","K2449-sdk-katmani-29",,"1068"
"K2450","K2450-sdk-katmani-30","proposed","""BANT 068""","K2450-sdk-katmani-30",,"1068"
"K2451","K2451-sdk-katmani-31","proposed","""BANT 068""","K2451-sdk-katmani-31",,"1068"
"K2452","K2452-sdk-katmani-32","proposed","""BANT 068""","K2452-sdk-katmani-32",,"1068"
"K2453","K2453-sdk-katmani-33","proposed","""BANT 068""","K2453-sdk-katmani-33",,"1068"
"K2454","K2454-sdk-katmani-34","proposed","""BANT 068""","K2454-sdk-katmani-34",,"1068"
"K2455","K2455-sdk-katmani-35","proposed","""BANT 068""","K2455-sdk-katmani-35",,"1068"
"K2456","K2456-sdk-katmani-36","proposed","""BANT 068""","K2456-sdk-katmani-36",,"1068"
"K2457","K2457-sdk-katmani-37","proposed","""BANT 068""","K2457-sdk-katmani-37",,"1068"
"K2458","K2458-sdk-katmani-38","proposed","""BANT 068""","K2458-sdk-katmani-38",,"1068"
"K2459","K2459-sdk-katmani-39","proposed","""BANT 068""","K2459-sdk-katmani-39",,"1068"
"K2460","K2460-sdk-katmani-40","proposed","""BANT 068""","K2460-sdk-katmani-40",,"1068"
"K2461","K2461-webhook-katmani-01","proposed","""BANT 069""","K2461-webhook-katmani-01",,"1086"
"K2462","K2462-webhook-katmani-02","proposed","""BANT 069""","K2462-webhook-katmani-02",,"1086"
"K2463","K2463-webhook-katmani-03","proposed","""BANT 069""","K2463-webhook-katmani-03",,"1086"
"K2464","K2464-webhook-katmani-04","proposed","""BANT 069""","K2464-webhook-katmani-04",,"1086"
"K2465","K2465-webhook-katmani-05","proposed","""BANT 069""","K2465-webhook-katmani-05",,"1086"
"K2466","K2466-webhook-katmani-06","proposed","""BANT 069""","K2466-webhook-katmani-06",,"1086"
"K2467","K2467-webhook-katmani-07","proposed","""BANT 069""","K2467-webhook-katmani-07",,"1086"
"K2468","K2468-webhook-katmani-08","proposed","""BANT 069""","K2468-webhook-katmani-08",,"1086"
"K2469","K2469-webhook-katmani-09","proposed","""BANT 069""","K2469-webhook-katmani-09",,"1086"
"K2470","K2470-webhook-katmani-10","proposed","""BANT 069""","K2470-webhook-katmani-10",,"1088"
"K2471","K2471-webhook-katmani-11","proposed","""BANT 069""","K2471-webhook-katmani-11",,"1088"
"K2472","K2472-webhook-katmani-12","proposed","""BANT 069""","K2472-webhook-katmani-12",,"1088"
"K2473","K2473-webhook-katmani-13","proposed","""BANT 069""","K2473-webhook-katmani-13",,"1088"
"K2474","K2474-webhook-katmani-14","proposed","""BANT 069""","K2474-webhook-katmani-14",,"1088"
"K2475","K2475-webhook-katmani-15","proposed","""BANT 069""","K2475-webhook-katmani-15",,"1088"
"K2476","K2476-webhook-katmani-16","proposed","""BANT 069""","K2476-webhook-katmani-16",,"1088"
"K2477","K2477-webhook-katmani-17","proposed","""BANT 069""","K2477-webhook-katmani-17",,"1088"
"K2478","K2478-webhook-katmani-18","proposed","""BANT 069""","K2478-webhook-katmani-18",,"1088"
"K2479","K2479-webhook-katmani-19","proposed","""BANT 069""","K2479-webhook-katmani-19",,"1088"
"K2480","K2480-webhook-katmani-20","proposed","""BANT 069""","K2480-webhook-katmani-20",,"1088"
"K2481","K2481-webhook-katmani-21","proposed","""BANT 069""","K2481-webhook-katmani-21",,"1088"
"K2482","K2482-webhook-katmani-22","proposed","""BANT 069""","K2482-webhook-katmani-22",,"1088"
"K2483","K2483-webhook-katmani-23","proposed","""BANT 069""","K2483-webhook-katmani-23",,"1088"
"K2484","K2484-webhook-katmani-24","proposed","""BANT 069""","K2484-webhook-katmani-24",,"1088"
"K2485","K2485-webhook-katmani-25","proposed","""BANT 069""","K2485-webhook-katmani-25",,"1088"
"K2486","K2486-webhook-katmani-26","proposed","""BANT 069""","K2486-webhook-katmani-26",,"1088"
"K2487","K2487-webhook-katmani-27","proposed","""BANT 069""","K2487-webhook-katmani-27",,"1088"
"K2488","K2488-webhook-katmani-28","proposed","""BANT 069""","K2488-webhook-katmani-28",,"1088"
"K2489","K2489-webhook-katmani-29","proposed","""BANT 069""","K2489-webhook-katmani-29",,"1088"
"K2490","K2490-webhook-katmani-30","proposed","""BANT 069""","K2490-webhook-katmani-30",,"1088"
"K2491","K2491-webhook-katmani-31","proposed","""BANT 069""","K2491-webhook-katmani-31",,"1088"
"K2492","K2492-webhook-katmani-32","proposed","""BANT 069""","K2492-webhook-katmani-32",,"1088"
"K2493","K2493-webhook-katmani-33","proposed","""BANT 069""","K2493-webhook-katmani-33",,"1088"
"K2494","K2494-webhook-katmani-34","proposed","""BANT 069""","K2494-webhook-katmani-34",,"1088"
"K2495","K2495-webhook-katmani-35","proposed","""BANT 069""","K2495-webhook-katmani-35",,"1088"
"K2496","K2496-webhook-katmani-36","proposed","""BANT 069""","K2496-webhook-katmani-36",,"1088"
"K2497","K2497-webhook-katmani-37","proposed","""BANT 069""","K2497-webhook-katmani-37",,"1088"
"K2498","K2498-webhook-katmani-38","proposed","""BANT 069""","K2498-webhook-katmani-38",,"1088"
"K2499","K2499-webhook-katmani-39","proposed","""BANT 069""","K2499-webhook-katmani-39",,"1088"
"K2500","K2500-webhook-katmani-40","proposed","""BANT 069""","K2500-webhook-katmani-40",,"1088"
"K2501","K2501-tasima-katmani-01","proposed","""BANT 070""","K2501-tasima-katmani-01",,"1081"
"K2502","K2502-tasima-katmani-02","proposed","""BANT 070""","K2502-tasima-katmani-02",,"1081"
"K2503","K2503-tasima-katmani-03","proposed","""BANT 070""","K2503-tasima-katmani-03",,"1081"
"K2504","K2504-tasima-katmani-04","proposed","""BANT 070""","K2504-tasima-katmani-04",,"1081"
"K2505","K2505-tasima-katmani-05","proposed","""BANT 070""","K2505-tasima-katmani-05",,"1081"
"K2506","K2506-tasima-katmani-06","proposed","""BANT 070""","K2506-tasima-katmani-06",,"1081"
"K2507","K2507-tasima-katmani-07","proposed","""BANT 070""","K2507-tasima-katmani-07",,"1081"
"K2508","K2508-tasima-katmani-08","proposed","""BANT 070""","K2508-tasima-katmani-08",,"1081"
"K2509","K2509-tasima-katmani-09","proposed","""BANT 070""","K2509-tasima-katmani-09",,"1081"
"K2510","K2510-tasima-katmani-10","proposed","""BANT 070""","K2510-tasima-katmani-10",,"1083"
"K2511","K2511-tasima-katmani-11","proposed","""BANT 070""","K2511-tasima-katmani-11",,"1083"
"K2512","K2512-tasima-katmani-12","proposed","""BANT 070""","K2512-tasima-katmani-12",,"1083"
"K2513","K2513-tasima-katmani-13","proposed","""BANT 070""","K2513-tasima-katmani-13",,"1083"
"K2514","K2514-tasima-katmani-14","proposed","""BANT 070""","K2514-tasima-katmani-14",,"1083"
"K2515","K2515-tasima-katmani-15","proposed","""BANT 070""","K2515-tasima-katmani-15",,"1083"
"K2516","K2516-tasima-katmani-16","proposed","""BANT 070""","K2516-tasima-katmani-16",,"1083"
"K2517","K2517-tasima-katmani-17","proposed","""BANT 070""","K2517-tasima-katmani-17",,"1083"
"K2518","K2518-tasima-katmani-18","proposed","""BANT 070""","K2518-tasima-katmani-18",,"1083"
"K2519","K2519-tasima-katmani-19","proposed","""BANT 070""","K2519-tasima-katmani-19",,"1083"
"K2520","K2520-tasima-katmani-20","proposed","""BANT 070""","K2520-tasima-katmani-20",,"1083"
"K2521","K2521-tasima-katmani-21","proposed","""BANT 070""","K2521-tasima-katmani-21",,"1083"
"K2522","K2522-tasima-katmani-22","proposed","""BANT 070""","K2522-tasima-katmani-22",,"1083"
"K2523","K2523-tasima-katmani-23","proposed","""BANT 070""","K2523-tasima-katmani-23",,"1083"
"K2524","K2524-tasima-katmani-24","proposed","""BANT 070""","K2524-tasima-katmani-24",,"1083"
"K2525","K2525-tasima-katmani-25","proposed","""BANT 070""","K2525-tasima-katmani-25",,"1083"
"K2526","K2526-tasima-katmani-26","proposed","""BANT 070""","K2526-tasima-katmani-26",,"1083"
"K2527","K2527-tasima-katmani-27","proposed","""BANT 070""","K2527-tasima-katmani-27",,"1083"
"K2528","K2528-tasima-katmani-28","proposed","""BANT 070""","K2528-tasima-katmani-28",,"1083"
"K2529","K2529-tasima-katmani-29","proposed","""BANT 070""","K2529-tasima-katmani-29",,"1083"
"K2530","K2530-tasima-katmani-30","proposed","""BANT 070""","K2530-tasima-katmani-30",,"1083"
"K2531","K2531-tasima-katmani-31","proposed","""BANT 070""","K2531-tasima-katmani-31",,"1083"
"K2532","K2532-tasima-katmani-32","proposed","""BANT 070""","K2532-tasima-katmani-32",,"1083"
"K2533","K2533-tasima-katmani-33","proposed","""BANT 070""","K2533-tasima-katmani-33",,"1083"
"K2534","K2534-tasima-katmani-34","proposed","""BANT 070""","K2534-tasima-katmani-34",,"1083"
"K2535","K2535-tasima-katmani-35","proposed","""BANT 070""","K2535-tasima-katmani-35",,"1083"
"K2536","K2536-tasima-katmani-36","proposed","""BANT 070""","K2536-tasima-katmani-36",,"1083"
"K2537","K2537-tasima-katmani-37","proposed","""BANT 070""","K2537-tasima-katmani-37",,"1083"
"K2538","K2538-tasima-katmani-38","proposed","""BANT 070""","K2538-tasima-katmani-38",,"1083"
"K2539","K2539-tasima-katmani-39","proposed","""BANT 070""","K2539-tasima-katmani-39",,"1083"
"K2540","K2540-tasima-katmani-40","proposed","""BANT 070""","K2540-tasima-katmani-40",,"1083"
"K2541","K2541-topoloji-01","proposed","""BANT 071""","K2541-topoloji-01",,"1051"
"K2542","K2542-topoloji-02","proposed","""BANT 071""","K2542-topoloji-02",,"1051"
"K2543","K2543-topoloji-03","proposed","""BANT 071""","K2543-topoloji-03",,"1051"
"K2544","K2544-topoloji-04","proposed","""BANT 071""","K2544-topoloji-04",,"1051"
"K2545","K2545-topoloji-05","proposed","""BANT 071""","K2545-topoloji-05",,"1051"
"K2546","K2546-topoloji-06","proposed","""BANT 071""","K2546-topoloji-06",,"1051"
"K2547","K2547-topoloji-07","proposed","""BANT 071""","K2547-topoloji-07",,"1051"
"K2548","K2548-topoloji-08","proposed","""BANT 071""","K2548-topoloji-08",,"1051"
"K2549","K2549-topoloji-09","proposed","""BANT 071""","K2549-topoloji-09",,"1051"
"K2550","K2550-topoloji-10","proposed","""BANT 071""","K2550-topoloji-10",,"1053"
"K2551","K2551-topoloji-11","proposed","""BANT 071""","K2551-topoloji-11",,"1053"
"K2552","K2552-topoloji-12","proposed","""BANT 071""","K2552-topoloji-12",,"1053"
"K2553","K2553-topoloji-13","proposed","""BANT 071""","K2553-topoloji-13",,"1053"
"K2554","K2554-topoloji-14","proposed","""BANT 071""","K2554-topoloji-14",,"1053"
"K2555","K2555-topoloji-15","proposed","""BANT 071""","K2555-topoloji-15",,"1053"
"K2556","K2556-topoloji-16","proposed","""BANT 071""","K2556-topoloji-16",,"1053"
"K2557","K2557-topoloji-17","proposed","""BANT 071""","K2557-topoloji-17",,"1053"
"K2558","K2558-topoloji-18","proposed","""BANT 071""","K2558-topoloji-18",,"1053"
"K2559","K2559-topoloji-19","proposed","""BANT 071""","K2559-topoloji-19",,"1053"
"K2560","K2560-topoloji-20","proposed","""BANT 071""","K2560-topoloji-20",,"1053"
"K2561","K2561-topoloji-21","proposed","""BANT 071""","K2561-topoloji-21",,"1053"
"K2562","K2562-topoloji-22","proposed","""BANT 071""","K2562-topoloji-22",,"1053"
"K2563","K2563-topoloji-23","proposed","""BANT 071""","K2563-topoloji-23",,"1053"
"K2564","K2564-topoloji-24","proposed","""BANT 071""","K2564-topoloji-24",,"1053"
"K2565","K2565-topoloji-25","proposed","""BANT 071""","K2565-topoloji-25",,"1053"
"K2566","K2566-topoloji-26","proposed","""BANT 071""","K2566-topoloji-26",,"1053"
"K2567","K2567-topoloji-27","proposed","""BANT 071""","K2567-topoloji-27",,"1053"
"K2568","K2568-topoloji-28","proposed","""BANT 071""","K2568-topoloji-28",,"1053"
"K2569","K2569-topoloji-29","proposed","""BANT 071""","K2569-topoloji-29",,"1053"
"K2570","K2570-topoloji-30","proposed","""BANT 071""","K2570-topoloji-30",,"1053"
"K2571","K2571-topoloji-31","proposed","""BANT 071""","K2571-topoloji-31",,"1053"
"K2572","K2572-topoloji-32","proposed","""BANT 071""","K2572-topoloji-32",,"1053"
"K2573","K2573-topoloji-33","proposed","""BANT 071""","K2573-topoloji-33",,"1053"
"K2574","K2574-topoloji-34","proposed","""BANT 071""","K2574-topoloji-34",,"1053"
"K2575","K2575-topoloji-35","proposed","""BANT 071""","K2575-topoloji-35",,"1053"
"K2576","K2576-topoloji-36","proposed","""BANT 071""","K2576-topoloji-36",,"1053"
"K2577","K2577-topoloji-37","proposed","""BANT 071""","K2577-topoloji-37",,"1053"
"K2578","K2578-topoloji-38","proposed","""BANT 071""","K2578-topoloji-38",,"1053"
"K2579","K2579-topoloji-39","proposed","""BANT 071""","K2579-topoloji-39",,"1053"
"K2580","K2580-topoloji-40","proposed","""BANT 071""","K2580-topoloji-40",,"1053"
"K2581","K2581-kimlik-derinligi-01","proposed","""BANT 072""","K2581-kimlik-derinligi-01",,"1091"
"K2582","K2582-kimlik-derinligi-02","proposed","""BANT 072""","K2582-kimlik-derinligi-02",,"1091"
"K2583","K2583-kimlik-derinligi-03","proposed","""BANT 072""","K2583-kimlik-derinligi-03",,"1091"
"K2584","K2584-kimlik-derinligi-04","proposed","""BANT 072""","K2584-kimlik-derinligi-04",,"1091"
"K2585","K2585-kimlik-derinligi-05","proposed","""BANT 072""","K2585-kimlik-derinligi-05",,"1091"
"K2586","K2586-kimlik-derinligi-06","proposed","""BANT 072""","K2586-kimlik-derinligi-06",,"1091"
"K2587","K2587-kimlik-derinligi-07","proposed","""BANT 072""","K2587-kimlik-derinligi-07",,"1091"
"K2588","K2588-kimlik-derinligi-08","proposed","""BANT 072""","K2588-kimlik-derinligi-08",,"1091"
"K2589","K2589-kimlik-derinligi-09","proposed","""BANT 072""","K2589-kimlik-derinligi-09",,"1091"
"K2590","K2590-kimlik-derinligi-10","proposed","""BANT 072""","K2590-kimlik-derinligi-10",,"1093"
"K2591","K2591-kimlik-derinligi-11","proposed","""BANT 072""","K2591-kimlik-derinligi-11",,"1093"
"K2592","K2592-kimlik-derinligi-12","proposed","""BANT 072""","K2592-kimlik-derinligi-12",,"1093"
"K2593","K2593-kimlik-derinligi-13","proposed","""BANT 072""","K2593-kimlik-derinligi-13",,"1093"
"K2594","K2594-kimlik-derinligi-14","proposed","""BANT 072""","K2594-kimlik-derinligi-14",,"1093"
"K2595","K2595-kimlik-derinligi-15","proposed","""BANT 072""","K2595-kimlik-derinligi-15",,"1093"
"K2596","K2596-kimlik-derinligi-16","proposed","""BANT 072""","K2596-kimlik-derinligi-16",,"1093"
"K2597","K2597-kimlik-derinligi-17","proposed","""BANT 072""","K2597-kimlik-derinligi-17",,"1093"
"K2598","K2598-kimlik-derinligi-18","proposed","""BANT 072""","K2598-kimlik-derinligi-18",,"1093"
"K2599","K2599-kimlik-derinligi-19","proposed","""BANT 072""","K2599-kimlik-derinligi-19",,"1093"
"K2600","K2600-kimlik-derinligi-20","proposed","""BANT 072""","K2600-kimlik-derinligi-20",,"1093"
"K2601","K2601-kimlik-derinligi-21","proposed","""BANT 072""","K2601-kimlik-derinligi-21",,"1093"
"K2602","K2602-kimlik-derinligi-22","proposed","""BANT 072""","K2602-kimlik-derinligi-22",,"1093"
"K2603","K2603-kimlik-derinligi-23","proposed","""BANT 072""","K2603-kimlik-derinligi-23",,"1093"
"K2604","K2604-kimlik-derinligi-24","proposed","""BANT 072""","K2604-kimlik-derinligi-24",,"1093"
"K2605","K2605-kimlik-derinligi-25","proposed","""BANT 072""","K2605-kimlik-derinligi-25",,"1093"
"K2606","K2606-kimlik-derinligi-26","proposed","""BANT 072""","K2606-kimlik-derinligi-26",,"1093"
"K2607","K2607-kimlik-derinligi-27","proposed","""BANT 072""","K2607-kimlik-derinligi-27",,"1093"
"K2608","K2608-kimlik-derinligi-28","proposed","""BANT 072""","K2608-kimlik-derinligi-28",,"1093"
"K2609","K2609-kimlik-derinligi-29","proposed","""BANT 072""","K2609-kimlik-derinligi-29",,"1093"
"K2610","K2610-kimlik-derinligi-30","proposed","""BANT 072""","K2610-kimlik-derinligi-30",,"1093"
"K2611","K2611-kimlik-derinligi-31","proposed","""BANT 072""","K2611-kimlik-derinligi-31",,"1093"
"K2612","K2612-kimlik-derinligi-32","proposed","""BANT 072""","K2612-kimlik-derinligi-32",,"1093"
"K2613","K2613-kimlik-derinligi-33","proposed","""BANT 072""","K2613-kimlik-derinligi-33",,"1093"
"K2614","K2614-kimlik-derinligi-34","proposed","""BANT 072""","K2614-kimlik-derinligi-34",,"1093"
"K2615","K2615-kimlik-derinligi-35","proposed","""BANT 072""","K2615-kimlik-derinligi-35",,"1093"
"K2616","K2616-kimlik-derinligi-36","proposed","""BANT 072""","K2616-kimlik-derinligi-36",,"1093"
"K2617","K2617-kimlik-derinligi-37","proposed","""BANT 072""","K2617-kimlik-derinligi-37",,"1093"
"K2618","K2618-kimlik-derinligi-38","proposed","""BANT 072""","K2618-kimlik-derinligi-38",,"1093"
"K2619","K2619-kimlik-derinligi-39","proposed","""BANT 072""","K2619-kimlik-derinligi-39",,"1093"
"K2620","K2620-kimlik-derinligi-40","proposed","""BANT 072""","K2620-kimlik-derinligi-40",,"1093"
"K2621","K2621-uygulama-guvenligi-01","proposed","""BANT 073""","K2621-uygulama-guvenligi-01",,"1101"
"K2622","K2622-uygulama-guvenligi-02","proposed","""BANT 073""","K2622-uygulama-guvenligi-02",,"1101"
"K2623","K2623-uygulama-guvenligi-03","proposed","""BANT 073""","K2623-uygulama-guvenligi-03",,"1101"
"K2624","K2624-uygulama-guvenligi-04","proposed","""BANT 073""","K2624-uygulama-guvenligi-04",,"1101"
"K2625","K2625-uygulama-guvenligi-05","proposed","""BANT 073""","K2625-uygulama-guvenligi-05",,"1101"
"K2626","K2626-uygulama-guvenligi-06","proposed","""BANT 073""","K2626-uygulama-guvenligi-06",,"1101"
"K2627","K2627-uygulama-guvenligi-07","proposed","""BANT 073""","K2627-uygulama-guvenligi-07",,"1101"
"K2628","K2628-uygulama-guvenligi-08","proposed","""BANT 073""","K2628-uygulama-guvenligi-08",,"1101"
"K2629","K2629-uygulama-guvenligi-09","proposed","""BANT 073""","K2629-uygulama-guvenligi-09",,"1101"
"K2630","K2630-uygulama-guvenligi-10","proposed","""BANT 073""","K2630-uygulama-guvenligi-10",,"1103"
"K2631","K2631-uygulama-guvenligi-11","proposed","""BANT 073""","K2631-uygulama-guvenligi-11",,"1103"
"K2632","K2632-uygulama-guvenligi-12","proposed","""BANT 073""","K2632-uygulama-guvenligi-12",,"1103"
"K2633","K2633-uygulama-guvenligi-13","proposed","""BANT 073""","K2633-uygulama-guvenligi-13",,"1103"
"K2634","K2634-uygulama-guvenligi-14","proposed","""BANT 073""","K2634-uygulama-guvenligi-14",,"1103"
"K2635","K2635-uygulama-guvenligi-15","proposed","""BANT 073""","K2635-uygulama-guvenligi-15",,"1103"
"K2636","K2636-uygulama-guvenligi-16","proposed","""BANT 073""","K2636-uygulama-guvenligi-16",,"1103"
"K2637","K2637-uygulama-guvenligi-17","proposed","""BANT 073""","K2637-uygulama-guvenligi-17",,"1103"
"K2638","K2638-uygulama-guvenligi-18","proposed","""BANT 073""","K2638-uygulama-guvenligi-18",,"1103"
"K2639","K2639-uygulama-guvenligi-19","proposed","""BANT 073""","K2639-uygulama-guvenligi-19",,"1103"
"K2640","K2640-uygulama-guvenligi-20","proposed","""BANT 073""","K2640-uygulama-guvenligi-20",,"1103"
"K2641","K2641-uygulama-guvenligi-21","proposed","""BANT 073""","K2641-uygulama-guvenligi-21",,"1103"
"K2642","K2642-uygulama-guvenligi-22","proposed","""BANT 073""","K2642-uygulama-guvenligi-22",,"1103"
"K2643","K2643-uygulama-guvenligi-23","proposed","""BANT 073""","K2643-uygulama-guvenligi-23",,"1103"
"K2644","K2644-uygulama-guvenligi-24","proposed","""BANT 073""","K2644-uygulama-guvenligi-24",,"1103"
"K2645","K2645-uygulama-guvenligi-25","proposed","""BANT 073""","K2645-uygulama-guvenligi-25",,"1103"
"K2646","K2646-uygulama-guvenligi-26","proposed","""BANT 073""","K2646-uygulama-guvenligi-26",,"1103"
"K2647","K2647-uygulama-guvenligi-27","proposed","""BANT 073""","K2647-uygulama-guvenligi-27",,"1103"
"K2648","K2648-uygulama-guvenligi-28","proposed","""BANT 073""","K2648-uygulama-guvenligi-28",,"1103"
"K2649","K2649-uygulama-guvenligi-29","proposed","""BANT 073""","K2649-uygulama-guvenligi-29",,"1103"
"K2650","K2650-uygulama-guvenligi-30","proposed","""BANT 073""","K2650-uygulama-guvenligi-30",,"1103"
"K2651","K2651-uygulama-guvenligi-31","proposed","""BANT 073""","K2651-uygulama-guvenligi-31",,"1103"
"K2652","K2652-uygulama-guvenligi-32","proposed","""BANT 073""","K2652-uygulama-guvenligi-32",,"1103"
"K2653","K2653-uygulama-guvenligi-33","proposed","""BANT 073""","K2653-uygulama-guvenligi-33",,"1103"
"K2654","K2654-uygulama-guvenligi-34","proposed","""BANT 073""","K2654-uygulama-guvenligi-34",,"1103"
"K2655","K2655-uygulama-guvenligi-35","proposed","""BANT 073""","K2655-uygulama-guvenligi-35",,"1103"
"K2656","K2656-uygulama-guvenligi-36","proposed","""BANT 073""","K2656-uygulama-guvenligi-36",,"1103"
"K2657","K2657-uygulama-guvenligi-37","proposed","""BANT 073""","K2657-uygulama-guvenligi-37",,"1103"
"K2658","K2658-uygulama-guvenligi-38","proposed","""BANT 073""","K2658-uygulama-guvenligi-38",,"1103"
"K2659","K2659-uygulama-guvenligi-39","proposed","""BANT 073""","K2659-uygulama-guvenligi-39",,"1103"
"K2660","K2660-uygulama-guvenligi-40","proposed","""BANT 073""","K2660-uygulama-guvenligi-40",,"1103"
"K2661","K2661-sifreleme-derinligi-01","proposed","""BANT 074""","K2661-sifreleme-derinligi-01",,"1106"
"K2662","K2662-sifreleme-derinligi-02","proposed","""BANT 074""","K2662-sifreleme-derinligi-02",,"1106"
"K2663","K2663-sifreleme-derinligi-03","proposed","""BANT 074""","K2663-sifreleme-derinligi-03",,"1106"
"K2664","K2664-sifreleme-derinligi-04","proposed","""BANT 074""","K2664-sifreleme-derinligi-04",,"1106"
"K2665","K2665-sifreleme-derinligi-05","proposed","""BANT 074""","K2665-sifreleme-derinligi-05",,"1106"
"K2666","K2666-sifreleme-derinligi-06","proposed","""BANT 074""","K2666-sifreleme-derinligi-06",,"1106"
"K2667","K2667-sifreleme-derinligi-07","proposed","""BANT 074""","K2667-sifreleme-derinligi-07",,"1106"
"K2668","K2668-sifreleme-derinligi-08","proposed","""BANT 074""","K2668-sifreleme-derinligi-08",,"1106"
"K2669","K2669-sifreleme-derinligi-09","proposed","""BANT 074""","K2669-sifreleme-derinligi-09",,"1106"
"K2670","K2670-sifreleme-derinligi-10","proposed","""BANT 074""","K2670-sifreleme-derinligi-10",,"1108"
"K2671","K2671-sifreleme-derinligi-11","proposed","""BANT 074""","K2671-sifreleme-derinligi-11",,"1108"
"K2672","K2672-sifreleme-derinligi-12","proposed","""BANT 074""","K2672-sifreleme-derinligi-12",,"1108"
"K2673","K2673-sifreleme-derinligi-13","proposed","""BANT 074""","K2673-sifreleme-derinligi-13",,"1108"
"K2674","K2674-sifreleme-derinligi-14","proposed","""BANT 074""","K2674-sifreleme-derinligi-14",,"1108"
"K2675","K2675-sifreleme-derinligi-15","proposed","""BANT 074""","K2675-sifreleme-derinligi-15",,"1108"
"K2676","K2676-sifreleme-derinligi-16","proposed","""BANT 074""","K2676-sifreleme-derinligi-16",,"1108"
"K2677","K2677-sifreleme-derinligi-17","proposed","""BANT 074""","K2677-sifreleme-derinligi-17",,"1108"
"K2678","K2678-sifreleme-derinligi-18","proposed","""BANT 074""","K2678-sifreleme-derinligi-18",,"1108"
"K2679","K2679-sifreleme-derinligi-19","proposed","""BANT 074""","K2679-sifreleme-derinligi-19",,"1108"
"K2680","K2680-sifreleme-derinligi-20","proposed","""BANT 074""","K2680-sifreleme-derinligi-20",,"1108"
"K2681","K2681-sifreleme-derinligi-21","proposed","""BANT 074""","K2681-sifreleme-derinligi-21",,"1108"
"K2682","K2682-sifreleme-derinligi-22","proposed","""BANT 074""","K2682-sifreleme-derinligi-22",,"1108"
"K2683","K2683-sifreleme-derinligi-23","proposed","""BANT 074""","K2683-sifreleme-derinligi-23",,"1108"
"K2684","K2684-sifreleme-derinligi-24","proposed","""BANT 074""","K2684-sifreleme-derinligi-24",,"1108"
"K2685","K2685-sifreleme-derinligi-25","proposed","""BANT 074""","K2685-sifreleme-derinligi-25",,"1108"
"K2686","K2686-sifreleme-derinligi-26","proposed","""BANT 074""","K2686-sifreleme-derinligi-26",,"1108"
"K2687","K2687-sifreleme-derinligi-27","proposed","""BANT 074""","K2687-sifreleme-derinligi-27",,"1108"
"K2688","K2688-sifreleme-derinligi-28","proposed","""BANT 074""","K2688-sifreleme-derinligi-28",,"1108"
"K2689","K2689-sifreleme-derinligi-29","proposed","""BANT 074""","K2689-sifreleme-derinligi-29",,"1108"
"K2690","K2690-sifreleme-derinligi-30","proposed","""BANT 074""","K2690-sifreleme-derinligi-30",,"1108"
"K2691","K2691-sifreleme-derinligi-31","proposed","""BANT 074""","K2691-sifreleme-derinligi-31",,"1108"
"K2692","K2692-sifreleme-derinligi-32","proposed","""BANT 074""","K2692-sifreleme-derinligi-32",,"1108"
"K2693","K2693-sifreleme-derinligi-33","proposed","""BANT 074""","K2693-sifreleme-derinligi-33",,"1108"
"K2694","K2694-sifreleme-derinligi-34","proposed","""BANT 074""","K2694-sifreleme-derinligi-34",,"1108"
"K2695","K2695-sifreleme-derinligi-35","proposed","""BANT 074""","K2695-sifreleme-derinligi-35",,"1108"
"K2696","K2696-sifreleme-derinligi-36","proposed","""BANT 074""","K2696-sifreleme-derinligi-36",,"1108"
"K2697","K2697-sifreleme-derinligi-37","proposed","""BANT 074""","K2697-sifreleme-derinligi-37",,"1108"
"K2698","K2698-sifreleme-derinligi-38","proposed","""BANT 074""","K2698-sifreleme-derinligi-38",,"1108"
"K2699","K2699-sifreleme-derinligi-39","proposed","""BANT 074""","K2699-sifreleme-derinligi-39",,"1108"
"K2700","K2700-sifreleme-derinligi-40","proposed","""BANT 074""","K2700-sifreleme-derinligi-40",,"1108"
"K2701","K2701-akis-verisi-01","proposed","""BANT 075""","K2701-akis-verisi-01",,"1066"
"K2702","K2702-akis-verisi-02","proposed","""BANT 075""","K2702-akis-verisi-02",,"1066"
"K2703","K2703-akis-verisi-03","proposed","""BANT 075""","K2703-akis-verisi-03",,"1066"
"K2704","K2704-akis-verisi-04","proposed","""BANT 075""","K2704-akis-verisi-04",,"1066"
"K2705","K2705-akis-verisi-05","proposed","""BANT 075""","K2705-akis-verisi-05",,"1066"
"K2706","K2706-akis-verisi-06","proposed","""BANT 075""","K2706-akis-verisi-06",,"1066"
"K2707","K2707-akis-verisi-07","proposed","""BANT 075""","K2707-akis-verisi-07",,"1066"
"K2708","K2708-akis-verisi-08","proposed","""BANT 075""","K2708-akis-verisi-08",,"1066"
"K2709","K2709-akis-verisi-09","proposed","""BANT 075""","K2709-akis-verisi-09",,"1066"
"K2710","K2710-akis-verisi-10","proposed","""BANT 075""","K2710-akis-verisi-10",,"1068"
"K2711","K2711-akis-verisi-11","proposed","""BANT 075""","K2711-akis-verisi-11",,"1068"
"K2712","K2712-akis-verisi-12","proposed","""BANT 075""","K2712-akis-verisi-12",,"1068"
"K2713","K2713-akis-verisi-13","proposed","""BANT 075""","K2713-akis-verisi-13",,"1068"
"K2714","K2714-akis-verisi-14","proposed","""BANT 075""","K2714-akis-verisi-14",,"1068"
"K2715","K2715-akis-verisi-15","proposed","""BANT 075""","K2715-akis-verisi-15",,"1068"
"K2716","K2716-akis-verisi-16","proposed","""BANT 075""","K2716-akis-verisi-16",,"1068"
"K2717","K2717-akis-verisi-17","proposed","""BANT 075""","K2717-akis-verisi-17",,"1068"
"K2718","K2718-akis-verisi-18","proposed","""BANT 075""","K2718-akis-verisi-18",,"1068"
"K2719","K2719-akis-verisi-19","proposed","""BANT 075""","K2719-akis-verisi-19",,"1068"
"K2720","K2720-akis-verisi-20","proposed","""BANT 075""","K2720-akis-verisi-20",,"1068"
"K2721","K2721-akis-verisi-21","proposed","""BANT 075""","K2721-akis-verisi-21",,"1068"
"K2722","K2722-akis-verisi-22","proposed","""BANT 075""","K2722-akis-verisi-22",,"1068"
"K2723","K2723-akis-verisi-23","proposed","""BANT 075""","K2723-akis-verisi-23",,"1068"
"K2724","K2724-akis-verisi-24","proposed","""BANT 075""","K2724-akis-verisi-24",,"1068"
"K2725","K2725-akis-verisi-25","proposed","""BANT 075""","K2725-akis-verisi-25",,"1068"
"K2726","K2726-akis-verisi-26","proposed","""BANT 075""","K2726-akis-verisi-26",,"1068"
"K2727","K2727-akis-verisi-27","proposed","""BANT 075""","K2727-akis-verisi-27",,"1068"
"K2728","K2728-akis-verisi-28","proposed","""BANT 075""","K2728-akis-verisi-28",,"1068"
"K2729","K2729-akis-verisi-29","proposed","""BANT 075""","K2729-akis-verisi-29",,"1068"
"K2730","K2730-akis-verisi-30","proposed","""BANT 075""","K2730-akis-verisi-30",,"1068"
"K2731","K2731-akis-verisi-31","proposed","""BANT 075""","K2731-akis-verisi-31",,"1068"
"K2732","K2732-akis-verisi-32","proposed","""BANT 075""","K2732-akis-verisi-32",,"1068"
"K2733","K2733-akis-verisi-33","proposed","""BANT 075""","K2733-akis-verisi-33",,"1068"
"K2734","K2734-akis-verisi-34","proposed","""BANT 075""","K2734-akis-verisi-34",,"1068"
"K2735","K2735-akis-verisi-35","proposed","""BANT 075""","K2735-akis-verisi-35",,"1068"
"K2736","K2736-akis-verisi-36","proposed","""BANT 075""","K2736-akis-verisi-36",,"1068"
"K2737","K2737-akis-verisi-37","proposed","""BANT 075""","K2737-akis-verisi-37",,"1068"
"K2738","K2738-akis-verisi-38","proposed","""BANT 075""","K2738-akis-verisi-38",,"1068"
"K2739","K2739-akis-verisi-39","proposed","""BANT 075""","K2739-akis-verisi-39",,"1068"
"K2740","K2740-akis-verisi-40","proposed","""BANT 075""","K2740-akis-verisi-40",,"1068"
"K2741","K2741-veri-ambari-01","proposed","""BANT 076""","K2741-veri-ambari-01",,"1066"
"K2742","K2742-veri-ambari-02","proposed","""BANT 076""","K2742-veri-ambari-02",,"1066"
"K2743","K2743-veri-ambari-03","proposed","""BANT 076""","K2743-veri-ambari-03",,"1066"
"K2744","K2744-veri-ambari-04","proposed","""BANT 076""","K2744-veri-ambari-04",,"1066"
"K2745","K2745-veri-ambari-05","proposed","""BANT 076""","K2745-veri-ambari-05",,"1066"
"K2746","K2746-veri-ambari-06","proposed","""BANT 076""","K2746-veri-ambari-06",,"1066"
"K2747","K2747-veri-ambari-07","proposed","""BANT 076""","K2747-veri-ambari-07",,"1066"
"K2748","K2748-veri-ambari-08","proposed","""BANT 076""","K2748-veri-ambari-08",,"1066"
"K2749","K2749-veri-ambari-09","proposed","""BANT 076""","K2749-veri-ambari-09",,"1066"
"K2750","K2750-veri-ambari-10","proposed","""BANT 076""","K2750-veri-ambari-10",,"1068"
"K2751","K2751-veri-ambari-11","proposed","""BANT 076""","K2751-veri-ambari-11",,"1068"
"K2752","K2752-veri-ambari-12","proposed","""BANT 076""","K2752-veri-ambari-12",,"1068"
"K2753","K2753-veri-ambari-13","proposed","""BANT 076""","K2753-veri-ambari-13",,"1068"
"K2754","K2754-veri-ambari-14","proposed","""BANT 076""","K2754-veri-ambari-14",,"1068"
"K2755","K2755-veri-ambari-15","proposed","""BANT 076""","K2755-veri-ambari-15",,"1068"
"K2756","K2756-veri-ambari-16","proposed","""BANT 076""","K2756-veri-ambari-16",,"1068"
"K2757","K2757-veri-ambari-17","proposed","""BANT 076""","K2757-veri-ambari-17",,"1068"
"K2758","K2758-veri-ambari-18","proposed","""BANT 076""","K2758-veri-ambari-18",,"1068"
"K2759","K2759-veri-ambari-19","proposed","""BANT 076""","K2759-veri-ambari-19",,"1068"
"K2760","K2760-veri-ambari-20","proposed","""BANT 076""","K2760-veri-ambari-20",,"1068"
"K2761","K2761-veri-ambari-21","proposed","""BANT 076""","K2761-veri-ambari-21",,"1068"
"K2762","K2762-veri-ambari-22","proposed","""BANT 076""","K2762-veri-ambari-22",,"1068"
"K2763","K2763-veri-ambari-23","proposed","""BANT 076""","K2763-veri-ambari-23",,"1068"
"K2764","K2764-veri-ambari-24","proposed","""BANT 076""","K2764-veri-ambari-24",,"1068"
"K2765","K2765-veri-ambari-25","proposed","""BANT 076""","K2765-veri-ambari-25",,"1068"
"K2766","K2766-veri-ambari-26","proposed","""BANT 076""","K2766-veri-ambari-26",,"1068"
"K2767","K2767-veri-ambari-27","proposed","""BANT 076""","K2767-veri-ambari-27",,"1068"
"K2768","K2768-veri-ambari-28","proposed","""BANT 076""","K2768-veri-ambari-28",,"1068"
"K2769","K2769-veri-ambari-29","proposed","""BANT 076""","K2769-veri-ambari-29",,"1068"
"K2770","K2770-veri-ambari-30","proposed","""BANT 076""","K2770-veri-ambari-30",,"1068"
"K2771","K2771-veri-ambari-31","proposed","""BANT 076""","K2771-veri-ambari-31",,"1068"
"K2772","K2772-veri-ambari-32","proposed","""BANT 076""","K2772-veri-ambari-32",,"1068"
"K2773","K2773-veri-ambari-33","proposed","""BANT 076""","K2773-veri-ambari-33",,"1068"
"K2774","K2774-veri-ambari-34","proposed","""BANT 076""","K2774-veri-ambari-34",,"1068"
"K2775","K2775-veri-ambari-35","proposed","""BANT 076""","K2775-veri-ambari-35",,"1068"
"K2776","K2776-veri-ambari-36","proposed","""BANT 076""","K2776-veri-ambari-36",,"1068"
"K2777","K2777-veri-ambari-37","proposed","""BANT 076""","K2777-veri-ambari-37",,"1068"
"K2778","K2778-veri-ambari-38","proposed","""BANT 076""","K2778-veri-ambari-38",,"1068"
"K2779","K2779-veri-ambari-39","proposed","""BANT 076""","K2779-veri-ambari-39",,"1068"
"K2780","K2780-veri-ambari-40","proposed","""BANT 076""","K2780-veri-ambari-40",,"1068"
"K2781","K2781-veri-golu-01","proposed","""BANT 077""","K2781-veri-golu-01",,"1056"
"K2782","K2782-veri-golu-02","proposed","""BANT 077""","K2782-veri-golu-02",,"1056"
"K2783","K2783-veri-golu-03","proposed","""BANT 077""","K2783-veri-golu-03",,"1056"
"K2784","K2784-veri-golu-04","proposed","""BANT 077""","K2784-veri-golu-04",,"1056"
"K2785","K2785-veri-golu-05","proposed","""BANT 077""","K2785-veri-golu-05",,"1056"
"K2786","K2786-veri-golu-06","proposed","""BANT 077""","K2786-veri-golu-06",,"1056"
"K2787","K2787-veri-golu-07","proposed","""BANT 077""","K2787-veri-golu-07",,"1056"
"K2788","K2788-veri-golu-08","proposed","""BANT 077""","K2788-veri-golu-08",,"1056"
"K2789","K2789-veri-golu-09","proposed","""BANT 077""","K2789-veri-golu-09",,"1056"
"K2790","K2790-veri-golu-10","proposed","""BANT 077""","K2790-veri-golu-10",,"1058"
"K2791","K2791-veri-golu-11","proposed","""BANT 077""","K2791-veri-golu-11",,"1058"
"K2792","K2792-veri-golu-12","proposed","""BANT 077""","K2792-veri-golu-12",,"1058"
"K2793","K2793-veri-golu-13","proposed","""BANT 077""","K2793-veri-golu-13",,"1058"
"K2794","K2794-veri-golu-14","proposed","""BANT 077""","K2794-veri-golu-14",,"1058"
"K2795","K2795-veri-golu-15","proposed","""BANT 077""","K2795-veri-golu-15",,"1058"
"K2796","K2796-veri-golu-16","proposed","""BANT 077""","K2796-veri-golu-16",,"1058"
"K2797","K2797-veri-golu-17","proposed","""BANT 077""","K2797-veri-golu-17",,"1058"
"K2798","K2798-veri-golu-18","proposed","""BANT 077""","K2798-veri-golu-18",,"1058"
"K2799","K2799-veri-golu-19","proposed","""BANT 077""","K2799-veri-golu-19",,"1058"
"K2800","K2800-veri-golu-20","proposed","""BANT 077""","K2800-veri-golu-20",,"1058"
"K2801","K2801-veri-golu-21","proposed","""BANT 077""","K2801-veri-golu-21",,"1058"
"K2802","K2802-veri-golu-22","proposed","""BANT 077""","K2802-veri-golu-22",,"1058"
"K2803","K2803-veri-golu-23","proposed","""BANT 077""","K2803-veri-golu-23",,"1058"
"K2804","K2804-veri-golu-24","proposed","""BANT 077""","K2804-veri-golu-24",,"1058"
"K2805","K2805-veri-golu-25","proposed","""BANT 077""","K2805-veri-golu-25",,"1058"
"K2806","K2806-veri-golu-26","proposed","""BANT 077""","K2806-veri-golu-26",,"1058"
"K2807","K2807-veri-golu-27","proposed","""BANT 077""","K2807-veri-golu-27",,"1058"
"K2808","K2808-veri-golu-28","proposed","""BANT 077""","K2808-veri-golu-28",,"1058"
"K2809","K2809-veri-golu-29","proposed","""BANT 077""","K2809-veri-golu-29",,"1058"
"K2810","K2810-veri-golu-30","proposed","""BANT 077""","K2810-veri-golu-30",,"1058"
"K2811","K2811-veri-golu-31","proposed","""BANT 077""","K2811-veri-golu-31",,"1058"
"K2812","K2812-veri-golu-32","proposed","""BANT 077""","K2812-veri-golu-32",,"1058"
"K2813","K2813-veri-golu-33","proposed","""BANT 077""","K2813-veri-golu-33",,"1058"
"K2814","K2814-veri-golu-34","proposed","""BANT 077""","K2814-veri-golu-34",,"1058"
"K2815","K2815-veri-golu-35","proposed","""BANT 077""","K2815-veri-golu-35",,"1058"
"K2816","K2816-veri-golu-36","proposed","""BANT 077""","K2816-veri-golu-36",,"1058"
"K2817","K2817-veri-golu-37","proposed","""BANT 077""","K2817-veri-golu-37",,"1058"
"K2818","K2818-veri-golu-38","proposed","""BANT 077""","K2818-veri-golu-38",,"1058"
"K2819","K2819-veri-golu-39","proposed","""BANT 077""","K2819-veri-golu-39",,"1058"
"K2820","K2820-veri-golu-40","proposed","""BANT 077""","K2820-veri-golu-40",,"1058"
"K2821","K2821-tasarim-sistemi-01","proposed","""BANT 078""","K2821-tasarim-sistemi-01",,"1086"
"K2822","K2822-tasarim-sistemi-02","proposed","""BANT 078""","K2822-tasarim-sistemi-02",,"1086"
"K2823","K2823-tasarim-sistemi-03","proposed","""BANT 078""","K2823-tasarim-sistemi-03",,"1086"
"K2824","K2824-tasarim-sistemi-04","proposed","""BANT 078""","K2824-tasarim-sistemi-04",,"1086"
"K2825","K2825-tasarim-sistemi-05","proposed","""BANT 078""","K2825-tasarim-sistemi-05",,"1086"
"K2826","K2826-tasarim-sistemi-06","proposed","""BANT 078""","K2826-tasarim-sistemi-06",,"1086"
"K2827","K2827-tasarim-sistemi-07","proposed","""BANT 078""","K2827-tasarim-sistemi-07",,"1086"
"K2828","K2828-tasarim-sistemi-08","proposed","""BANT 078""","K2828-tasarim-sistemi-08",,"1086"
"K2829","K2829-tasarim-sistemi-09","proposed","""BANT 078""","K2829-tasarim-sistemi-09",,"1086"
"K2830","K2830-tasarim-sistemi-10","proposed","""BANT 078""","K2830-tasarim-sistemi-10",,"1088"
"K2831","K2831-tasarim-sistemi-11","proposed","""BANT 078""","K2831-tasarim-sistemi-11",,"1088"
"K2832","K2832-tasarim-sistemi-12","proposed","""BANT 078""","K2832-tasarim-sistemi-12",,"1088"
"K2833","K2833-tasarim-sistemi-13","proposed","""BANT 078""","K2833-tasarim-sistemi-13",,"1088"
"K2834","K2834-tasarim-sistemi-14","proposed","""BANT 078""","K2834-tasarim-sistemi-14",,"1088"
"K2835","K2835-tasarim-sistemi-15","proposed","""BANT 078""","K2835-tasarim-sistemi-15",,"1088"
"K2836","K2836-tasarim-sistemi-16","proposed","""BANT 078""","K2836-tasarim-sistemi-16",,"1088"
"K2837","K2837-tasarim-sistemi-17","proposed","""BANT 078""","K2837-tasarim-sistemi-17",,"1088"
"K2838","K2838-tasarim-sistemi-18","proposed","""BANT 078""","K2838-tasarim-sistemi-18",,"1088"
"K2839","K2839-tasarim-sistemi-19","proposed","""BANT 078""","K2839-tasarim-sistemi-19",,"1088"
"K2840","K2840-tasarim-sistemi-20","proposed","""BANT 078""","K2840-tasarim-sistemi-20",,"1088"
"K2841","K2841-tasarim-sistemi-21","proposed","""BANT 078""","K2841-tasarim-sistemi-21",,"1088"
"K2842","K2842-tasarim-sistemi-22","proposed","""BANT 078""","K2842-tasarim-sistemi-22",,"1088"
"K2843","K2843-tasarim-sistemi-23","proposed","""BANT 078""","K2843-tasarim-sistemi-23",,"1088"
"K2844","K2844-tasarim-sistemi-24","proposed","""BANT 078""","K2844-tasarim-sistemi-24",,"1088"
"K2845","K2845-tasarim-sistemi-25","proposed","""BANT 078""","K2845-tasarim-sistemi-25",,"1088"
"K2846","K2846-tasarim-sistemi-26","proposed","""BANT 078""","K2846-tasarim-sistemi-26",,"1088"
"K2847","K2847-tasarim-sistemi-27","proposed","""BANT 078""","K2847-tasarim-sistemi-27",,"1088"
"K2848","K2848-tasarim-sistemi-28","proposed","""BANT 078""","K2848-tasarim-sistemi-28",,"1088"
"K2849","K2849-tasarim-sistemi-29","proposed","""BANT 078""","K2849-tasarim-sistemi-29",,"1088"
"K2850","K2850-tasarim-sistemi-30","proposed","""BANT 078""","K2850-tasarim-sistemi-30",,"1088"
"K2851","K2851-tasarim-sistemi-31","proposed","""BANT 078""","K2851-tasarim-sistemi-31",,"1088"
"K2852","K2852-tasarim-sistemi-32","proposed","""BANT 078""","K2852-tasarim-sistemi-32",,"1088"
"K2853","K2853-tasarim-sistemi-33","proposed","""BANT 078""","K2853-tasarim-sistemi-33",,"1088"
"K2854","K2854-tasarim-sistemi-34","proposed","""BANT 078""","K2854-tasarim-sistemi-34",,"1088"
"K2855","K2855-tasarim-sistemi-35","proposed","""BANT 078""","K2855-tasarim-sistemi-35",,"1088"
"K2856","K2856-tasarim-sistemi-36","proposed","""BANT 078""","K2856-tasarim-sistemi-36",,"1088"
"K2857","K2857-tasarim-sistemi-37","proposed","""BANT 078""","K2857-tasarim-sistemi-37",,"1088"
"K2858","K2858-tasarim-sistemi-38","proposed","""BANT 078""","K2858-tasarim-sistemi-38",,"1088"
"K2859","K2859-tasarim-sistemi-39","proposed","""BANT 078""","K2859-tasarim-sistemi-39",,"1088"
"K2860","K2860-tasarim-sistemi-40","proposed","""BANT 078""","K2860-tasarim-sistemi-40",,"1088"
"K2861","K2861-hareket-01","proposed","""BANT 079""","K2861-hareket-01",,"1046"
"K2862","K2862-hareket-02","proposed","""BANT 079""","K2862-hareket-02",,"1046"
"K2863","K2863-hareket-03","proposed","""BANT 079""","K2863-hareket-03",,"1046"
"K2864","K2864-hareket-04","proposed","""BANT 079""","K2864-hareket-04",,"1046"
"K2865","K2865-hareket-05","proposed","""BANT 079""","K2865-hareket-05",,"1046"
"K2866","K2866-hareket-06","proposed","""BANT 079""","K2866-hareket-06",,"1046"
"K2867","K2867-hareket-07","proposed","""BANT 079""","K2867-hareket-07",,"1046"
"K2868","K2868-hareket-08","proposed","""BANT 079""","K2868-hareket-08",,"1046"
"K2869","K2869-hareket-09","proposed","""BANT 079""","K2869-hareket-09",,"1046"
"K2870","K2870-hareket-10","proposed","""BANT 079""","K2870-hareket-10",,"1048"
"K2871","K2871-hareket-11","proposed","""BANT 079""","K2871-hareket-11",,"1048"
"K2872","K2872-hareket-12","proposed","""BANT 079""","K2872-hareket-12",,"1048"
"K2873","K2873-hareket-13","proposed","""BANT 079""","K2873-hareket-13",,"1048"
"K2874","K2874-hareket-14","proposed","""BANT 079""","K2874-hareket-14",,"1048"
"K2875","K2875-hareket-15","proposed","""BANT 079""","K2875-hareket-15",,"1048"
"K2876","K2876-hareket-16","proposed","""BANT 079""","K2876-hareket-16",,"1048"
"K2877","K2877-hareket-17","proposed","""BANT 079""","K2877-hareket-17",,"1048"
"K2878","K2878-hareket-18","proposed","""BANT 079""","K2878-hareket-18",,"1048"
"K2879","K2879-hareket-19","proposed","""BANT 079""","K2879-hareket-19",,"1048"
"K2880","K2880-hareket-20","proposed","""BANT 079""","K2880-hareket-20",,"1048"
"K2881","K2881-hareket-21","proposed","""BANT 079""","K2881-hareket-21",,"1048"
"K2882","K2882-hareket-22","proposed","""BANT 079""","K2882-hareket-22",,"1048"
"K2883","K2883-hareket-23","proposed","""BANT 079""","K2883-hareket-23",,"1048"
"K2884","K2884-hareket-24","proposed","""BANT 079""","K2884-hareket-24",,"1048"
"K2885","K2885-hareket-25","proposed","""BANT 079""","K2885-hareket-25",,"1048"
"K2886","K2886-hareket-26","proposed","""BANT 079""","K2886-hareket-26",,"1048"
"K2887","K2887-hareket-27","proposed","""BANT 079""","K2887-hareket-27",,"1048"
"K2888","K2888-hareket-28","proposed","""BANT 079""","K2888-hareket-28",,"1048"
"K2889","K2889-hareket-29","proposed","""BANT 079""","K2889-hareket-29",,"1048"
"K2890","K2890-hareket-30","proposed","""BANT 079""","K2890-hareket-30",,"1048"
"K2891","K2891-hareket-31","proposed","""BANT 079""","K2891-hareket-31",,"1048"
"K2892","K2892-hareket-32","proposed","""BANT 079""","K2892-hareket-32",,"1048"
"K2893","K2893-hareket-33","proposed","""BANT 079""","K2893-hareket-33",,"1048"
"K2894","K2894-hareket-34","proposed","""BANT 079""","K2894-hareket-34",,"1048"
"K2895","K2895-hareket-35","proposed","""BANT 079""","K2895-hareket-35",,"1048"
"K2896","K2896-hareket-36","proposed","""BANT 079""","K2896-hareket-36",,"1048"
"K2897","K2897-hareket-37","proposed","""BANT 079""","K2897-hareket-37",,"1048"
"K2898","K2898-hareket-38","proposed","""BANT 079""","K2898-hareket-38",,"1048"
"K2899","K2899-hareket-39","proposed","""BANT 079""","K2899-hareket-39",,"1048"
"K2900","K2900-hareket-40","proposed","""BANT 079""","K2900-hareket-40",,"1048"
"K2901","K2901-erisilebilirlik-01","proposed","""BANT 080""","K2901-erisilebilirlik-01",,"1086"
"K2902","K2902-erisilebilirlik-02","proposed","""BANT 080""","K2902-erisilebilirlik-02",,"1086"
"K2903","K2903-erisilebilirlik-03","proposed","""BANT 080""","K2903-erisilebilirlik-03",,"1086"
"K2904","K2904-erisilebilirlik-04","proposed","""BANT 080""","K2904-erisilebilirlik-04",,"1086"
"K2905","K2905-erisilebilirlik-05","proposed","""BANT 080""","K2905-erisilebilirlik-05",,"1086"
"K2906","K2906-erisilebilirlik-06","proposed","""BANT 080""","K2906-erisilebilirlik-06",,"1086"
"K2907","K2907-erisilebilirlik-07","proposed","""BANT 080""","K2907-erisilebilirlik-07",,"1086"
"K2908","K2908-erisilebilirlik-08","proposed","""BANT 080""","K2908-erisilebilirlik-08",,"1086"
"K2909","K2909-erisilebilirlik-09","proposed","""BANT 080""","K2909-erisilebilirlik-09",,"1086"
"K2910","K2910-erisilebilirlik-10","proposed","""BANT 080""","K2910-erisilebilirlik-10",,"1088"
"K2911","K2911-erisilebilirlik-11","proposed","""BANT 080""","K2911-erisilebilirlik-11",,"1088"
"K2912","K2912-erisilebilirlik-12","proposed","""BANT 080""","K2912-erisilebilirlik-12",,"1088"
"K2913","K2913-erisilebilirlik-13","proposed","""BANT 080""","K2913-erisilebilirlik-13",,"1088"
"K2914","K2914-erisilebilirlik-14","proposed","""BANT 080""","K2914-erisilebilirlik-14",,"1088"
"K2915","K2915-erisilebilirlik-15","proposed","""BANT 080""","K2915-erisilebilirlik-15",,"1088"
"K2916","K2916-erisilebilirlik-16","proposed","""BANT 080""","K2916-erisilebilirlik-16",,"1088"
"K2917","K2917-erisilebilirlik-17","proposed","""BANT 080""","K2917-erisilebilirlik-17",,"1088"
"K2918","K2918-erisilebilirlik-18","proposed","""BANT 080""","K2918-erisilebilirlik-18",,"1088"
"K2919","K2919-erisilebilirlik-19","proposed","""BANT 080""","K2919-erisilebilirlik-19",,"1088"
"K2920","K2920-erisilebilirlik-20","proposed","""BANT 080""","K2920-erisilebilirlik-20",,"1088"
"K2921","K2921-erisilebilirlik-21","proposed","""BANT 080""","K2921-erisilebilirlik-21",,"1088"
"K2922","K2922-erisilebilirlik-22","proposed","""BANT 080""","K2922-erisilebilirlik-22",,"1088"
"K2923","K2923-erisilebilirlik-23","proposed","""BANT 080""","K2923-erisilebilirlik-23",,"1088"
"K2924","K2924-erisilebilirlik-24","proposed","""BANT 080""","K2924-erisilebilirlik-24",,"1088"
"K2925","K2925-erisilebilirlik-25","proposed","""BANT 080""","K2925-erisilebilirlik-25",,"1088"
"K2926","K2926-erisilebilirlik-26","proposed","""BANT 080""","K2926-erisilebilirlik-26",,"1088"
"K2927","K2927-erisilebilirlik-27","proposed","""BANT 080""","K2927-erisilebilirlik-27",,"1088"
"K2928","K2928-erisilebilirlik-28","proposed","""BANT 080""","K2928-erisilebilirlik-28",,"1088"
"K2929","K2929-erisilebilirlik-29","proposed","""BANT 080""","K2929-erisilebilirlik-29",,"1088"
"K2930","K2930-erisilebilirlik-30","proposed","""BANT 080""","K2930-erisilebilirlik-30",,"1088"
"K2931","K2931-erisilebilirlik-31","proposed","""BANT 080""","K2931-erisilebilirlik-31",,"1088"
"K2932","K2932-erisilebilirlik-32","proposed","""BANT 080""","K2932-erisilebilirlik-32",,"1088"
"K2933","K2933-erisilebilirlik-33","proposed","""BANT 080""","K2933-erisilebilirlik-33",,"1088"
"K2934","K2934-erisilebilirlik-34","proposed","""BANT 080""","K2934-erisilebilirlik-34",,"1088"
"K2935","K2935-erisilebilirlik-35","proposed","""BANT 080""","K2935-erisilebilirlik-35",,"1088"
"K2936","K2936-erisilebilirlik-36","proposed","""BANT 080""","K2936-erisilebilirlik-36",,"1088"
"K2937","K2937-erisilebilirlik-37","proposed","""BANT 080""","K2937-erisilebilirlik-37",,"1088"
"K2938","K2938-erisilebilirlik-38","proposed","""BANT 080""","K2938-erisilebilirlik-38",,"1088"
"K2939","K2939-erisilebilirlik-39","proposed","""BANT 080""","K2939-erisilebilirlik-39",,"1088"
"K2940","K2940-erisilebilirlik-40","proposed","""BANT 080""","K2940-erisilebilirlik-40",,"1088"
"K2941","K2941-kisisellestirilmis-arayuz-01","proposed","""BANT 081""","K2941-kisisellestirilmis-arayuz-01",,"1136"
"K2942","K2942-kisisellestirilmis-arayuz-02","proposed","""BANT 081""","K2942-kisisellestirilmis-arayuz-02",,"1136"
"K2943","K2943-kisisellestirilmis-arayuz-03","proposed","""BANT 081""","K2943-kisisellestirilmis-arayuz-03",,"1136"
"K2944","K2944-kisisellestirilmis-arayuz-04","proposed","""BANT 081""","K2944-kisisellestirilmis-arayuz-04",,"1136"
"K2945","K2945-kisisellestirilmis-arayuz-05","proposed","""BANT 081""","K2945-kisisellestirilmis-arayuz-05",,"1136"
"K2946","K2946-kisisellestirilmis-arayuz-06","proposed","""BANT 081""","K2946-kisisellestirilmis-arayuz-06",,"1136"
"K2947","K2947-kisisellestirilmis-arayuz-07","proposed","""BANT 081""","K2947-kisisellestirilmis-arayuz-07",,"1136"
"K2948","K2948-kisisellestirilmis-arayuz-08","proposed","""BANT 081""","K2948-kisisellestirilmis-arayuz-08",,"1136"
"K2949","K2949-kisisellestirilmis-arayuz-09","proposed","""BANT 081""","K2949-kisisellestirilmis-arayuz-09",,"1136"
"K2950","K2950-kisisellestirilmis-arayuz-10","proposed","""BANT 081""","K2950-kisisellestirilmis-arayuz-10",,"1138"
"K2951","K2951-kisisellestirilmis-arayuz-11","proposed","""BANT 081""","K2951-kisisellestirilmis-arayuz-11",,"1138"
"K2952","K2952-kisisellestirilmis-arayuz-12","proposed","""BANT 081""","K2952-kisisellestirilmis-arayuz-12",,"1138"
"K2953","K2953-kisisellestirilmis-arayuz-13","proposed","""BANT 081""","K2953-kisisellestirilmis-arayuz-13",,"1138"
"K2954","K2954-kisisellestirilmis-arayuz-14","proposed","""BANT 081""","K2954-kisisellestirilmis-arayuz-14",,"1138"
"K2955","K2955-kisisellestirilmis-arayuz-15","proposed","""BANT 081""","K2955-kisisellestirilmis-arayuz-15",,"1138"
"K2956","K2956-kisisellestirilmis-arayuz-16","proposed","""BANT 081""","K2956-kisisellestirilmis-arayuz-16",,"1138"
"K2957","K2957-kisisellestirilmis-arayuz-17","proposed","""BANT 081""","K2957-kisisellestirilmis-arayuz-17",,"1138"
"K2958","K2958-kisisellestirilmis-arayuz-18","proposed","""BANT 081""","K2958-kisisellestirilmis-arayuz-18",,"1138"
"K2959","K2959-kisisellestirilmis-arayuz-19","proposed","""BANT 081""","K2959-kisisellestirilmis-arayuz-19",,"1138"
"K2960","K2960-kisisellestirilmis-arayuz-20","proposed","""BANT 081""","K2960-kisisellestirilmis-arayuz-20",,"1138"
"K2961","K2961-kisisellestirilmis-arayuz-21","proposed","""BANT 081""","K2961-kisisellestirilmis-arayuz-21",,"1138"
"K2962","K2962-kisisellestirilmis-arayuz-22","proposed","""BANT 081""","K2962-kisisellestirilmis-arayuz-22",,"1138"
"K2963","K2963-kisisellestirilmis-arayuz-23","proposed","""BANT 081""","K2963-kisisellestirilmis-arayuz-23",,"1138"
"K2964","K2964-kisisellestirilmis-arayuz-24","proposed","""BANT 081""","K2964-kisisellestirilmis-arayuz-24",,"1138"
"K2965","K2965-kisisellestirilmis-arayuz-25","proposed","""BANT 081""","K2965-kisisellestirilmis-arayuz-25",,"1138"
"K2966","K2966-kisisellestirilmis-arayuz-26","proposed","""BANT 081""","K2966-kisisellestirilmis-arayuz-26",,"1138"
"K2967","K2967-kisisellestirilmis-arayuz-27","proposed","""BANT 081""","K2967-kisisellestirilmis-arayuz-27",,"1138"
"K2968","K2968-kisisellestirilmis-arayuz-28","proposed","""BANT 081""","K2968-kisisellestirilmis-arayuz-28",,"1138"
"K2969","K2969-kisisellestirilmis-arayuz-29","proposed","""BANT 081""","K2969-kisisellestirilmis-arayuz-29",,"1138"
"K2970","K2970-kisisellestirilmis-arayuz-30","proposed","""BANT 081""","K2970-kisisellestirilmis-arayuz-30",,"1138"
"K2971","K2971-kisisellestirilmis-arayuz-31","proposed","""BANT 081""","K2971-kisisellestirilmis-arayuz-31",,"1138"
"K2972","K2972-kisisellestirilmis-arayuz-32","proposed","""BANT 081""","K2972-kisisellestirilmis-arayuz-32",,"1138"
"K2973","K2973-kisisellestirilmis-arayuz-33","proposed","""BANT 081""","K2973-kisisellestirilmis-arayuz-33",,"1138"
"K2974","K2974-kisisellestirilmis-arayuz-34","proposed","""BANT 081""","K2974-kisisellestirilmis-arayuz-34",,"1138"
"K2975","K2975-kisisellestirilmis-arayuz-35","proposed","""BANT 081""","K2975-kisisellestirilmis-arayuz-35",,"1138"
"K2976","K2976-kisisellestirilmis-arayuz-36","proposed","""BANT 081""","K2976-kisisellestirilmis-arayuz-36",,"1138"
"K2977","K2977-kisisellestirilmis-arayuz-37","proposed","""BANT 081""","K2977-kisisellestirilmis-arayuz-37",,"1138"
"K2978","K2978-kisisellestirilmis-arayuz-38","proposed","""BANT 081""","K2978-kisisellestirilmis-arayuz-38",,"1138"
"K2979","K2979-kisisellestirilmis-arayuz-39","proposed","""BANT 081""","K2979-kisisellestirilmis-arayuz-39",,"1138"
"K2980","K2980-kisisellestirilmis-arayuz-40","proposed","""BANT 081""","K2980-kisisellestirilmis-arayuz-40",,"1138"
"K2981","K2981-ajan-orkestrasyonu-01","proposed","""BANT 082""","K2981-ajan-orkestrasyonu-01",,"1101"
"K2982","K2982-ajan-orkestrasyonu-02","proposed","""BANT 082""","K2982-ajan-orkestrasyonu-02",,"1101"
"K2983","K2983-ajan-orkestrasyonu-03","proposed","""BANT 082""","K2983-ajan-orkestrasyonu-03",,"1101"
"K2984","K2984-ajan-orkestrasyonu-04","proposed","""BANT 082""","K2984-ajan-orkestrasyonu-04",,"1101"
"K2985","K2985-ajan-orkestrasyonu-05","proposed","""BANT 082""","K2985-ajan-orkestrasyonu-05",,"1101"
"K2986","K2986-ajan-orkestrasyonu-06","proposed","""BANT 082""","K2986-ajan-orkestrasyonu-06",,"1101"
"K2987","K2987-ajan-orkestrasyonu-07","proposed","""BANT 082""","K2987-ajan-orkestrasyonu-07",,"1101"
"K2988","K2988-ajan-orkestrasyonu-08","proposed","""BANT 082""","K2988-ajan-orkestrasyonu-08",,"1101"
"K2989","K2989-ajan-orkestrasyonu-09","proposed","""BANT 082""","K2989-ajan-orkestrasyonu-09",,"1101"
"K2990","K2990-ajan-orkestrasyonu-10","proposed","""BANT 082""","K2990-ajan-orkestrasyonu-10",,"1103"
"K2991","K2991-ajan-orkestrasyonu-11","proposed","""BANT 082""","K2991-ajan-orkestrasyonu-11",,"1103"
"K2992","K2992-ajan-orkestrasyonu-12","proposed","""BANT 082""","K2992-ajan-orkestrasyonu-12",,"1103"
"K2993","K2993-ajan-orkestrasyonu-13","proposed","""BANT 082""","K2993-ajan-orkestrasyonu-13",,"1103"
"K2994","K2994-ajan-orkestrasyonu-14","proposed","""BANT 082""","K2994-ajan-orkestrasyonu-14",,"1103"
"K2995","K2995-ajan-orkestrasyonu-15","proposed","""BANT 082""","K2995-ajan-orkestrasyonu-15",,"1103"
"K2996","K2996-ajan-orkestrasyonu-16","proposed","""BANT 082""","K2996-ajan-orkestrasyonu-16",,"1103"
"K2997","K2997-ajan-orkestrasyonu-17","proposed","""BANT 082""","K2997-ajan-orkestrasyonu-17",,"1103"
"K2998","K2998-ajan-orkestrasyonu-18","proposed","""BANT 082""","K2998-ajan-orkestrasyonu-18",,"1103"
"K2999","K2999-ajan-orkestrasyonu-19","proposed","""BANT 082""","K2999-ajan-orkestrasyonu-19",,"1103"
"K3000","K3000-ajan-orkestrasyonu-20","proposed","""BANT 082""","K3000-ajan-orkestrasyonu-20",,"1103"
"K3001","K3001-ajan-orkestrasyonu-21","proposed","""BANT 082""","K3001-ajan-orkestrasyonu-21",,"1103"
"K3002","K3002-ajan-orkestrasyonu-22","proposed","""BANT 082""","K3002-ajan-orkestrasyonu-22",,"1103"
"K3003","K3003-ajan-orkestrasyonu-23","proposed","""BANT 082""","K3003-ajan-orkestrasyonu-23",,"1103"
"K3004","K3004-ajan-orkestrasyonu-24","proposed","""BANT 082""","K3004-ajan-orkestrasyonu-24",,"1103"
"K3005","K3005-ajan-orkestrasyonu-25","proposed","""BANT 082""","K3005-ajan-orkestrasyonu-25",,"1103"
"K3006","K3006-ajan-orkestrasyonu-26","proposed","""BANT 082""","K3006-ajan-orkestrasyonu-26",,"1103"
"K3007","K3007-ajan-orkestrasyonu-27","proposed","""BANT 082""","K3007-ajan-orkestrasyonu-27",,"1103"
"K3008","K3008-ajan-orkestrasyonu-28","proposed","""BANT 082""","K3008-ajan-orkestrasyonu-28",,"1103"
"K3009","K3009-ajan-orkestrasyonu-29","proposed","""BANT 082""","K3009-ajan-orkestrasyonu-29",,"1103"
"K3010","K3010-ajan-orkestrasyonu-30","proposed","""BANT 082""","K3010-ajan-orkestrasyonu-30",,"1103"
"K3011","K3011-ajan-orkestrasyonu-31","proposed","""BANT 082""","K3011-ajan-orkestrasyonu-31",,"1103"
"K3012","K3012-ajan-orkestrasyonu-32","proposed","""BANT 082""","K3012-ajan-orkestrasyonu-32",,"1103"
"K3013","K3013-ajan-orkestrasyonu-33","proposed","""BANT 082""","K3013-ajan-orkestrasyonu-33",,"1103"
"K3014","K3014-ajan-orkestrasyonu-34","proposed","""BANT 082""","K3014-ajan-orkestrasyonu-34",,"1103"
"K3015","K3015-ajan-orkestrasyonu-35","proposed","""BANT 082""","K3015-ajan-orkestrasyonu-35",,"1103"
"K3016","K3016-ajan-orkestrasyonu-36","proposed","""BANT 082""","K3016-ajan-orkestrasyonu-36",,"1103"
"K3017","K3017-ajan-orkestrasyonu-37","proposed","""BANT 082""","K3017-ajan-orkestrasyonu-37",,"1103"
"K3018","K3018-ajan-orkestrasyonu-38","proposed","""BANT 082""","K3018-ajan-orkestrasyonu-38",,"1103"
"K3019","K3019-ajan-orkestrasyonu-39","proposed","""BANT 082""","K3019-ajan-orkestrasyonu-39",,"1103"
"K3020","K3020-ajan-orkestrasyonu-40","proposed","""BANT 082""","K3020-ajan-orkestrasyonu-40",,"1103"
"K3021","K3021-ajan-araclari-01","proposed","""BANT 083""","K3021-ajan-araclari-01",,"1076"
"K3022","K3022-ajan-araclari-02","proposed","""BANT 083""","K3022-ajan-araclari-02",,"1076"
"K3023","K3023-ajan-araclari-03","proposed","""BANT 083""","K3023-ajan-araclari-03",,"1076"
"K3024","K3024-ajan-araclari-04","proposed","""BANT 083""","K3024-ajan-araclari-04",,"1076"
"K3025","K3025-ajan-araclari-05","proposed","""BANT 083""","K3025-ajan-araclari-05",,"1076"
"K3026","K3026-ajan-araclari-06","proposed","""BANT 083""","K3026-ajan-araclari-06",,"1076"
"K3027","K3027-ajan-araclari-07","proposed","""BANT 083""","K3027-ajan-araclari-07",,"1076"
"K3028","K3028-ajan-araclari-08","proposed","""BANT 083""","K3028-ajan-araclari-08",,"1076"
"K3029","K3029-ajan-araclari-09","proposed","""BANT 083""","K3029-ajan-araclari-09",,"1076"
"K3030","K3030-ajan-araclari-10","proposed","""BANT 083""","K3030-ajan-araclari-10",,"1078"
"K3031","K3031-ajan-araclari-11","proposed","""BANT 083""","K3031-ajan-araclari-11",,"1078"
"K3032","K3032-ajan-araclari-12","proposed","""BANT 083""","K3032-ajan-araclari-12",,"1078"
"K3033","K3033-ajan-araclari-13","proposed","""BANT 083""","K3033-ajan-araclari-13",,"1078"
"K3034","K3034-ajan-araclari-14","proposed","""BANT 083""","K3034-ajan-araclari-14",,"1078"
"K3035","K3035-ajan-araclari-15","proposed","""BANT 083""","K3035-ajan-araclari-15",,"1078"
"K3036","K3036-ajan-araclari-16","proposed","""BANT 083""","K3036-ajan-araclari-16",,"1078"
"K3037","K3037-ajan-araclari-17","proposed","""BANT 083""","K3037-ajan-araclari-17",,"1078"
"K3038","K3038-ajan-araclari-18","proposed","""BANT 083""","K3038-ajan-araclari-18",,"1078"
"K3039","K3039-ajan-araclari-19","proposed","""BANT 083""","K3039-ajan-araclari-19",,"1078"
"K3040","K3040-ajan-araclari-20","proposed","""BANT 083""","K3040-ajan-araclari-20",,"1078"
"K3041","K3041-ajan-araclari-21","proposed","""BANT 083""","K3041-ajan-araclari-21",,"1078"
"K3042","K3042-ajan-araclari-22","proposed","""BANT 083""","K3042-ajan-araclari-22",,"1078"
"K3043","K3043-ajan-araclari-23","proposed","""BANT 083""","K3043-ajan-araclari-23",,"1078"
"K3044","K3044-ajan-araclari-24","proposed","""BANT 083""","K3044-ajan-araclari-24",,"1078"
"K3045","K3045-ajan-araclari-25","proposed","""BANT 083""","K3045-ajan-araclari-25",,"1078"
"K3046","K3046-ajan-araclari-26","proposed","""BANT 083""","K3046-ajan-araclari-26",,"1078"
"K3047","K3047-ajan-araclari-27","proposed","""BANT 083""","K3047-ajan-araclari-27",,"1078"
"K3048","K3048-ajan-araclari-28","proposed","""BANT 083""","K3048-ajan-araclari-28",,"1078"
"K3049","K3049-ajan-araclari-29","proposed","""BANT 083""","K3049-ajan-araclari-29",,"1078"
"K3050","K3050-ajan-araclari-30","proposed","""BANT 083""","K3050-ajan-araclari-30",,"1078"
"K3051","K3051-ajan-araclari-31","proposed","""BANT 083""","K3051-ajan-araclari-31",,"1078"
"K3052","K3052-ajan-araclari-32","proposed","""BANT 083""","K3052-ajan-araclari-32",,"1078"
"K3053","K3053-ajan-araclari-33","proposed","""BANT 083""","K3053-ajan-araclari-33",,"1078"
"K3054","K3054-ajan-araclari-34","proposed","""BANT 083""","K3054-ajan-araclari-34",,"1078"
"K3055","K3055-ajan-araclari-35","proposed","""BANT 083""","K3055-ajan-araclari-35",,"1078"
"K3056","K3056-ajan-araclari-36","proposed","""BANT 083""","K3056-ajan-araclari-36",,"1078"
"K3057","K3057-ajan-araclari-37","proposed","""BANT 083""","K3057-ajan-araclari-37",,"1078"
"K3058","K3058-ajan-araclari-38","proposed","""BANT 083""","K3058-ajan-araclari-38",,"1078"
"K3059","K3059-ajan-araclari-39","proposed","""BANT 083""","K3059-ajan-araclari-39",,"1078"
"K3060","K3060-ajan-araclari-40","proposed","""BANT 083""","K3060-ajan-araclari-40",,"1078"
"K3061","K3061-ajan-hafizasi-01","proposed","""BANT 084""","K3061-ajan-hafizasi-01",,"1076"
"K3062","K3062-ajan-hafizasi-02","proposed","""BANT 084""","K3062-ajan-hafizasi-02",,"1076"
"K3063","K3063-ajan-hafizasi-03","proposed","""BANT 084""","K3063-ajan-hafizasi-03",,"1076"
"K3064","K3064-ajan-hafizasi-04","proposed","""BANT 084""","K3064-ajan-hafizasi-04",,"1076"
"K3065","K3065-ajan-hafizasi-05","proposed","""BANT 084""","K3065-ajan-hafizasi-05",,"1076"
"K3066","K3066-ajan-hafizasi-06","proposed","""BANT 084""","K3066-ajan-hafizasi-06",,"1076"
"K3067","K3067-ajan-hafizasi-07","proposed","""BANT 084""","K3067-ajan-hafizasi-07",,"1076"
"K3068","K3068-ajan-hafizasi-08","proposed","""BANT 084""","K3068-ajan-hafizasi-08",,"1076"
"K3069","K3069-ajan-hafizasi-09","proposed","""BANT 084""","K3069-ajan-hafizasi-09",,"1076"
"K3070","K3070-ajan-hafizasi-10","proposed","""BANT 084""","K3070-ajan-hafizasi-10",,"1078"
"K3071","K3071-ajan-hafizasi-11","proposed","""BANT 084""","K3071-ajan-hafizasi-11",,"1078"
"K3072","K3072-ajan-hafizasi-12","proposed","""BANT 084""","K3072-ajan-hafizasi-12",,"1078"
"K3073","K3073-ajan-hafizasi-13","proposed","""BANT 084""","K3073-ajan-hafizasi-13",,"1078"
"K3074","K3074-ajan-hafizasi-14","proposed","""BANT 084""","K3074-ajan-hafizasi-14",,"1078"
"K3075","K3075-ajan-hafizasi-15","proposed","""BANT 084""","K3075-ajan-hafizasi-15",,"1078"
"K3076","K3076-ajan-hafizasi-16","proposed","""BANT 084""","K3076-ajan-hafizasi-16",,"1078"
"K3077","K3077-ajan-hafizasi-17","proposed","""BANT 084""","K3077-ajan-hafizasi-17",,"1078"
"K3078","K3078-ajan-hafizasi-18","proposed","""BANT 084""","K3078-ajan-hafizasi-18",,"1078"
"K3079","K3079-ajan-hafizasi-19","proposed","""BANT 084""","K3079-ajan-hafizasi-19",,"1078"
"K3080","K3080-ajan-hafizasi-20","proposed","""BANT 084""","K3080-ajan-hafizasi-20",,"1078"
"K3081","K3081-ajan-hafizasi-21","proposed","""BANT 084""","K3081-ajan-hafizasi-21",,"1078"
"K3082","K3082-ajan-hafizasi-22","proposed","""BANT 084""","K3082-ajan-hafizasi-22",,"1078"
"K3083","K3083-ajan-hafizasi-23","proposed","""BANT 084""","K3083-ajan-hafizasi-23",,"1078"
"K3084","K3084-ajan-hafizasi-24","proposed","""BANT 084""","K3084-ajan-hafizasi-24",,"1078"
"K3085","K3085-ajan-hafizasi-25","proposed","""BANT 084""","K3085-ajan-hafizasi-25",,"1078"
"K3086","K3086-ajan-hafizasi-26","proposed","""BANT 084""","K3086-ajan-hafizasi-26",,"1078"
"K3087","K3087-ajan-hafizasi-27","proposed","""BANT 084""","K3087-ajan-hafizasi-27",,"1078"
"K3088","K3088-ajan-hafizasi-28","proposed","""BANT 084""","K3088-ajan-hafizasi-28",,"1078"
"K3089","K3089-ajan-hafizasi-29","proposed","""BANT 084""","K3089-ajan-hafizasi-29",,"1078"
"K3090","K3090-ajan-hafizasi-30","proposed","""BANT 084""","K3090-ajan-hafizasi-30",,"1078"
"K3091","K3091-ajan-hafizasi-31","proposed","""BANT 084""","K3091-ajan-hafizasi-31",,"1078"
"K3092","K3092-ajan-hafizasi-32","proposed","""BANT 084""","K3092-ajan-hafizasi-32",,"1078"
"K3093","K3093-ajan-hafizasi-33","proposed","""BANT 084""","K3093-ajan-hafizasi-33",,"1078"
"K3094","K3094-ajan-hafizasi-34","proposed","""BANT 084""","K3094-ajan-hafizasi-34",,"1078"
"K3095","K3095-ajan-hafizasi-35","proposed","""BANT 084""","K3095-ajan-hafizasi-35",,"1078"
"K3096","K3096-ajan-hafizasi-36","proposed","""BANT 084""","K3096-ajan-hafizasi-36",,"1078"
"K3097","K3097-ajan-hafizasi-37","proposed","""BANT 084""","K3097-ajan-hafizasi-37",,"1078"
"K3098","K3098-ajan-hafizasi-38","proposed","""BANT 084""","K3098-ajan-hafizasi-38",,"1078"
"K3099","K3099-ajan-hafizasi-39","proposed","""BANT 084""","K3099-ajan-hafizasi-39",,"1078"
"K3100","K3100-ajan-hafizasi-40","proposed","""BANT 084""","K3100-ajan-hafizasi-40",,"1078"
"K3101","K3101-cok-ajan-01","proposed","""BANT 085""","K3101-cok-ajan-01",,"1051"
"K3102","K3102-cok-ajan-02","proposed","""BANT 085""","K3102-cok-ajan-02",,"1051"
"K3103","K3103-cok-ajan-03","proposed","""BANT 085""","K3103-cok-ajan-03",,"1051"
"K3104","K3104-cok-ajan-04","proposed","""BANT 085""","K3104-cok-ajan-04",,"1051"
"K3105","K3105-cok-ajan-05","proposed","""BANT 085""","K3105-cok-ajan-05",,"1051"
"K3106","K3106-cok-ajan-06","proposed","""BANT 085""","K3106-cok-ajan-06",,"1051"
"K3107","K3107-cok-ajan-07","proposed","""BANT 085""","K3107-cok-ajan-07",,"1051"
"K3108","K3108-cok-ajan-08","proposed","""BANT 085""","K3108-cok-ajan-08",,"1051"
"K3109","K3109-cok-ajan-09","proposed","""BANT 085""","K3109-cok-ajan-09",,"1051"
"K3110","K3110-cok-ajan-10","proposed","""BANT 085""","K3110-cok-ajan-10",,"1053"
"K3111","K3111-cok-ajan-11","proposed","""BANT 085""","K3111-cok-ajan-11",,"1053"
"K3112","K3112-cok-ajan-12","proposed","""BANT 085""","K3112-cok-ajan-12",,"1053"
"K3113","K3113-cok-ajan-13","proposed","""BANT 085""","K3113-cok-ajan-13",,"1053"
"K3114","K3114-cok-ajan-14","proposed","""BANT 085""","K3114-cok-ajan-14",,"1053"
"K3115","K3115-cok-ajan-15","proposed","""BANT 085""","K3115-cok-ajan-15",,"1053"
"K3116","K3116-cok-ajan-16","proposed","""BANT 085""","K3116-cok-ajan-16",,"1053"
"K3117","K3117-cok-ajan-17","proposed","""BANT 085""","K3117-cok-ajan-17",,"1053"
"K3118","K3118-cok-ajan-18","proposed","""BANT 085""","K3118-cok-ajan-18",,"1053"
"K3119","K3119-cok-ajan-19","proposed","""BANT 085""","K3119-cok-ajan-19",,"1053"
"K3120","K3120-cok-ajan-20","proposed","""BANT 085""","K3120-cok-ajan-20",,"1053"
"K3121","K3121-cok-ajan-21","proposed","""BANT 085""","K3121-cok-ajan-21",,"1053"
"K3122","K3122-cok-ajan-22","proposed","""BANT 085""","K3122-cok-ajan-22",,"1053"
"K3123","K3123-cok-ajan-23","proposed","""BANT 085""","K3123-cok-ajan-23",,"1053"
"K3124","K3124-cok-ajan-24","proposed","""BANT 085""","K3124-cok-ajan-24",,"1053"
"K3125","K3125-cok-ajan-25","proposed","""BANT 085""","K3125-cok-ajan-25",,"1053"
"K3126","K3126-cok-ajan-26","proposed","""BANT 085""","K3126-cok-ajan-26",,"1053"
"K3127","K3127-cok-ajan-27","proposed","""BANT 085""","K3127-cok-ajan-27",,"1053"
"K3128","K3128-cok-ajan-28","proposed","""BANT 085""","K3128-cok-ajan-28",,"1053"
"K3129","K3129-cok-ajan-29","proposed","""BANT 085""","K3129-cok-ajan-29",,"1053"
"K3130","K3130-cok-ajan-30","proposed","""BANT 085""","K3130-cok-ajan-30",,"1053"
"K3131","K3131-cok-ajan-31","proposed","""BANT 085""","K3131-cok-ajan-31",,"1053"
"K3132","K3132-cok-ajan-32","proposed","""BANT 085""","K3132-cok-ajan-32",,"1053"
"K3133","K3133-cok-ajan-33","proposed","""BANT 085""","K3133-cok-ajan-33",,"1053"
"K3134","K3134-cok-ajan-34","proposed","""BANT 085""","K3134-cok-ajan-34",,"1053"
"K3135","K3135-cok-ajan-35","proposed","""BANT 085""","K3135-cok-ajan-35",,"1053"
"K3136","K3136-cok-ajan-36","proposed","""BANT 085""","K3136-cok-ajan-36",,"1053"
"K3137","K3137-cok-ajan-37","proposed","""BANT 085""","K3137-cok-ajan-37",,"1053"
"K3138","K3138-cok-ajan-38","proposed","""BANT 085""","K3138-cok-ajan-38",,"1053"
"K3139","K3139-cok-ajan-39","proposed","""BANT 085""","K3139-cok-ajan-39",,"1053"
"K3140","K3140-cok-ajan-40","proposed","""BANT 085""","K3140-cok-ajan-40",,"1053"
"K3141","K3141-oda-akustigi-sim-01","proposed","""BANT 086""","K3141-oda-akustigi-sim-01",,"1091"
"K3142","K3142-oda-akustigi-sim-02","proposed","""BANT 086""","K3142-oda-akustigi-sim-02",,"1091"
"K3143","K3143-oda-akustigi-sim-03","proposed","""BANT 086""","K3143-oda-akustigi-sim-03",,"1091"
"K3144","K3144-oda-akustigi-sim-04","proposed","""BANT 086""","K3144-oda-akustigi-sim-04",,"1091"
"K3145","K3145-oda-akustigi-sim-05","proposed","""BANT 086""","K3145-oda-akustigi-sim-05",,"1091"
"K3146","K3146-oda-akustigi-sim-06","proposed","""BANT 086""","K3146-oda-akustigi-sim-06",,"1091"
"K3147","K3147-oda-akustigi-sim-07","proposed","""BANT 086""","K3147-oda-akustigi-sim-07",,"1091"
"K3148","K3148-oda-akustigi-sim-08","proposed","""BANT 086""","K3148-oda-akustigi-sim-08",,"1091"
"K3149","K3149-oda-akustigi-sim-09","proposed","""BANT 086""","K3149-oda-akustigi-sim-09",,"1091"
"K3150","K3150-oda-akustigi-sim-10","proposed","""BANT 086""","K3150-oda-akustigi-sim-10",,"1093"
"K3151","K3151-oda-akustigi-sim-11","proposed","""BANT 086""","K3151-oda-akustigi-sim-11",,"1093"
"K3152","K3152-oda-akustigi-sim-12","proposed","""BANT 086""","K3152-oda-akustigi-sim-12",,"1093"
"K3153","K3153-oda-akustigi-sim-13","proposed","""BANT 086""","K3153-oda-akustigi-sim-13",,"1093"
"K3154","K3154-oda-akustigi-sim-14","proposed","""BANT 086""","K3154-oda-akustigi-sim-14",,"1093"
"K3155","K3155-oda-akustigi-sim-15","proposed","""BANT 086""","K3155-oda-akustigi-sim-15",,"1093"
"K3156","K3156-oda-akustigi-sim-16","proposed","""BANT 086""","K3156-oda-akustigi-sim-16",,"1093"
"K3157","K3157-oda-akustigi-sim-17","proposed","""BANT 086""","K3157-oda-akustigi-sim-17",,"1093"
"K3158","K3158-oda-akustigi-sim-18","proposed","""BANT 086""","K3158-oda-akustigi-sim-18",,"1093"
"K3159","K3159-oda-akustigi-sim-19","proposed","""BANT 086""","K3159-oda-akustigi-sim-19",,"1093"
"K3160","K3160-oda-akustigi-sim-20","proposed","""BANT 086""","K3160-oda-akustigi-sim-20",,"1093"
"K3161","K3161-oda-akustigi-sim-21","proposed","""BANT 086""","K3161-oda-akustigi-sim-21",,"1093"
"K3162","K3162-oda-akustigi-sim-22","proposed","""BANT 086""","K3162-oda-akustigi-sim-22",,"1093"
"K3163","K3163-oda-akustigi-sim-23","proposed","""BANT 086""","K3163-oda-akustigi-sim-23",,"1093"
"K3164","K3164-oda-akustigi-sim-24","proposed","""BANT 086""","K3164-oda-akustigi-sim-24",,"1093"
"K3165","K3165-oda-akustigi-sim-25","proposed","""BANT 086""","K3165-oda-akustigi-sim-25",,"1093"
"K3166","K3166-oda-akustigi-sim-26","proposed","""BANT 086""","K3166-oda-akustigi-sim-26",,"1093"
"K3167","K3167-oda-akustigi-sim-27","proposed","""BANT 086""","K3167-oda-akustigi-sim-27",,"1093"
"K3168","K3168-oda-akustigi-sim-28","proposed","""BANT 086""","K3168-oda-akustigi-sim-28",,"1093"
"K3169","K3169-oda-akustigi-sim-29","proposed","""BANT 086""","K3169-oda-akustigi-sim-29",,"1093"
"K3170","K3170-oda-akustigi-sim-30","proposed","""BANT 086""","K3170-oda-akustigi-sim-30",,"1093"
"K3171","K3171-oda-akustigi-sim-31","proposed","""BANT 086""","K3171-oda-akustigi-sim-31",,"1093"
"K3172","K3172-oda-akustigi-sim-32","proposed","""BANT 086""","K3172-oda-akustigi-sim-32",,"1093"
"K3173","K3173-oda-akustigi-sim-33","proposed","""BANT 086""","K3173-oda-akustigi-sim-33",,"1093"
"K3174","K3174-oda-akustigi-sim-34","proposed","""BANT 086""","K3174-oda-akustigi-sim-34",,"1093"
"K3175","K3175-oda-akustigi-sim-35","proposed","""BANT 086""","K3175-oda-akustigi-sim-35",,"1093"
"K3176","K3176-oda-akustigi-sim-36","proposed","""BANT 086""","K3176-oda-akustigi-sim-36",,"1093"
"K3177","K3177-oda-akustigi-sim-37","proposed","""BANT 086""","K3177-oda-akustigi-sim-37",,"1093"
"K3178","K3178-oda-akustigi-sim-38","proposed","""BANT 086""","K3178-oda-akustigi-sim-38",,"1093"
"K3179","K3179-oda-akustigi-sim-39","proposed","""BANT 086""","K3179-oda-akustigi-sim-39",,"1093"
"K3180","K3180-oda-akustigi-sim-40","proposed","""BANT 086""","K3180-oda-akustigi-sim-40",,"1093"
"K3181","K3181-hoparlor-sim-01","proposed","""BANT 087""","K3181-hoparlor-sim-01",,"1071"
"K3182","K3182-hoparlor-sim-02","proposed","""BANT 087""","K3182-hoparlor-sim-02",,"1071"
"K3183","K3183-hoparlor-sim-03","proposed","""BANT 087""","K3183-hoparlor-sim-03",,"1071"
"K3184","K3184-hoparlor-sim-04","proposed","""BANT 087""","K3184-hoparlor-sim-04",,"1071"
"K3185","K3185-hoparlor-sim-05","proposed","""BANT 087""","K3185-hoparlor-sim-05",,"1071"
"K3186","K3186-hoparlor-sim-06","proposed","""BANT 087""","K3186-hoparlor-sim-06",,"1071"
"K3187","K3187-hoparlor-sim-07","proposed","""BANT 087""","K3187-hoparlor-sim-07",,"1071"
"K3188","K3188-hoparlor-sim-08","proposed","""BANT 087""","K3188-hoparlor-sim-08",,"1071"
"K3189","K3189-hoparlor-sim-09","proposed","""BANT 087""","K3189-hoparlor-sim-09",,"1071"
"K3190","K3190-hoparlor-sim-10","proposed","""BANT 087""","K3190-hoparlor-sim-10",,"1073"
"K3191","K3191-hoparlor-sim-11","proposed","""BANT 087""","K3191-hoparlor-sim-11",,"1073"
"K3192","K3192-hoparlor-sim-12","proposed","""BANT 087""","K3192-hoparlor-sim-12",,"1073"
"K3193","K3193-hoparlor-sim-13","proposed","""BANT 087""","K3193-hoparlor-sim-13",,"1073"
"K3194","K3194-hoparlor-sim-14","proposed","""BANT 087""","K3194-hoparlor-sim-14",,"1073"
"K3195","K3195-hoparlor-sim-15","proposed","""BANT 087""","K3195-hoparlor-sim-15",,"1073"
"K3196","K3196-hoparlor-sim-16","proposed","""BANT 087""","K3196-hoparlor-sim-16",,"1073"
"K3197","K3197-hoparlor-sim-17","proposed","""BANT 087""","K3197-hoparlor-sim-17",,"1073"
"K3198","K3198-hoparlor-sim-18","proposed","""BANT 087""","K3198-hoparlor-sim-18",,"1073"
"K3199","K3199-hoparlor-sim-19","proposed","""BANT 087""","K3199-hoparlor-sim-19",,"1073"
"K3200","K3200-hoparlor-sim-20","proposed","""BANT 087""","K3200-hoparlor-sim-20",,"1073"
"K3201","K3201-hoparlor-sim-21","proposed","""BANT 087""","K3201-hoparlor-sim-21",,"1073"
"K3202","K3202-hoparlor-sim-22","proposed","""BANT 087""","K3202-hoparlor-sim-22",,"1073"
"K3203","K3203-hoparlor-sim-23","proposed","""BANT 087""","K3203-hoparlor-sim-23",,"1073"
"K3204","K3204-hoparlor-sim-24","proposed","""BANT 087""","K3204-hoparlor-sim-24",,"1073"
"K3205","K3205-hoparlor-sim-25","proposed","""BANT 087""","K3205-hoparlor-sim-25",,"1073"
"K3206","K3206-hoparlor-sim-26","proposed","""BANT 087""","K3206-hoparlor-sim-26",,"1073"
"K3207","K3207-hoparlor-sim-27","proposed","""BANT 087""","K3207-hoparlor-sim-27",,"1073"
"K3208","K3208-hoparlor-sim-28","proposed","""BANT 087""","K3208-hoparlor-sim-28",,"1073"
"K3209","K3209-hoparlor-sim-29","proposed","""BANT 087""","K3209-hoparlor-sim-29",,"1073"
"K3210","K3210-hoparlor-sim-30","proposed","""BANT 087""","K3210-hoparlor-sim-30",,"1073"
"K3211","K3211-hoparlor-sim-31","proposed","""BANT 087""","K3211-hoparlor-sim-31",,"1073"
"K3212","K3212-hoparlor-sim-32","proposed","""BANT 087""","K3212-hoparlor-sim-32",,"1073"
"K3213","K3213-hoparlor-sim-33","proposed","""BANT 087""","K3213-hoparlor-sim-33",,"1073"
"K3214","K3214-hoparlor-sim-34","proposed","""BANT 087""","K3214-hoparlor-sim-34",,"1073"
"K3215","K3215-hoparlor-sim-35","proposed","""BANT 087""","K3215-hoparlor-sim-35",,"1073"
"K3216","K3216-hoparlor-sim-36","proposed","""BANT 087""","K3216-hoparlor-sim-36",,"1073"
"K3217","K3217-hoparlor-sim-37","proposed","""BANT 087""","K3217-hoparlor-sim-37",,"1073"
"K3218","K3218-hoparlor-sim-38","proposed","""BANT 087""","K3218-hoparlor-sim-38",,"1073"
"K3219","K3219-hoparlor-sim-39","proposed","""BANT 087""","K3219-hoparlor-sim-39",,"1073"
"K3220","K3220-hoparlor-sim-40","proposed","""BANT 087""","K3220-hoparlor-sim-40",,"1073"
"K3221","K3221-guc-sim-01","proposed","""BANT 088""","K3221-guc-sim-01",,"1046"
"K3222","K3222-guc-sim-02","proposed","""BANT 088""","K3222-guc-sim-02",,"1046"
"K3223","K3223-guc-sim-03","proposed","""BANT 088""","K3223-guc-sim-03",,"1046"
"K3224","K3224-guc-sim-04","proposed","""BANT 088""","K3224-guc-sim-04",,"1046"
"K3225","K3225-guc-sim-05","proposed","""BANT 088""","K3225-guc-sim-05",,"1046"
"K3226","K3226-guc-sim-06","proposed","""BANT 088""","K3226-guc-sim-06",,"1046"
"K3227","K3227-guc-sim-07","proposed","""BANT 088""","K3227-guc-sim-07",,"1046"
"K3228","K3228-guc-sim-08","proposed","""BANT 088""","K3228-guc-sim-08",,"1046"
"K3229","K3229-guc-sim-09","proposed","""BANT 088""","K3229-guc-sim-09",,"1046"
"K3230","K3230-guc-sim-10","proposed","""BANT 088""","K3230-guc-sim-10",,"1048"
"K3231","K3231-guc-sim-11","proposed","""BANT 088""","K3231-guc-sim-11",,"1048"
"K3232","K3232-guc-sim-12","proposed","""BANT 088""","K3232-guc-sim-12",,"1048"
"K3233","K3233-guc-sim-13","proposed","""BANT 088""","K3233-guc-sim-13",,"1048"
"K3234","K3234-guc-sim-14","proposed","""BANT 088""","K3234-guc-sim-14",,"1048"
"K3235","K3235-guc-sim-15","proposed","""BANT 088""","K3235-guc-sim-15",,"1048"
"K3236","K3236-guc-sim-16","proposed","""BANT 088""","K3236-guc-sim-16",,"1048"
"K3237","K3237-guc-sim-17","proposed","""BANT 088""","K3237-guc-sim-17",,"1048"
"K3238","K3238-guc-sim-18","proposed","""BANT 088""","K3238-guc-sim-18",,"1048"
"K3239","K3239-guc-sim-19","proposed","""BANT 088""","K3239-guc-sim-19",,"1048"
"K3240","K3240-guc-sim-20","proposed","""BANT 088""","K3240-guc-sim-20",,"1048"
"K3241","K3241-guc-sim-21","proposed","""BANT 088""","K3241-guc-sim-21",,"1048"
"K3242","K3242-guc-sim-22","proposed","""BANT 088""","K3242-guc-sim-22",,"1048"
"K3243","K3243-guc-sim-23","proposed","""BANT 088""","K3243-guc-sim-23",,"1048"
"K3244","K3244-guc-sim-24","proposed","""BANT 088""","K3244-guc-sim-24",,"1048"
"K3245","K3245-guc-sim-25","proposed","""BANT 088""","K3245-guc-sim-25",,"1048"
"K3246","K3246-guc-sim-26","proposed","""BANT 088""","K3246-guc-sim-26",,"1048"
"K3247","K3247-guc-sim-27","proposed","""BANT 088""","K3247-guc-sim-27",,"1048"
"K3248","K3248-guc-sim-28","proposed","""BANT 088""","K3248-guc-sim-28",,"1048"
"K3249","K3249-guc-sim-29","proposed","""BANT 088""","K3249-guc-sim-29",,"1048"
"K3250","K3250-guc-sim-30","proposed","""BANT 088""","K3250-guc-sim-30",,"1048"
"K3251","K3251-guc-sim-31","proposed","""BANT 088""","K3251-guc-sim-31",,"1048"
"K3252","K3252-guc-sim-32","proposed","""BANT 088""","K3252-guc-sim-32",,"1048"
"K3253","K3253-guc-sim-33","proposed","""BANT 088""","K3253-guc-sim-33",,"1048"
"K3254","K3254-guc-sim-34","proposed","""BANT 088""","K3254-guc-sim-34",,"1048"
"K3255","K3255-guc-sim-35","proposed","""BANT 088""","K3255-guc-sim-35",,"1048"
"K3256","K3256-guc-sim-36","proposed","""BANT 088""","K3256-guc-sim-36",,"1048"
"K3257","K3257-guc-sim-37","proposed","""BANT 088""","K3257-guc-sim-37",,"1048"
"K3258","K3258-guc-sim-38","proposed","""BANT 088""","K3258-guc-sim-38",,"1048"
"K3259","K3259-guc-sim-39","proposed","""BANT 088""","K3259-guc-sim-39",,"1048"
"K3260","K3260-guc-sim-40","proposed","""BANT 088""","K3260-guc-sim-40",,"1048"
"K3261","K3261-ag-sim-01","proposed","""BANT 089""","K3261-ag-sim-01",,"1041"
"K3262","K3262-ag-sim-02","proposed","""BANT 089""","K3262-ag-sim-02",,"1041"
"K3263","K3263-ag-sim-03","proposed","""BANT 089""","K3263-ag-sim-03",,"1041"
"K3264","K3264-ag-sim-04","proposed","""BANT 089""","K3264-ag-sim-04",,"1041"
"K3265","K3265-ag-sim-05","proposed","""BANT 089""","K3265-ag-sim-05",,"1041"
"K3266","K3266-ag-sim-06","proposed","""BANT 089""","K3266-ag-sim-06",,"1041"
"K3267","K3267-ag-sim-07","proposed","""BANT 089""","K3267-ag-sim-07",,"1041"
"K3268","K3268-ag-sim-08","proposed","""BANT 089""","K3268-ag-sim-08",,"1041"
"K3269","K3269-ag-sim-09","proposed","""BANT 089""","K3269-ag-sim-09",,"1041"
"K3270","K3270-ag-sim-10","proposed","""BANT 089""","K3270-ag-sim-10",,"1043"
"K3271","K3271-ag-sim-11","proposed","""BANT 089""","K3271-ag-sim-11",,"1043"
"K3272","K3272-ag-sim-12","proposed","""BANT 089""","K3272-ag-sim-12",,"1043"
"K3273","K3273-ag-sim-13","proposed","""BANT 089""","K3273-ag-sim-13",,"1043"
"K3274","K3274-ag-sim-14","proposed","""BANT 089""","K3274-ag-sim-14",,"1043"
"K3275","K3275-ag-sim-15","proposed","""BANT 089""","K3275-ag-sim-15",,"1043"
"K3276","K3276-ag-sim-16","proposed","""BANT 089""","K3276-ag-sim-16",,"1043"
"K3277","K3277-ag-sim-17","proposed","""BANT 089""","K3277-ag-sim-17",,"1043"
"K3278","K3278-ag-sim-18","proposed","""BANT 089""","K3278-ag-sim-18",,"1043"
"K3279","K3279-ag-sim-19","proposed","""BANT 089""","K3279-ag-sim-19",,"1043"
"K3280","K3280-ag-sim-20","proposed","""BANT 089""","K3280-ag-sim-20",,"1043"
"K3281","K3281-ag-sim-21","proposed","""BANT 089""","K3281-ag-sim-21",,"1043"
"K3282","K3282-ag-sim-22","proposed","""BANT 089""","K3282-ag-sim-22",,"1043"
"K3283","K3283-ag-sim-23","proposed","""BANT 089""","K3283-ag-sim-23",,"1043"
"K3284","K3284-ag-sim-24","proposed","""BANT 089""","K3284-ag-sim-24",,"1043"
"K3285","K3285-ag-sim-25","proposed","""BANT 089""","K3285-ag-sim-25",,"1043"
"K3286","K3286-ag-sim-26","proposed","""BANT 089""","K3286-ag-sim-26",,"1043"
"K3287","K3287-ag-sim-27","proposed","""BANT 089""","K3287-ag-sim-27",,"1043"
"K3288","K3288-ag-sim-28","proposed","""BANT 089""","K3288-ag-sim-28",,"1043"
"K3289","K3289-ag-sim-29","proposed","""BANT 089""","K3289-ag-sim-29",,"1043"
"K3290","K3290-ag-sim-30","proposed","""BANT 089""","K3290-ag-sim-30",,"1043"
"K3291","K3291-ag-sim-31","proposed","""BANT 089""","K3291-ag-sim-31",,"1043"
"K3292","K3292-ag-sim-32","proposed","""BANT 089""","K3292-ag-sim-32",,"1043"
"K3293","K3293-ag-sim-33","proposed","""BANT 089""","K3293-ag-sim-33",,"1043"
"K3294","K3294-ag-sim-34","proposed","""BANT 089""","K3294-ag-sim-34",,"1043"
"K3295","K3295-ag-sim-35","proposed","""BANT 089""","K3295-ag-sim-35",,"1043"
"K3296","K3296-ag-sim-36","proposed","""BANT 089""","K3296-ag-sim-36",,"1043"
"K3297","K3297-ag-sim-37","proposed","""BANT 089""","K3297-ag-sim-37",,"1043"
"K3298","K3298-ag-sim-38","proposed","""BANT 089""","K3298-ag-sim-38",,"1043"
"K3299","K3299-ag-sim-39","proposed","""BANT 089""","K3299-ag-sim-39",,"1043"
"K3300","K3300-ag-sim-40","proposed","""BANT 089""","K3300-ag-sim-40",,"1043"
"K3301","K3301-kodek-sim-01","proposed","""BANT 090""","K3301-kodek-sim-01",,"1056"
"K3302","K3302-kodek-sim-02","proposed","""BANT 090""","K3302-kodek-sim-02",,"1056"
"K3303","K3303-kodek-sim-03","proposed","""BANT 090""","K3303-kodek-sim-03",,"1056"
"K3304","K3304-kodek-sim-04","proposed","""BANT 090""","K3304-kodek-sim-04",,"1056"
"K3305","K3305-kodek-sim-05","proposed","""BANT 090""","K3305-kodek-sim-05",,"1056"
"K3306","K3306-kodek-sim-06","proposed","""BANT 090""","K3306-kodek-sim-06",,"1056"
"K3307","K3307-kodek-sim-07","proposed","""BANT 090""","K3307-kodek-sim-07",,"1056"
"K3308","K3308-kodek-sim-08","proposed","""BANT 090""","K3308-kodek-sim-08",,"1056"
"K3309","K3309-kodek-sim-09","proposed","""BANT 090""","K3309-kodek-sim-09",,"1056"
"K3310","K3310-kodek-sim-10","proposed","""BANT 090""","K3310-kodek-sim-10",,"1058"
"K3311","K3311-kodek-sim-11","proposed","""BANT 090""","K3311-kodek-sim-11",,"1058"
"K3312","K3312-kodek-sim-12","proposed","""BANT 090""","K3312-kodek-sim-12",,"1058"
"K3313","K3313-kodek-sim-13","proposed","""BANT 090""","K3313-kodek-sim-13",,"1058"
"K3314","K3314-kodek-sim-14","proposed","""BANT 090""","K3314-kodek-sim-14",,"1058"
"K3315","K3315-kodek-sim-15","proposed","""BANT 090""","K3315-kodek-sim-15",,"1058"
"K3316","K3316-kodek-sim-16","proposed","""BANT 090""","K3316-kodek-sim-16",,"1058"
"K3317","K3317-kodek-sim-17","proposed","""BANT 090""","K3317-kodek-sim-17",,"1058"
"K3318","K3318-kodek-sim-18","proposed","""BANT 090""","K3318-kodek-sim-18",,"1058"
"K3319","K3319-kodek-sim-19","proposed","""BANT 090""","K3319-kodek-sim-19",,"1058"
"K3320","K3320-kodek-sim-20","proposed","""BANT 090""","K3320-kodek-sim-20",,"1058"
"K3321","K3321-kodek-sim-21","proposed","""BANT 090""","K3321-kodek-sim-21",,"1058"
"K3322","K3322-kodek-sim-22","proposed","""BANT 090""","K3322-kodek-sim-22",,"1058"
"K3323","K3323-kodek-sim-23","proposed","""BANT 090""","K3323-kodek-sim-23",,"1058"
"K3324","K3324-kodek-sim-24","proposed","""BANT 090""","K3324-kodek-sim-24",,"1058"
"K3325","K3325-kodek-sim-25","proposed","""BANT 090""","K3325-kodek-sim-25",,"1058"
"K3326","K3326-kodek-sim-26","proposed","""BANT 090""","K3326-kodek-sim-26",,"1058"
"K3327","K3327-kodek-sim-27","proposed","""BANT 090""","K3327-kodek-sim-27",,"1058"
"K3328","K3328-kodek-sim-28","proposed","""BANT 090""","K3328-kodek-sim-28",,"1058"
"K3329","K3329-kodek-sim-29","proposed","""BANT 090""","K3329-kodek-sim-29",,"1058"
"K3330","K3330-kodek-sim-30","proposed","""BANT 090""","K3330-kodek-sim-30",,"1058"
"K3331","K3331-kodek-sim-31","proposed","""BANT 090""","K3331-kodek-sim-31",,"1058"
"K3332","K3332-kodek-sim-32","proposed","""BANT 090""","K3332-kodek-sim-32",,"1058"
"K3333","K3333-kodek-sim-33","proposed","""BANT 090""","K3333-kodek-sim-33",,"1058"
"K3334","K3334-kodek-sim-34","proposed","""BANT 090""","K3334-kodek-sim-34",,"1058"
"K3335","K3335-kodek-sim-35","proposed","""BANT 090""","K3335-kodek-sim-35",,"1058"
"K3336","K3336-kodek-sim-36","proposed","""BANT 090""","K3336-kodek-sim-36",,"1058"
"K3337","K3337-kodek-sim-37","proposed","""BANT 090""","K3337-kodek-sim-37",,"1058"
"K3338","K3338-kodek-sim-38","proposed","""BANT 090""","K3338-kodek-sim-38",,"1058"
"K3339","K3339-kodek-sim-39","proposed","""BANT 090""","K3339-kodek-sim-39",,"1058"
"K3340","K3340-kodek-sim-40","proposed","""BANT 090""","K3340-kodek-sim-40",,"1058"
"K3341","K3341-algi-arastirmasi-01","proposed","""BANT 091""","K3341-algi-arastirmasi-01",,"1091"
"K3342","K3342-algi-arastirmasi-02","proposed","""BANT 091""","K3342-algi-arastirmasi-02",,"1091"
"K3343","K3343-algi-arastirmasi-03","proposed","""BANT 091""","K3343-algi-arastirmasi-03",,"1091"
"K3344","K3344-algi-arastirmasi-04","proposed","""BANT 091""","K3344-algi-arastirmasi-04",,"1091"
"K3345","K3345-algi-arastirmasi-05","proposed","""BANT 091""","K3345-algi-arastirmasi-05",,"1091"
"K3346","K3346-algi-arastirmasi-06","proposed","""BANT 091""","K3346-algi-arastirmasi-06",,"1091"
"K3347","K3347-algi-arastirmasi-07","proposed","""BANT 091""","K3347-algi-arastirmasi-07",,"1091"
"K3348","K3348-algi-arastirmasi-08","proposed","""BANT 091""","K3348-algi-arastirmasi-08",,"1091"
"K3349","K3349-algi-arastirmasi-09","proposed","""BANT 091""","K3349-algi-arastirmasi-09",,"1091"
"K3350","K3350-algi-arastirmasi-10","proposed","""BANT 091""","K3350-algi-arastirmasi-10",,"1093"
"K3351","K3351-algi-arastirmasi-11","proposed","""BANT 091""","K3351-algi-arastirmasi-11",,"1093"
"K3352","K3352-algi-arastirmasi-12","proposed","""BANT 091""","K3352-algi-arastirmasi-12",,"1093"
"K3353","K3353-algi-arastirmasi-13","proposed","""BANT 091""","K3353-algi-arastirmasi-13",,"1093"
"K3354","K3354-algi-arastirmasi-14","proposed","""BANT 091""","K3354-algi-arastirmasi-14",,"1093"
"K3355","K3355-algi-arastirmasi-15","proposed","""BANT 091""","K3355-algi-arastirmasi-15",,"1093"
"K3356","K3356-algi-arastirmasi-16","proposed","""BANT 091""","K3356-algi-arastirmasi-16",,"1093"
"K3357","K3357-algi-arastirmasi-17","proposed","""BANT 091""","K3357-algi-arastirmasi-17",,"1093"
"K3358","K3358-algi-arastirmasi-18","proposed","""BANT 091""","K3358-algi-arastirmasi-18",,"1093"
"K3359","K3359-algi-arastirmasi-19","proposed","""BANT 091""","K3359-algi-arastirmasi-19",,"1093"
"K3360","K3360-algi-arastirmasi-20","proposed","""BANT 091""","K3360-algi-arastirmasi-20",,"1093"
"K3361","K3361-algi-arastirmasi-21","proposed","""BANT 091""","K3361-algi-arastirmasi-21",,"1093"
"K3362","K3362-algi-arastirmasi-22","proposed","""BANT 091""","K3362-algi-arastirmasi-22",,"1093"
"K3363","K3363-algi-arastirmasi-23","proposed","""BANT 091""","K3363-algi-arastirmasi-23",,"1093"
"K3364","K3364-algi-arastirmasi-24","proposed","""BANT 091""","K3364-algi-arastirmasi-24",,"1093"
"K3365","K3365-algi-arastirmasi-25","proposed","""BANT 091""","K3365-algi-arastirmasi-25",,"1093"
"K3366","K3366-algi-arastirmasi-26","proposed","""BANT 091""","K3366-algi-arastirmasi-26",,"1093"
"K3367","K3367-algi-arastirmasi-27","proposed","""BANT 091""","K3367-algi-arastirmasi-27",,"1093"
"K3368","K3368-algi-arastirmasi-28","proposed","""BANT 091""","K3368-algi-arastirmasi-28",,"1093"
"K3369","K3369-algi-arastirmasi-29","proposed","""BANT 091""","K3369-algi-arastirmasi-29",,"1093"
"K3370","K3370-algi-arastirmasi-30","proposed","""BANT 091""","K3370-algi-arastirmasi-30",,"1093"
"K3371","K3371-algi-arastirmasi-31","proposed","""BANT 091""","K3371-algi-arastirmasi-31",,"1093"
"K3372","K3372-algi-arastirmasi-32","proposed","""BANT 091""","K3372-algi-arastirmasi-32",,"1093"
"K3373","K3373-algi-arastirmasi-33","proposed","""BANT 091""","K3373-algi-arastirmasi-33",,"1093"
"K3374","K3374-algi-arastirmasi-34","proposed","""BANT 091""","K3374-algi-arastirmasi-34",,"1093"
"K3375","K3375-algi-arastirmasi-35","proposed","""BANT 091""","K3375-algi-arastirmasi-35",,"1093"
"K3376","K3376-algi-arastirmasi-36","proposed","""BANT 091""","K3376-algi-arastirmasi-36",,"1093"
"K3377","K3377-algi-arastirmasi-37","proposed","""BANT 091""","K3377-algi-arastirmasi-37",,"1093"
"K3378","K3378-algi-arastirmasi-38","proposed","""BANT 091""","K3378-algi-arastirmasi-38",,"1093"
"K3379","K3379-algi-arastirmasi-39","proposed","""BANT 091""","K3379-algi-arastirmasi-39",,"1093"
"K3380","K3380-algi-arastirmasi-40","proposed","""BANT 091""","K3380-algi-arastirmasi-40",,"1093"
"K3381","K3381-makine-ogrenme-arastirmasi-01","proposed","""BANT 092""","K3381-makine-ogrenme-arastirmasi-01",,"1141"
"K3382","K3382-makine-ogrenme-arastirmasi-02","proposed","""BANT 092""","K3382-makine-ogrenme-arastirmasi-02",,"1141"
"K3383","K3383-makine-ogrenme-arastirmasi-03","proposed","""BANT 092""","K3383-makine-ogrenme-arastirmasi-03",,"1141"
"K3384","K3384-makine-ogrenme-arastirmasi-04","proposed","""BANT 092""","K3384-makine-ogrenme-arastirmasi-04",,"1141"
"K3385","K3385-makine-ogrenme-arastirmasi-05","proposed","""BANT 092""","K3385-makine-ogrenme-arastirmasi-05",,"1141"
"K3386","K3386-makine-ogrenme-arastirmasi-06","proposed","""BANT 092""","K3386-makine-ogrenme-arastirmasi-06",,"1141"
"K3387","K3387-makine-ogrenme-arastirmasi-07","proposed","""BANT 092""","K3387-makine-ogrenme-arastirmasi-07",,"1141"
"K3388","K3388-makine-ogrenme-arastirmasi-08","proposed","""BANT 092""","K3388-makine-ogrenme-arastirmasi-08",,"1141"
"K3389","K3389-makine-ogrenme-arastirmasi-09","proposed","""BANT 092""","K3389-makine-ogrenme-arastirmasi-09",,"1141"
"K3390","K3390-makine-ogrenme-arastirmasi-10","proposed","""BANT 092""","K3390-makine-ogrenme-arastirmasi-10",,"1143"
"K3391","K3391-makine-ogrenme-arastirmasi-11","proposed","""BANT 092""","K3391-makine-ogrenme-arastirmasi-11",,"1143"
"K3392","K3392-makine-ogrenme-arastirmasi-12","proposed","""BANT 092""","K3392-makine-ogrenme-arastirmasi-12",,"1143"
"K3393","K3393-makine-ogrenme-arastirmasi-13","proposed","""BANT 092""","K3393-makine-ogrenme-arastirmasi-13",,"1143"
"K3394","K3394-makine-ogrenme-arastirmasi-14","proposed","""BANT 092""","K3394-makine-ogrenme-arastirmasi-14",,"1143"
"K3395","K3395-makine-ogrenme-arastirmasi-15","proposed","""BANT 092""","K3395-makine-ogrenme-arastirmasi-15",,"1143"
"K3396","K3396-makine-ogrenme-arastirmasi-16","proposed","""BANT 092""","K3396-makine-ogrenme-arastirmasi-16",,"1143"
"K3397","K3397-makine-ogrenme-arastirmasi-17","proposed","""BANT 092""","K3397-makine-ogrenme-arastirmasi-17",,"1143"
"K3398","K3398-makine-ogrenme-arastirmasi-18","proposed","""BANT 092""","K3398-makine-ogrenme-arastirmasi-18",,"1143"
"K3399","K3399-makine-ogrenme-arastirmasi-19","proposed","""BANT 092""","K3399-makine-ogrenme-arastirmasi-19",,"1143"
"K3400","K3400-makine-ogrenme-arastirmasi-20","proposed","""BANT 092""","K3400-makine-ogrenme-arastirmasi-20",,"1143"
"K3401","K3401-makine-ogrenme-arastirmasi-21","proposed","""BANT 092""","K3401-makine-ogrenme-arastirmasi-21",,"1143"
"K3402","K3402-makine-ogrenme-arastirmasi-22","proposed","""BANT 092""","K3402-makine-ogrenme-arastirmasi-22",,"1143"
"K3403","K3403-makine-ogrenme-arastirmasi-23","proposed","""BANT 092""","K3403-makine-ogrenme-arastirmasi-23",,"1143"
"K3404","K3404-makine-ogrenme-arastirmasi-24","proposed","""BANT 092""","K3404-makine-ogrenme-arastirmasi-24",,"1143"
"K3405","K3405-makine-ogrenme-arastirmasi-25","proposed","""BANT 092""","K3405-makine-ogrenme-arastirmasi-25",,"1143"
"K3406","K3406-makine-ogrenme-arastirmasi-26","proposed","""BANT 092""","K3406-makine-ogrenme-arastirmasi-26",,"1143"
"K3407","K3407-makine-ogrenme-arastirmasi-27","proposed","""BANT 092""","K3407-makine-ogrenme-arastirmasi-27",,"1143"
"K3408","K3408-makine-ogrenme-arastirmasi-28","proposed","""BANT 092""","K3408-makine-ogrenme-arastirmasi-28",,"1143"
"K3409","K3409-makine-ogrenme-arastirmasi-29","proposed","""BANT 092""","K3409-makine-ogrenme-arastirmasi-29",,"1143"
"K3410","K3410-makine-ogrenme-arastirmasi-30","proposed","""BANT 092""","K3410-makine-ogrenme-arastirmasi-30",,"1143"
"K3411","K3411-makine-ogrenme-arastirmasi-31","proposed","""BANT 092""","K3411-makine-ogrenme-arastirmasi-31",,"1143"
"K3412","K3412-makine-ogrenme-arastirmasi-32","proposed","""BANT 092""","K3412-makine-ogrenme-arastirmasi-32",,"1143"
"K3413","K3413-makine-ogrenme-arastirmasi-33","proposed","""BANT 092""","K3413-makine-ogrenme-arastirmasi-33",,"1143"
"K3414","K3414-makine-ogrenme-arastirmasi-34","proposed","""BANT 092""","K3414-makine-ogrenme-arastirmasi-34",,"1143"
"K3415","K3415-makine-ogrenme-arastirmasi-35","proposed","""BANT 092""","K3415-makine-ogrenme-arastirmasi-35",,"1143"
"K3416","K3416-makine-ogrenme-arastirmasi-36","proposed","""BANT 092""","K3416-makine-ogrenme-arastirmasi-36",,"1143"
"K3417","K3417-makine-ogrenme-arastirmasi-37","proposed","""BANT 092""","K3417-makine-ogrenme-arastirmasi-37",,"1143"
"K3418","K3418-makine-ogrenme-arastirmasi-38","proposed","""BANT 092""","K3418-makine-ogrenme-arastirmasi-38",,"1143"
"K3419","K3419-makine-ogrenme-arastirmasi-39","proposed","""BANT 092""","K3419-makine-ogrenme-arastirmasi-39",,"1143"
"K3420","K3420-makine-ogrenme-arastirmasi-40","proposed","""BANT 092""","K3420-makine-ogrenme-arastirmasi-40",,"1143"
"K3421","K3421-akustik-arastirma-01","proposed","""BANT 093""","K3421-akustik-arastirma-01",,"1096"
"K3422","K3422-akustik-arastirma-02","proposed","""BANT 093""","K3422-akustik-arastirma-02",,"1096"
"K3423","K3423-akustik-arastirma-03","proposed","""BANT 093""","K3423-akustik-arastirma-03",,"1096"
"K3424","K3424-akustik-arastirma-04","proposed","""BANT 093""","K3424-akustik-arastirma-04",,"1096"
"K3425","K3425-akustik-arastirma-05","proposed","""BANT 093""","K3425-akustik-arastirma-05",,"1096"
"K3426","K3426-akustik-arastirma-06","proposed","""BANT 093""","K3426-akustik-arastirma-06",,"1096"
"K3427","K3427-akustik-arastirma-07","proposed","""BANT 093""","K3427-akustik-arastirma-07",,"1096"
"K3428","K3428-akustik-arastirma-08","proposed","""BANT 093""","K3428-akustik-arastirma-08",,"1096"
"K3429","K3429-akustik-arastirma-09","proposed","""BANT 093""","K3429-akustik-arastirma-09",,"1096"
"K3430","K3430-akustik-arastirma-10","proposed","""BANT 093""","K3430-akustik-arastirma-10",,"1098"
"K3431","K3431-akustik-arastirma-11","proposed","""BANT 093""","K3431-akustik-arastirma-11",,"1098"
"K3432","K3432-akustik-arastirma-12","proposed","""BANT 093""","K3432-akustik-arastirma-12",,"1098"
"K3433","K3433-akustik-arastirma-13","proposed","""BANT 093""","K3433-akustik-arastirma-13",,"1098"
"K3434","K3434-akustik-arastirma-14","proposed","""BANT 093""","K3434-akustik-arastirma-14",,"1098"
"K3435","K3435-akustik-arastirma-15","proposed","""BANT 093""","K3435-akustik-arastirma-15",,"1098"
"K3436","K3436-akustik-arastirma-16","proposed","""BANT 093""","K3436-akustik-arastirma-16",,"1098"
"K3437","K3437-akustik-arastirma-17","proposed","""BANT 093""","K3437-akustik-arastirma-17",,"1098"
"K3438","K3438-akustik-arastirma-18","proposed","""BANT 093""","K3438-akustik-arastirma-18",,"1098"
"K3439","K3439-akustik-arastirma-19","proposed","""BANT 093""","K3439-akustik-arastirma-19",,"1098"
"K3440","K3440-akustik-arastirma-20","proposed","""BANT 093""","K3440-akustik-arastirma-20",,"1098"
"K3441","K3441-akustik-arastirma-21","proposed","""BANT 093""","K3441-akustik-arastirma-21",,"1098"
"K3442","K3442-akustik-arastirma-22","proposed","""BANT 093""","K3442-akustik-arastirma-22",,"1098"
"K3443","K3443-akustik-arastirma-23","proposed","""BANT 093""","K3443-akustik-arastirma-23",,"1098"
"K3444","K3444-akustik-arastirma-24","proposed","""BANT 093""","K3444-akustik-arastirma-24",,"1098"
"K3445","K3445-akustik-arastirma-25","proposed","""BANT 093""","K3445-akustik-arastirma-25",,"1098"
"K3446","K3446-akustik-arastirma-26","proposed","""BANT 093""","K3446-akustik-arastirma-26",,"1098"
"K3447","K3447-akustik-arastirma-27","proposed","""BANT 093""","K3447-akustik-arastirma-27",,"1098"
"K3448","K3448-akustik-arastirma-28","proposed","""BANT 093""","K3448-akustik-arastirma-28",,"1098"
"K3449","K3449-akustik-arastirma-29","proposed","""BANT 093""","K3449-akustik-arastirma-29",,"1098"
"K3450","K3450-akustik-arastirma-30","proposed","""BANT 093""","K3450-akustik-arastirma-30",,"1098"
"K3451","K3451-akustik-arastirma-31","proposed","""BANT 093""","K3451-akustik-arastirma-31",,"1098"
"K3452","K3452-akustik-arastirma-32","proposed","""BANT 093""","K3452-akustik-arastirma-32",,"1098"
"K3453","K3453-akustik-arastirma-33","proposed","""BANT 093""","K3453-akustik-arastirma-33",,"1098"
"K3454","K3454-akustik-arastirma-34","proposed","""BANT 093""","K3454-akustik-arastirma-34",,"1098"
"K3455","K3455-akustik-arastirma-35","proposed","""BANT 093""","K3455-akustik-arastirma-35",,"1098"
"K3456","K3456-akustik-arastirma-36","proposed","""BANT 093""","K3456-akustik-arastirma-36",,"1098"
"K3457","K3457-akustik-arastirma-37","proposed","""BANT 093""","K3457-akustik-arastirma-37",,"1098"
"K3458","K3458-akustik-arastirma-38","proposed","""BANT 093""","K3458-akustik-arastirma-38",,"1098"
"K3459","K3459-akustik-arastirma-39","proposed","""BANT 093""","K3459-akustik-arastirma-39",,"1098"
"K3460","K3460-akustik-arastirma-40","proposed","""BANT 093""","K3460-akustik-arastirma-40",,"1098"
"K3461","K3461-adr-derinligi-01","proposed","""BANT 094""","K3461-adr-derinligi-01",,"1076"
"K3462","K3462-adr-derinligi-02","proposed","""BANT 094""","K3462-adr-derinligi-02",,"1076"
"K3463","K3463-adr-derinligi-03","proposed","""BANT 094""","K3463-adr-derinligi-03",,"1076"
"K3464","K3464-adr-derinligi-04","proposed","""BANT 094""","K3464-adr-derinligi-04",,"1076"
"K3465","K3465-adr-derinligi-05","proposed","""BANT 094""","K3465-adr-derinligi-05",,"1076"
"K3466","K3466-adr-derinligi-06","proposed","""BANT 094""","K3466-adr-derinligi-06",,"1076"
"K3467","K3467-adr-derinligi-07","proposed","""BANT 094""","K3467-adr-derinligi-07",,"1076"
"K3468","K3468-adr-derinligi-08","proposed","""BANT 094""","K3468-adr-derinligi-08",,"1076"
"K3469","K3469-adr-derinligi-09","proposed","""BANT 094""","K3469-adr-derinligi-09",,"1076"
"K3470","K3470-adr-derinligi-10","proposed","""BANT 094""","K3470-adr-derinligi-10",,"1078"
"K3471","K3471-adr-derinligi-11","proposed","""BANT 094""","K3471-adr-derinligi-11",,"1078"
"K3472","K3472-adr-derinligi-12","proposed","""BANT 094""","K3472-adr-derinligi-12",,"1078"
"K3473","K3473-adr-derinligi-13","proposed","""BANT 094""","K3473-adr-derinligi-13",,"1078"
"K3474","K3474-adr-derinligi-14","proposed","""BANT 094""","K3474-adr-derinligi-14",,"1078"
"K3475","K3475-adr-derinligi-15","proposed","""BANT 094""","K3475-adr-derinligi-15",,"1078"
"K3476","K3476-adr-derinligi-16","proposed","""BANT 094""","K3476-adr-derinligi-16",,"1078"
"K3477","K3477-adr-derinligi-17","proposed","""BANT 094""","K3477-adr-derinligi-17",,"1078"
"K3478","K3478-adr-derinligi-18","proposed","""BANT 094""","K3478-adr-derinligi-18",,"1078"
"K3479","K3479-adr-derinligi-19","proposed","""BANT 094""","K3479-adr-derinligi-19",,"1078"
"K3480","K3480-adr-derinligi-20","proposed","""BANT 094""","K3480-adr-derinligi-20",,"1078"
"K3481","K3481-adr-derinligi-21","proposed","""BANT 094""","K3481-adr-derinligi-21",,"1078"
"K3482","K3482-adr-derinligi-22","proposed","""BANT 094""","K3482-adr-derinligi-22",,"1078"
"K3483","K3483-adr-derinligi-23","proposed","""BANT 094""","K3483-adr-derinligi-23",,"1078"
"K3484","K3484-adr-derinligi-24","proposed","""BANT 094""","K3484-adr-derinligi-24",,"1078"
"K3485","K3485-adr-derinligi-25","proposed","""BANT 094""","K3485-adr-derinligi-25",,"1078"
"K3486","K3486-adr-derinligi-26","proposed","""BANT 094""","K3486-adr-derinligi-26",,"1078"
"K3487","K3487-adr-derinligi-27","proposed","""BANT 094""","K3487-adr-derinligi-27",,"1078"
"K3488","K3488-adr-derinligi-28","proposed","""BANT 094""","K3488-adr-derinligi-28",,"1078"
"K3489","K3489-adr-derinligi-29","proposed","""BANT 094""","K3489-adr-derinligi-29",,"1078"
"K3490","K3490-adr-derinligi-30","proposed","""BANT 094""","K3490-adr-derinligi-30",,"1078"
"K3491","K3491-adr-derinligi-31","proposed","""BANT 094""","K3491-adr-derinligi-31",,"1078"
"K3492","K3492-adr-derinligi-32","proposed","""BANT 094""","K3492-adr-derinligi-32",,"1078"
"K3493","K3493-adr-derinligi-33","proposed","""BANT 094""","K3493-adr-derinligi-33",,"1078"
"K3494","K3494-adr-derinligi-34","proposed","""BANT 094""","K3494-adr-derinligi-34",,"1078"
"K3495","K3495-adr-derinligi-35","proposed","""BANT 094""","K3495-adr-derinligi-35",,"1078"
"K3496","K3496-adr-derinligi-36","proposed","""BANT 094""","K3496-adr-derinligi-36",,"1078"
"K3497","K3497-adr-derinligi-37","proposed","""BANT 094""","K3497-adr-derinligi-37",,"1078"
"K3498","K3498-adr-derinligi-38","proposed","""BANT 094""","K3498-adr-derinligi-38",,"1078"
"K3499","K3499-adr-derinligi-39","proposed","""BANT 094""","K3499-adr-derinligi-39",,"1078"
"K3500","K3500-adr-derinligi-40","proposed","""BANT 094""","K3500-adr-derinligi-40",,"1078"
"K3501","K3501-standart-01","proposed","""BANT 095""","K3501-standart-01",,"1051"
"K3502","K3502-standart-02","proposed","""BANT 095""","K3502-standart-02",,"1051"
"K3503","K3503-standart-03","proposed","""BANT 095""","K3503-standart-03",,"1051"
"K3504","K3504-standart-04","proposed","""BANT 095""","K3504-standart-04",,"1051"
"K3505","K3505-standart-05","proposed","""BANT 095""","K3505-standart-05",,"1051"
"K3506","K3506-standart-06","proposed","""BANT 095""","K3506-standart-06",,"1051"
"K3507","K3507-standart-07","proposed","""BANT 095""","K3507-standart-07",,"1051"
"K3508","K3508-standart-08","proposed","""BANT 095""","K3508-standart-08",,"1051"
"K3509","K3509-standart-09","proposed","""BANT 095""","K3509-standart-09",,"1051"
"K3510","K3510-standart-10","proposed","""BANT 095""","K3510-standart-10",,"1053"
"K3511","K3511-standart-11","proposed","""BANT 095""","K3511-standart-11",,"1053"
"K3512","K3512-standart-12","proposed","""BANT 095""","K3512-standart-12",,"1053"
"K3513","K3513-standart-13","proposed","""BANT 095""","K3513-standart-13",,"1053"
"K3514","K3514-standart-14","proposed","""BANT 095""","K3514-standart-14",,"1053"
"K3515","K3515-standart-15","proposed","""BANT 095""","K3515-standart-15",,"1053"
"K3516","K3516-standart-16","proposed","""BANT 095""","K3516-standart-16",,"1053"
"K3517","K3517-standart-17","proposed","""BANT 095""","K3517-standart-17",,"1053"
"K3518","K3518-standart-18","proposed","""BANT 095""","K3518-standart-18",,"1053"
"K3519","K3519-standart-19","proposed","""BANT 095""","K3519-standart-19",,"1053"
"K3520","K3520-standart-20","proposed","""BANT 095""","K3520-standart-20",,"1053"
"K3521","K3521-standart-21","proposed","""BANT 095""","K3521-standart-21",,"1053"
"K3522","K3522-standart-22","proposed","""BANT 095""","K3522-standart-22",,"1053"
"K3523","K3523-standart-23","proposed","""BANT 095""","K3523-standart-23",,"1053"
"K3524","K3524-standart-24","proposed","""BANT 095""","K3524-standart-24",,"1053"
"K3525","K3525-standart-25","proposed","""BANT 095""","K3525-standart-25",,"1053"
"K3526","K3526-standart-26","proposed","""BANT 095""","K3526-standart-26",,"1053"
"K3527","K3527-standart-27","proposed","""BANT 095""","K3527-standart-27",,"1053"
"K3528","K3528-standart-28","proposed","""BANT 095""","K3528-standart-28",,"1053"
"K3529","K3529-standart-29","proposed","""BANT 095""","K3529-standart-29",,"1053"
"K3530","K3530-standart-30","proposed","""BANT 095""","K3530-standart-30",,"1053"
"K3531","K3531-standart-31","proposed","""BANT 095""","K3531-standart-31",,"1053"
"K3532","K3532-standart-32","proposed","""BANT 095""","K3532-standart-32",,"1053"
"K3533","K3533-standart-33","proposed","""BANT 095""","K3533-standart-33",,"1053"
"K3534","K3534-standart-34","proposed","""BANT 095""","K3534-standart-34",,"1053"
"K3535","K3535-standart-35","proposed","""BANT 095""","K3535-standart-35",,"1053"
"K3536","K3536-standart-36","proposed","""BANT 095""","K3536-standart-36",,"1053"
"K3537","K3537-standart-37","proposed","""BANT 095""","K3537-standart-37",,"1053"
"K3538","K3538-standart-38","proposed","""BANT 095""","K3538-standart-38",,"1053"
"K3539","K3539-standart-39","proposed","""BANT 095""","K3539-standart-39",,"1053"
"K3540","K3540-standart-40","proposed","""BANT 095""","K3540-standart-40",,"1053"
"K3541","K3541-egitim-01","proposed","""BANT 096""","K3541-egitim-01",,"1041"
"K3542","K3542-egitim-02","proposed","""BANT 096""","K3542-egitim-02",,"1041"
"K3543","K3543-egitim-03","proposed","""BANT 096""","K3543-egitim-03",,"1041"
"K3544","K3544-egitim-04","proposed","""BANT 096""","K3544-egitim-04",,"1041"
"K3545","K3545-egitim-05","proposed","""BANT 096""","K3545-egitim-05",,"1041"
"K3546","K3546-egitim-06","proposed","""BANT 096""","K3546-egitim-06",,"1041"
"K3547","K3547-egitim-07","proposed","""BANT 096""","K3547-egitim-07",,"1041"
"K3548","K3548-egitim-08","proposed","""BANT 096""","K3548-egitim-08",,"1041"
"K3549","K3549-egitim-09","proposed","""BANT 096""","K3549-egitim-09",,"1041"
"K3550","K3550-egitim-10","proposed","""BANT 096""","K3550-egitim-10",,"1043"
"K3551","K3551-egitim-11","proposed","""BANT 096""","K3551-egitim-11",,"1043"
"K3552","K3552-egitim-12","proposed","""BANT 096""","K3552-egitim-12",,"1043"
"K3553","K3553-egitim-13","proposed","""BANT 096""","K3553-egitim-13",,"1043"
"K3554","K3554-egitim-14","proposed","""BANT 096""","K3554-egitim-14",,"1043"
"K3555","K3555-egitim-15","proposed","""BANT 096""","K3555-egitim-15",,"1043"
"K3556","K3556-egitim-16","proposed","""BANT 096""","K3556-egitim-16",,"1043"
"K3557","K3557-egitim-17","proposed","""BANT 096""","K3557-egitim-17",,"1043"
"K3558","K3558-egitim-18","proposed","""BANT 096""","K3558-egitim-18",,"1043"
"K3559","K3559-egitim-19","proposed","""BANT 096""","K3559-egitim-19",,"1043"
"K3560","K3560-egitim-20","proposed","""BANT 096""","K3560-egitim-20",,"1043"
"K3561","K3561-egitim-21","proposed","""BANT 096""","K3561-egitim-21",,"1043"
"K3562","K3562-egitim-22","proposed","""BANT 096""","K3562-egitim-22",,"1043"
"K3563","K3563-egitim-23","proposed","""BANT 096""","K3563-egitim-23",,"1043"
"K3564","K3564-egitim-24","proposed","""BANT 096""","K3564-egitim-24",,"1043"
"K3565","K3565-egitim-25","proposed","""BANT 096""","K3565-egitim-25",,"1043"
"K3566","K3566-egitim-26","proposed","""BANT 096""","K3566-egitim-26",,"1043"
"K3567","K3567-egitim-27","proposed","""BANT 096""","K3567-egitim-27",,"1043"
"K3568","K3568-egitim-28","proposed","""BANT 096""","K3568-egitim-28",,"1043"
"K3569","K3569-egitim-29","proposed","""BANT 096""","K3569-egitim-29",,"1043"
"K3570","K3570-egitim-30","proposed","""BANT 096""","K3570-egitim-30",,"1043"
"K3571","K3571-egitim-31","proposed","""BANT 096""","K3571-egitim-31",,"1043"
"K3572","K3572-egitim-32","proposed","""BANT 096""","K3572-egitim-32",,"1043"
"K3573","K3573-egitim-33","proposed","""BANT 096""","K3573-egitim-33",,"1043"
"K3574","K3574-egitim-34","proposed","""BANT 096""","K3574-egitim-34",,"1043"
"K3575","K3575-egitim-35","proposed","""BANT 096""","K3575-egitim-35",,"1043"
"K3576","K3576-egitim-36","proposed","""BANT 096""","K3576-egitim-36",,"1043"
"K3577","K3577-egitim-37","proposed","""BANT 096""","K3577-egitim-37",,"1043"
"K3578","K3578-egitim-38","proposed","""BANT 096""","K3578-egitim-38",,"1043"
"K3579","K3579-egitim-39","proposed","""BANT 096""","K3579-egitim-39",,"1043"
"K3580","K3580-egitim-40","proposed","""BANT 096""","K3580-egitim-40",,"1043"
"K3581","K3581-gizlilik-01","proposed","""BANT 097""","K3581-gizlilik-01",,"1051"
"K3582","K3582-gizlilik-02","proposed","""BANT 097""","K3582-gizlilik-02",,"1051"
"K3583","K3583-gizlilik-03","proposed","""BANT 097""","K3583-gizlilik-03",,"1051"
"K3584","K3584-gizlilik-04","proposed","""BANT 097""","K3584-gizlilik-04",,"1051"
"K3585","K3585-gizlilik-05","proposed","""BANT 097""","K3585-gizlilik-05",,"1051"
"K3586","K3586-gizlilik-06","proposed","""BANT 097""","K3586-gizlilik-06",,"1051"
"K3587","K3587-gizlilik-07","proposed","""BANT 097""","K3587-gizlilik-07",,"1051"
"K3588","K3588-gizlilik-08","proposed","""BANT 097""","K3588-gizlilik-08",,"1051"
"K3589","K3589-gizlilik-09","proposed","""BANT 097""","K3589-gizlilik-09",,"1051"
"K3590","K3590-gizlilik-10","proposed","""BANT 097""","K3590-gizlilik-10",,"1053"
"K3591","K3591-gizlilik-11","proposed","""BANT 097""","K3591-gizlilik-11",,"1053"
"K3592","K3592-gizlilik-12","proposed","""BANT 097""","K3592-gizlilik-12",,"1053"
"K3593","K3593-gizlilik-13","proposed","""BANT 097""","K3593-gizlilik-13",,"1053"
"K3594","K3594-gizlilik-14","proposed","""BANT 097""","K3594-gizlilik-14",,"1053"
"K3595","K3595-gizlilik-15","proposed","""BANT 097""","K3595-gizlilik-15",,"1053"
"K3596","K3596-gizlilik-16","proposed","""BANT 097""","K3596-gizlilik-16",,"1053"
"K3597","K3597-gizlilik-17","proposed","""BANT 097""","K3597-gizlilik-17",,"1053"
"K3598","K3598-gizlilik-18","proposed","""BANT 097""","K3598-gizlilik-18",,"1053"
"K3599","K3599-gizlilik-19","proposed","""BANT 097""","K3599-gizlilik-19",,"1053"
"K3600","K3600-gizlilik-20","proposed","""BANT 097""","K3600-gizlilik-20",,"1053"
"K3601","K3601-gizlilik-21","proposed","""BANT 097""","K3601-gizlilik-21",,"1053"
"K3602","K3602-gizlilik-22","proposed","""BANT 097""","K3602-gizlilik-22",,"1053"
"K3603","K3603-gizlilik-23","proposed","""BANT 097""","K3603-gizlilik-23",,"1053"
"K3604","K3604-gizlilik-24","proposed","""BANT 097""","K3604-gizlilik-24",,"1053"
"K3605","K3605-gizlilik-25","proposed","""BANT 097""","K3605-gizlilik-25",,"1053"
"K3606","K3606-gizlilik-26","proposed","""BANT 097""","K3606-gizlilik-26",,"1053"
"K3607","K3607-gizlilik-27","proposed","""BANT 097""","K3607-gizlilik-27",,"1053"
"K3608","K3608-gizlilik-28","proposed","""BANT 097""","K3608-gizlilik-28",,"1053"
"K3609","K3609-gizlilik-29","proposed","""BANT 097""","K3609-gizlilik-29",,"1053"
"K3610","K3610-gizlilik-30","proposed","""BANT 097""","K3610-gizlilik-30",,"1053"
"K3611","K3611-gizlilik-31","proposed","""BANT 097""","K3611-gizlilik-31",,"1053"
"K3612","K3612-gizlilik-32","proposed","""BANT 097""","K3612-gizlilik-32",,"1053"
"K3613","K3613-gizlilik-33","proposed","""BANT 097""","K3613-gizlilik-33",,"1053"
"K3614","K3614-gizlilik-34","proposed","""BANT 097""","K3614-gizlilik-34",,"1053"
"K3615","K3615-gizlilik-35","proposed","""BANT 097""","K3615-gizlilik-35",,"1053"
"K3616","K3616-gizlilik-36","proposed","""BANT 097""","K3616-gizlilik-36",,"1053"
"K3617","K3617-gizlilik-37","proposed","""BANT 097""","K3617-gizlilik-37",,"1053"
"K3618","K3618-gizlilik-38","proposed","""BANT 097""","K3618-gizlilik-38",,"1053"
"K3619","K3619-gizlilik-39","proposed","""BANT 097""","K3619-gizlilik-39",,"1053"
"K3620","K3620-gizlilik-40","proposed","""BANT 097""","K3620-gizlilik-40",,"1053"
"K3621","K3621-lisans-01","proposed","""BANT 098""","K3621-lisans-01",,"1041"
"K3622","K3622-lisans-02","proposed","""BANT 098""","K3622-lisans-02",,"1041"
"K3623","K3623-lisans-03","proposed","""BANT 098""","K3623-lisans-03",,"1041"
"K3624","K3624-lisans-04","proposed","""BANT 098""","K3624-lisans-04",,"1041"
"K3625","K3625-lisans-05","proposed","""BANT 098""","K3625-lisans-05",,"1041"
"K3626","K3626-lisans-06","proposed","""BANT 098""","K3626-lisans-06",,"1041"
"K3627","K3627-lisans-07","proposed","""BANT 098""","K3627-lisans-07",,"1041"
"K3628","K3628-lisans-08","proposed","""BANT 098""","K3628-lisans-08",,"1041"
"K3629","K3629-lisans-09","proposed","""BANT 098""","K3629-lisans-09",,"1041"
"K3630","K3630-lisans-10","proposed","""BANT 098""","K3630-lisans-10",,"1043"
"K3631","K3631-lisans-11","proposed","""BANT 098""","K3631-lisans-11",,"1043"
"K3632","K3632-lisans-12","proposed","""BANT 098""","K3632-lisans-12",,"1043"
"K3633","K3633-lisans-13","proposed","""BANT 098""","K3633-lisans-13",,"1043"
"K3634","K3634-lisans-14","proposed","""BANT 098""","K3634-lisans-14",,"1043"
"K3635","K3635-lisans-15","proposed","""BANT 098""","K3635-lisans-15",,"1043"
"K3636","K3636-lisans-16","proposed","""BANT 098""","K3636-lisans-16",,"1043"
"K3637","K3637-lisans-17","proposed","""BANT 098""","K3637-lisans-17",,"1043"
"K3638","K3638-lisans-18","proposed","""BANT 098""","K3638-lisans-18",,"1043"
"K3639","K3639-lisans-19","proposed","""BANT 098""","K3639-lisans-19",,"1043"
"K3640","K3640-lisans-20","proposed","""BANT 098""","K3640-lisans-20",,"1043"
"K3641","K3641-lisans-21","proposed","""BANT 098""","K3641-lisans-21",,"1043"
"K3642","K3642-lisans-22","proposed","""BANT 098""","K3642-lisans-22",,"1043"
"K3643","K3643-lisans-23","proposed","""BANT 098""","K3643-lisans-23",,"1043"
"K3644","K3644-lisans-24","proposed","""BANT 098""","K3644-lisans-24",,"1043"
"K3645","K3645-lisans-25","proposed","""BANT 098""","K3645-lisans-25",,"1043"
"K3646","K3646-lisans-26","proposed","""BANT 098""","K3646-lisans-26",,"1043"
"K3647","K3647-lisans-27","proposed","""BANT 098""","K3647-lisans-27",,"1043"
"K3648","K3648-lisans-28","proposed","""BANT 098""","K3648-lisans-28",,"1043"
"K3649","K3649-lisans-29","proposed","""BANT 098""","K3649-lisans-29",,"1043"
"K3650","K3650-lisans-30","proposed","""BANT 098""","K3650-lisans-30",,"1043"
"K3651","K3651-lisans-31","proposed","""BANT 098""","K3651-lisans-31",,"1043"
"K3652","K3652-lisans-32","proposed","""BANT 098""","K3652-lisans-32",,"1043"
"K3653","K3653-lisans-33","proposed","""BANT 098""","K3653-lisans-33",,"1043"
"K3654","K3654-lisans-34","proposed","""BANT 098""","K3654-lisans-34",,"1043"
"K3655","K3655-lisans-35","proposed","""BANT 098""","K3655-lisans-35",,"1043"
"K3656","K3656-lisans-36","proposed","""BANT 098""","K3656-lisans-36",,"1043"
"K3657","K3657-lisans-37","proposed","""BANT 098""","K3657-lisans-37",,"1043"
"K3658","K3658-lisans-38","proposed","""BANT 098""","K3658-lisans-38",,"1043"
"K3659","K3659-lisans-39","proposed","""BANT 098""","K3659-lisans-39",,"1043"
"K3660","K3660-lisans-40","proposed","""BANT 098""","K3660-lisans-40",,"1043"
"K3661","K3661-slo-katmani-01","proposed","""BANT 099""","K3661-slo-katmani-01",,"1066"
"K3662","K3662-slo-katmani-02","proposed","""BANT 099""","K3662-slo-katmani-02",,"1066"
"K3663","K3663-slo-katmani-03","proposed","""BANT 099""","K3663-slo-katmani-03",,"1066"
"K3664","K3664-slo-katmani-04","proposed","""BANT 099""","K3664-slo-katmani-04",,"1066"
"K3665","K3665-slo-katmani-05","proposed","""BANT 099""","K3665-slo-katmani-05",,"1066"
"K3666","K3666-slo-katmani-06","proposed","""BANT 099""","K3666-slo-katmani-06",,"1066"
"K3667","K3667-slo-katmani-07","proposed","""BANT 099""","K3667-slo-katmani-07",,"1066"
"K3668","K3668-slo-katmani-08","proposed","""BANT 099""","K3668-slo-katmani-08",,"1066"
"K3669","K3669-slo-katmani-09","proposed","""BANT 099""","K3669-slo-katmani-09",,"1066"
"K3670","K3670-slo-katmani-10","proposed","""BANT 099""","K3670-slo-katmani-10",,"1068"
"K3671","K3671-slo-katmani-11","proposed","""BANT 099""","K3671-slo-katmani-11",,"1068"
"K3672","K3672-slo-katmani-12","proposed","""BANT 099""","K3672-slo-katmani-12",,"1068"
"K3673","K3673-slo-katmani-13","proposed","""BANT 099""","K3673-slo-katmani-13",,"1068"
"K3674","K3674-slo-katmani-14","proposed","""BANT 099""","K3674-slo-katmani-14",,"1068"
"K3675","K3675-slo-katmani-15","proposed","""BANT 099""","K3675-slo-katmani-15",,"1068"
"K3676","K3676-slo-katmani-16","proposed","""BANT 099""","K3676-slo-katmani-16",,"1068"
"K3677","K3677-slo-katmani-17","proposed","""BANT 099""","K3677-slo-katmani-17",,"1068"
"K3678","K3678-slo-katmani-18","proposed","""BANT 099""","K3678-slo-katmani-18",,"1068"
"K3679","K3679-slo-katmani-19","proposed","""BANT 099""","K3679-slo-katmani-19",,"1068"
"K3680","K3680-slo-katmani-20","proposed","""BANT 099""","K3680-slo-katmani-20",,"1068"
"K3681","K3681-slo-katmani-21","proposed","""BANT 099""","K3681-slo-katmani-21",,"1068"
"K3682","K3682-slo-katmani-22","proposed","""BANT 099""","K3682-slo-katmani-22",,"1068"
"K3683","K3683-slo-katmani-23","proposed","""BANT 099""","K3683-slo-katmani-23",,"1068"
"K3684","K3684-slo-katmani-24","proposed","""BANT 099""","K3684-slo-katmani-24",,"1068"
"K3685","K3685-slo-katmani-25","proposed","""BANT 099""","K3685-slo-katmani-25",,"1068"
"K3686","K3686-slo-katmani-26","proposed","""BANT 099""","K3686-slo-katmani-26",,"1068"
"K3687","K3687-slo-katmani-27","proposed","""BANT 099""","K3687-slo-katmani-27",,"1068"
"K3688","K3688-slo-katmani-28","proposed","""BANT 099""","K3688-slo-katmani-28",,"1068"
"K3689","K3689-slo-katmani-29","proposed","""BANT 099""","K3689-slo-katmani-29",,"1068"
"K3690","K3690-slo-katmani-30","proposed","""BANT 099""","K3690-slo-katmani-30",,"1068"
"K3691","K3691-slo-katmani-31","proposed","""BANT 099""","K3691-slo-katmani-31",,"1068"
"K3692","K3692-slo-katmani-32","proposed","""BANT 099""","K3692-slo-katmani-32",,"1068"
"K3693","K3693-slo-katmani-33","proposed","""BANT 099""","K3693-slo-katmani-33",,"1068"
"K3694","K3694-slo-katmani-34","proposed","""BANT 099""","K3694-slo-katmani-34",,"1068"
"K3695","K3695-slo-katmani-35","proposed","""BANT 099""","K3695-slo-katmani-35",,"1068"
"K3696","K3696-slo-katmani-36","proposed","""BANT 099""","K3696-slo-katmani-36",,"1068"
"K3697","K3697-slo-katmani-37","proposed","""BANT 099""","K3697-slo-katmani-37",,"1068"
"K3698","K3698-slo-katmani-38","proposed","""BANT 099""","K3698-slo-katmani-38",,"1068"
"K3699","K3699-slo-katmani-39","proposed","""BANT 099""","K3699-slo-katmani-39",,"1068"
"K3700","K3700-slo-katmani-40","proposed","""BANT 099""","K3700-slo-katmani-40",,"1068"
"K3701","K3701-maliyet-gozlemi-01","proposed","""BANT 100""","K3701-maliyet-gozlemi-01",,"1086"
"K3702","K3702-maliyet-gozlemi-02","proposed","""BANT 100""","K3702-maliyet-gozlemi-02",,"1086"
"K3703","K3703-maliyet-gozlemi-03","proposed","""BANT 100""","K3703-maliyet-gozlemi-03",,"1086"
"K3704","K3704-maliyet-gozlemi-04","proposed","""BANT 100""","K3704-maliyet-gozlemi-04",,"1086"
"K3705","K3705-maliyet-gozlemi-05","proposed","""BANT 100""","K3705-maliyet-gozlemi-05",,"1086"
"K3706","K3706-maliyet-gozlemi-06","proposed","""BANT 100""","K3706-maliyet-gozlemi-06",,"1086"
"K3707","K3707-maliyet-gozlemi-07","proposed","""BANT 100""","K3707-maliyet-gozlemi-07",,"1086"
"K3708","K3708-maliyet-gozlemi-08","proposed","""BANT 100""","K3708-maliyet-gozlemi-08",,"1086"
"K3709","K3709-maliyet-gozlemi-09","proposed","""BANT 100""","K3709-maliyet-gozlemi-09",,"1086"
"K3710","K3710-maliyet-gozlemi-10","proposed","""BANT 100""","K3710-maliyet-gozlemi-10",,"1088"
"K3711","K3711-maliyet-gozlemi-11","proposed","""BANT 100""","K3711-maliyet-gozlemi-11",,"1088"
"K3712","K3712-maliyet-gozlemi-12","proposed","""BANT 100""","K3712-maliyet-gozlemi-12",,"1088"
"K3713","K3713-maliyet-gozlemi-13","proposed","""BANT 100""","K3713-maliyet-gozlemi-13",,"1088"
"K3714","K3714-maliyet-gozlemi-14","proposed","""BANT 100""","K3714-maliyet-gozlemi-14",,"1088"
"K3715","K3715-maliyet-gozlemi-15","proposed","""BANT 100""","K3715-maliyet-gozlemi-15",,"1088"
"K3716","K3716-maliyet-gozlemi-16","proposed","""BANT 100""","K3716-maliyet-gozlemi-16",,"1088"
"K3717","K3717-maliyet-gozlemi-17","proposed","""BANT 100""","K3717-maliyet-gozlemi-17",,"1088"
"K3718","K3718-maliyet-gozlemi-18","proposed","""BANT 100""","K3718-maliyet-gozlemi-18",,"1088"
"K3719","K3719-maliyet-gozlemi-19","proposed","""BANT 100""","K3719-maliyet-gozlemi-19",,"1088"
"K3720","K3720-maliyet-gozlemi-20","proposed","""BANT 100""","K3720-maliyet-gozlemi-20",,"1088"
"K3721","K3721-maliyet-gozlemi-21","proposed","""BANT 100""","K3721-maliyet-gozlemi-21",,"1088"
"K3722","K3722-maliyet-gozlemi-22","proposed","""BANT 100""","K3722-maliyet-gozlemi-22",,"1088"
"K3723","K3723-maliyet-gozlemi-23","proposed","""BANT 100""","K3723-maliyet-gozlemi-23",,"1088"
"K3724","K3724-maliyet-gozlemi-24","proposed","""BANT 100""","K3724-maliyet-gozlemi-24",,"1088"
"K3725","K3725-maliyet-gozlemi-25","proposed","""BANT 100""","K3725-maliyet-gozlemi-25",,"1088"
"K3726","K3726-maliyet-gozlemi-26","proposed","""BANT 100""","K3726-maliyet-gozlemi-26",,"1088"
"K3727","K3727-maliyet-gozlemi-27","proposed","""BANT 100""","K3727-maliyet-gozlemi-27",,"1088"
"K3728","K3728-maliyet-gozlemi-28","proposed","""BANT 100""","K3728-maliyet-gozlemi-28",,"1088"
"K3729","K3729-maliyet-gozlemi-29","proposed","""BANT 100""","K3729-maliyet-gozlemi-29",,"1088"
"K3730","K3730-maliyet-gozlemi-30","proposed","""BANT 100""","K3730-maliyet-gozlemi-30",,"1088"
"K3731","K3731-maliyet-gozlemi-31","proposed","""BANT 100""","K3731-maliyet-gozlemi-31",,"1088"
"K3732","K3732-maliyet-gozlemi-32","proposed","""BANT 100""","K3732-maliyet-gozlemi-32",,"1088"
"K3733","K3733-maliyet-gozlemi-33","proposed","""BANT 100""","K3733-maliyet-gozlemi-33",,"1088"
"K3734","K3734-maliyet-gozlemi-34","proposed","""BANT 100""","K3734-maliyet-gozlemi-34",,"1088"
"K3735","K3735-maliyet-gozlemi-35","proposed","""BANT 100""","K3735-maliyet-gozlemi-35",,"1088"
"K3736","K3736-maliyet-gozlemi-36","proposed","""BANT 100""","K3736-maliyet-gozlemi-36",,"1088"
"K3737","K3737-maliyet-gozlemi-37","proposed","""BANT 100""","K3737-maliyet-gozlemi-37",,"1088"
"K3738","K3738-maliyet-gozlemi-38","proposed","""BANT 100""","K3738-maliyet-gozlemi-38",,"1088"
"K3739","K3739-maliyet-gozlemi-39","proposed","""BANT 100""","K3739-maliyet-gozlemi-39",,"1088"
"K3740","K3740-maliyet-gozlemi-40","proposed","""BANT 100""","K3740-maliyet-gozlemi-40",,"1088"
"K3741","K3741-surum-katmani-01","proposed","""BANT 101""","K3741-surum-katmani-01",,"1076"
"K3742","K3742-surum-katmani-02","proposed","""BANT 101""","K3742-surum-katmani-02",,"1076"
"K3743","K3743-surum-katmani-03","proposed","""BANT 101""","K3743-surum-katmani-03",,"1076"
"K3744","K3744-surum-katmani-04","proposed","""BANT 101""","K3744-surum-katmani-04",,"1076"
"K3745","K3745-surum-katmani-05","proposed","""BANT 101""","K3745-surum-katmani-05",,"1076"
"K3746","K3746-surum-katmani-06","proposed","""BANT 101""","K3746-surum-katmani-06",,"1076"
"K3747","K3747-surum-katmani-07","proposed","""BANT 101""","K3747-surum-katmani-07",,"1076"
"K3748","K3748-surum-katmani-08","proposed","""BANT 101""","K3748-surum-katmani-08",,"1076"
"K3749","K3749-surum-katmani-09","proposed","""BANT 101""","K3749-surum-katmani-09",,"1076"
"K3750","K3750-surum-katmani-10","proposed","""BANT 101""","K3750-surum-katmani-10",,"1078"
"K3751","K3751-surum-katmani-11","proposed","""BANT 101""","K3751-surum-katmani-11",,"1078"
"K3752","K3752-surum-katmani-12","proposed","""BANT 101""","K3752-surum-katmani-12",,"1078"
"K3753","K3753-surum-katmani-13","proposed","""BANT 101""","K3753-surum-katmani-13",,"1078"
"K3754","K3754-surum-katmani-14","proposed","""BANT 101""","K3754-surum-katmani-14",,"1078"
"K3755","K3755-surum-katmani-15","proposed","""BANT 101""","K3755-surum-katmani-15",,"1078"
"K3756","K3756-surum-katmani-16","proposed","""BANT 101""","K3756-surum-katmani-16",,"1078"
"K3757","K3757-surum-katmani-17","proposed","""BANT 101""","K3757-surum-katmani-17",,"1078"
"K3758","K3758-surum-katmani-18","proposed","""BANT 101""","K3758-surum-katmani-18",,"1078"
"K3759","K3759-surum-katmani-19","proposed","""BANT 101""","K3759-surum-katmani-19",,"1078"
"K3760","K3760-surum-katmani-20","proposed","""BANT 101""","K3760-surum-katmani-20",,"1078"
"K3761","K3761-surum-katmani-21","proposed","""BANT 101""","K3761-surum-katmani-21",,"1078"
"K3762","K3762-surum-katmani-22","proposed","""BANT 101""","K3762-surum-katmani-22",,"1078"
"K3763","K3763-surum-katmani-23","proposed","""BANT 101""","K3763-surum-katmani-23",,"1078"
"K3764","K3764-surum-katmani-24","proposed","""BANT 101""","K3764-surum-katmani-24",,"1078"
"K3765","K3765-surum-katmani-25","proposed","""BANT 101""","K3765-surum-katmani-25",,"1078"
"K3766","K3766-surum-katmani-26","proposed","""BANT 101""","K3766-surum-katmani-26",,"1078"
"K3767","K3767-surum-katmani-27","proposed","""BANT 101""","K3767-surum-katmani-27",,"1078"
"K3768","K3768-surum-katmani-28","proposed","""BANT 101""","K3768-surum-katmani-28",,"1078"
"K3769","K3769-surum-katmani-29","proposed","""BANT 101""","K3769-surum-katmani-29",,"1078"
"K3770","K3770-surum-katmani-30","proposed","""BANT 101""","K3770-surum-katmani-30",,"1078"
"K3771","K3771-surum-katmani-31","proposed","""BANT 101""","K3771-surum-katmani-31",,"1078"
"K3772","K3772-surum-katmani-32","proposed","""BANT 101""","K3772-surum-katmani-32",,"1078"
"K3773","K3773-surum-katmani-33","proposed","""BANT 101""","K3773-surum-katmani-33",,"1078"
"K3774","K3774-surum-katmani-34","proposed","""BANT 101""","K3774-surum-katmani-34",,"1078"
"K3775","K3775-surum-katmani-35","proposed","""BANT 101""","K3775-surum-katmani-35",,"1078"
"K3776","K3776-surum-katmani-36","proposed","""BANT 101""","K3776-surum-katmani-36",,"1078"
"K3777","K3777-surum-katmani-37","proposed","""BANT 101""","K3777-surum-katmani-37",,"1078"
"K3778","K3778-surum-katmani-38","proposed","""BANT 101""","K3778-surum-katmani-38",,"1078"
"K3779","K3779-surum-katmani-39","proposed","""BANT 101""","K3779-surum-katmani-39",,"1078"
"K3780","K3780-surum-katmani-40","proposed","""BANT 101""","K3780-surum-katmani-40",,"1078"
"K3781","K3781-altyapi-kodu-01","proposed","""BANT 102""","K3781-altyapi-kodu-01",,"1071"
"K3782","K3782-altyapi-kodu-02","proposed","""BANT 102""","K3782-altyapi-kodu-02",,"1071"
"K3783","K3783-altyapi-kodu-03","proposed","""BANT 102""","K3783-altyapi-kodu-03",,"1071"
"K3784","K3784-altyapi-kodu-04","proposed","""BANT 102""","K3784-altyapi-kodu-04",,"1071"
"K3785","K3785-altyapi-kodu-05","proposed","""BANT 102""","K3785-altyapi-kodu-05",,"1071"
"K3786","K3786-altyapi-kodu-06","proposed","""BANT 102""","K3786-altyapi-kodu-06",,"1071"
"K3787","K3787-altyapi-kodu-07","proposed","""BANT 102""","K3787-altyapi-kodu-07",,"1071"
"K3788","K3788-altyapi-kodu-08","proposed","""BANT 102""","K3788-altyapi-kodu-08",,"1071"
"K3789","K3789-altyapi-kodu-09","proposed","""BANT 102""","K3789-altyapi-kodu-09",,"1071"
"K3790","K3790-altyapi-kodu-10","proposed","""BANT 102""","K3790-altyapi-kodu-10",,"1073"
"K3791","K3791-altyapi-kodu-11","proposed","""BANT 102""","K3791-altyapi-kodu-11",,"1073"
"K3792","K3792-altyapi-kodu-12","proposed","""BANT 102""","K3792-altyapi-kodu-12",,"1073"
"K3793","K3793-altyapi-kodu-13","proposed","""BANT 102""","K3793-altyapi-kodu-13",,"1073"
"K3794","K3794-altyapi-kodu-14","proposed","""BANT 102""","K3794-altyapi-kodu-14",,"1073"
"K3795","K3795-altyapi-kodu-15","proposed","""BANT 102""","K3795-altyapi-kodu-15",,"1073"
"K3796","K3796-altyapi-kodu-16","proposed","""BANT 102""","K3796-altyapi-kodu-16",,"1073"
"K3797","K3797-altyapi-kodu-17","proposed","""BANT 102""","K3797-altyapi-kodu-17",,"1073"
"K3798","K3798-altyapi-kodu-18","proposed","""BANT 102""","K3798-altyapi-kodu-18",,"1073"
"K3799","K3799-altyapi-kodu-19","proposed","""BANT 102""","K3799-altyapi-kodu-19",,"1073"
"K3800","K3800-altyapi-kodu-20","proposed","""BANT 102""","K3800-altyapi-kodu-20",,"1073"
"K3801","K3801-altyapi-kodu-21","proposed","""BANT 102""","K3801-altyapi-kodu-21",,"1073"
"K3802","K3802-altyapi-kodu-22","proposed","""BANT 102""","K3802-altyapi-kodu-22",,"1073"
"K3803","K3803-altyapi-kodu-23","proposed","""BANT 102""","K3803-altyapi-kodu-23",,"1073"
"K3804","K3804-altyapi-kodu-24","proposed","""BANT 102""","K3804-altyapi-kodu-24",,"1073"
"K3805","K3805-altyapi-kodu-25","proposed","""BANT 102""","K3805-altyapi-kodu-25",,"1073"
"K3806","K3806-altyapi-kodu-26","proposed","""BANT 102""","K3806-altyapi-kodu-26",,"1073"
"K3807","K3807-altyapi-kodu-27","proposed","""BANT 102""","K3807-altyapi-kodu-27",,"1073"
"K3808","K3808-altyapi-kodu-28","proposed","""BANT 102""","K3808-altyapi-kodu-28",,"1073"
"K3809","K3809-altyapi-kodu-29","proposed","""BANT 102""","K3809-altyapi-kodu-29",,"1073"
"K3810","K3810-altyapi-kodu-30","proposed","""BANT 102""","K3810-altyapi-kodu-30",,"1073"
"K3811","K3811-altyapi-kodu-31","proposed","""BANT 102""","K3811-altyapi-kodu-31",,"1073"
"K3812","K3812-altyapi-kodu-32","proposed","""BANT 102""","K3812-altyapi-kodu-32",,"1073"
"K3813","K3813-altyapi-kodu-33","proposed","""BANT 102""","K3813-altyapi-kodu-33",,"1073"
"K3814","K3814-altyapi-kodu-34","proposed","""BANT 102""","K3814-altyapi-kodu-34",,"1073"
"K3815","K3815-altyapi-kodu-35","proposed","""BANT 102""","K3815-altyapi-kodu-35",,"1073"
"K3816","K3816-altyapi-kodu-36","proposed","""BANT 102""","K3816-altyapi-kodu-36",,"1073"
"K3817","K3817-altyapi-kodu-37","proposed","""BANT 102""","K3817-altyapi-kodu-37",,"1073"
"K3818","K3818-altyapi-kodu-38","proposed","""BANT 102""","K3818-altyapi-kodu-38",,"1073"
"K3819","K3819-altyapi-kodu-39","proposed","""BANT 102""","K3819-altyapi-kodu-39",,"1073"
"K3820","K3820-altyapi-kodu-40","proposed","""BANT 102""","K3820-altyapi-kodu-40",,"1073"
"K3821","K3821-konteyner-01","proposed","""BANT 103""","K3821-konteyner-01",,"1056"
"K3822","K3822-konteyner-02","proposed","""BANT 103""","K3822-konteyner-02",,"1056"
"K3823","K3823-konteyner-03","proposed","""BANT 103""","K3823-konteyner-03",,"1056"
"K3824","K3824-konteyner-04","proposed","""BANT 103""","K3824-konteyner-04",,"1056"
"K3825","K3825-konteyner-05","proposed","""BANT 103""","K3825-konteyner-05",,"1056"
"K3826","K3826-konteyner-06","proposed","""BANT 103""","K3826-konteyner-06",,"1056"
"K3827","K3827-konteyner-07","proposed","""BANT 103""","K3827-konteyner-07",,"1056"
"K3828","K3828-konteyner-08","proposed","""BANT 103""","K3828-konteyner-08",,"1056"
"K3829","K3829-konteyner-09","proposed","""BANT 103""","K3829-konteyner-09",,"1056"
"K3830","K3830-konteyner-10","proposed","""BANT 103""","K3830-konteyner-10",,"1058"
"K3831","K3831-konteyner-11","proposed","""BANT 103""","K3831-konteyner-11",,"1058"
"K3832","K3832-konteyner-12","proposed","""BANT 103""","K3832-konteyner-12",,"1058"
"K3833","K3833-konteyner-13","proposed","""BANT 103""","K3833-konteyner-13",,"1058"
"K3834","K3834-konteyner-14","proposed","""BANT 103""","K3834-konteyner-14",,"1058"
"K3835","K3835-konteyner-15","proposed","""BANT 103""","K3835-konteyner-15",,"1058"
"K3836","K3836-konteyner-16","proposed","""BANT 103""","K3836-konteyner-16",,"1058"
"K3837","K3837-konteyner-17","proposed","""BANT 103""","K3837-konteyner-17",,"1058"
"K3838","K3838-konteyner-18","proposed","""BANT 103""","K3838-konteyner-18",,"1058"
"K3839","K3839-konteyner-19","proposed","""BANT 103""","K3839-konteyner-19",,"1058"
"K3840","K3840-konteyner-20","proposed","""BANT 103""","K3840-konteyner-20",,"1058"
"K3841","K3841-konteyner-21","proposed","""BANT 103""","K3841-konteyner-21",,"1058"
"K3842","K3842-konteyner-22","proposed","""BANT 103""","K3842-konteyner-22",,"1058"
"K3843","K3843-konteyner-23","proposed","""BANT 103""","K3843-konteyner-23",,"1058"
"K3844","K3844-konteyner-24","proposed","""BANT 103""","K3844-konteyner-24",,"1058"
"K3845","K3845-konteyner-25","proposed","""BANT 103""","K3845-konteyner-25",,"1058"
"K3846","K3846-konteyner-26","proposed","""BANT 103""","K3846-konteyner-26",,"1058"
"K3847","K3847-konteyner-27","proposed","""BANT 103""","K3847-konteyner-27",,"1058"
"K3848","K3848-konteyner-28","proposed","""BANT 103""","K3848-konteyner-28",,"1058"
"K3849","K3849-konteyner-29","proposed","""BANT 103""","K3849-konteyner-29",,"1058"
"K3850","K3850-konteyner-30","proposed","""BANT 103""","K3850-konteyner-30",,"1058"
"K3851","K3851-konteyner-31","proposed","""BANT 103""","K3851-konteyner-31",,"1058"
"K3852","K3852-konteyner-32","proposed","""BANT 103""","K3852-konteyner-32",,"1058"
"K3853","K3853-konteyner-33","proposed","""BANT 103""","K3853-konteyner-33",,"1058"
"K3854","K3854-konteyner-34","proposed","""BANT 103""","K3854-konteyner-34",,"1058"
"K3855","K3855-konteyner-35","proposed","""BANT 103""","K3855-konteyner-35",,"1058"
"K3856","K3856-konteyner-36","proposed","""BANT 103""","K3856-konteyner-36",,"1058"
"K3857","K3857-konteyner-37","proposed","""BANT 103""","K3857-konteyner-37",,"1058"
"K3858","K3858-konteyner-38","proposed","""BANT 103""","K3858-konteyner-38",,"1058"
"K3859","K3859-konteyner-39","proposed","""BANT 103""","K3859-konteyner-39",,"1058"
"K3860","K3860-konteyner-40","proposed","""BANT 103""","K3860-konteyner-40",,"1058"
"K3861","K3861-arac-zinciri-01","proposed","""BANT 104""","K3861-arac-zinciri-01",,"1071"
"K3862","K3862-arac-zinciri-02","proposed","""BANT 104""","K3862-arac-zinciri-02",,"1071"
"K3863","K3863-arac-zinciri-03","proposed","""BANT 104""","K3863-arac-zinciri-03",,"1071"
"K3864","K3864-arac-zinciri-04","proposed","""BANT 104""","K3864-arac-zinciri-04",,"1071"
"K3865","K3865-arac-zinciri-05","proposed","""BANT 104""","K3865-arac-zinciri-05",,"1071"
"K3866","K3866-arac-zinciri-06","proposed","""BANT 104""","K3866-arac-zinciri-06",,"1071"
"K3867","K3867-arac-zinciri-07","proposed","""BANT 104""","K3867-arac-zinciri-07",,"1071"
"K3868","K3868-arac-zinciri-08","proposed","""BANT 104""","K3868-arac-zinciri-08",,"1071"
"K3869","K3869-arac-zinciri-09","proposed","""BANT 104""","K3869-arac-zinciri-09",,"1071"
"K3870","K3870-arac-zinciri-10","proposed","""BANT 104""","K3870-arac-zinciri-10",,"1073"
"K3871","K3871-arac-zinciri-11","proposed","""BANT 104""","K3871-arac-zinciri-11",,"1073"
"K3872","K3872-arac-zinciri-12","proposed","""BANT 104""","K3872-arac-zinciri-12",,"1073"
"K3873","K3873-arac-zinciri-13","proposed","""BANT 104""","K3873-arac-zinciri-13",,"1073"
"K3874","K3874-arac-zinciri-14","proposed","""BANT 104""","K3874-arac-zinciri-14",,"1073"
"K3875","K3875-arac-zinciri-15","proposed","""BANT 104""","K3875-arac-zinciri-15",,"1073"
"K3876","K3876-arac-zinciri-16","proposed","""BANT 104""","K3876-arac-zinciri-16",,"1073"
"K3877","K3877-arac-zinciri-17","proposed","""BANT 104""","K3877-arac-zinciri-17",,"1073"
"K3878","K3878-arac-zinciri-18","proposed","""BANT 104""","K3878-arac-zinciri-18",,"1073"
"K3879","K3879-arac-zinciri-19","proposed","""BANT 104""","K3879-arac-zinciri-19",,"1073"
"K3880","K3880-arac-zinciri-20","proposed","""BANT 104""","K3880-arac-zinciri-20",,"1073"
"K3881","K3881-arac-zinciri-21","proposed","""BANT 104""","K3881-arac-zinciri-21",,"1073"
"K3882","K3882-arac-zinciri-22","proposed","""BANT 104""","K3882-arac-zinciri-22",,"1073"
"K3883","K3883-arac-zinciri-23","proposed","""BANT 104""","K3883-arac-zinciri-23",,"1073"
"K3884","K3884-arac-zinciri-24","proposed","""BANT 104""","K3884-arac-zinciri-24",,"1073"
"K3885","K3885-arac-zinciri-25","proposed","""BANT 104""","K3885-arac-zinciri-25",,"1073"
"K3886","K3886-arac-zinciri-26","proposed","""BANT 104""","K3886-arac-zinciri-26",,"1073"
"K3887","K3887-arac-zinciri-27","proposed","""BANT 104""","K3887-arac-zinciri-27",,"1073"
"K3888","K3888-arac-zinciri-28","proposed","""BANT 104""","K3888-arac-zinciri-28",,"1073"
"K3889","K3889-arac-zinciri-29","proposed","""BANT 104""","K3889-arac-zinciri-29",,"1073"
"K3890","K3890-arac-zinciri-30","proposed","""BANT 104""","K3890-arac-zinciri-30",,"1073"
"K3891","K3891-arac-zinciri-31","proposed","""BANT 104""","K3891-arac-zinciri-31",,"1073"
"K3892","K3892-arac-zinciri-32","proposed","""BANT 104""","K3892-arac-zinciri-32",,"1073"
"K3893","K3893-arac-zinciri-33","proposed","""BANT 104""","K3893-arac-zinciri-33",,"1073"
"K3894","K3894-arac-zinciri-34","proposed","""BANT 104""","K3894-arac-zinciri-34",,"1073"
"K3895","K3895-arac-zinciri-35","proposed","""BANT 104""","K3895-arac-zinciri-35",,"1073"
"K3896","K3896-arac-zinciri-36","proposed","""BANT 104""","K3896-arac-zinciri-36",,"1073"
"K3897","K3897-arac-zinciri-37","proposed","""BANT 104""","K3897-arac-zinciri-37",,"1073"
"K3898","K3898-arac-zinciri-38","proposed","""BANT 104""","K3898-arac-zinciri-38",,"1073"
"K3899","K3899-arac-zinciri-39","proposed","""BANT 104""","K3899-arac-zinciri-39",,"1073"
"K3900","K3900-arac-zinciri-40","proposed","""BANT 104""","K3900-arac-zinciri-40",,"1073"
"K3901","K3901-hata-ayiklama-01","proposed","""BANT 105""","K3901-hata-ayiklama-01",,"1076"
"K3902","K3902-hata-ayiklama-02","proposed","""BANT 105""","K3902-hata-ayiklama-02",,"1076"
"K3903","K3903-hata-ayiklama-03","proposed","""BANT 105""","K3903-hata-ayiklama-03",,"1076"
"K3904","K3904-hata-ayiklama-04","proposed","""BANT 105""","K3904-hata-ayiklama-04",,"1076"
"K3905","K3905-hata-ayiklama-05","proposed","""BANT 105""","K3905-hata-ayiklama-05",,"1076"
"K3906","K3906-hata-ayiklama-06","proposed","""BANT 105""","K3906-hata-ayiklama-06",,"1076"
"K3907","K3907-hata-ayiklama-07","proposed","""BANT 105""","K3907-hata-ayiklama-07",,"1076"
"K3908","K3908-hata-ayiklama-08","proposed","""BANT 105""","K3908-hata-ayiklama-08",,"1076"
"K3909","K3909-hata-ayiklama-09","proposed","""BANT 105""","K3909-hata-ayiklama-09",,"1076"
"K3910","K3910-hata-ayiklama-10","proposed","""BANT 105""","K3910-hata-ayiklama-10",,"1078"
"K3911","K3911-hata-ayiklama-11","proposed","""BANT 105""","K3911-hata-ayiklama-11",,"1078"
"K3912","K3912-hata-ayiklama-12","proposed","""BANT 105""","K3912-hata-ayiklama-12",,"1078"
"K3913","K3913-hata-ayiklama-13","proposed","""BANT 105""","K3913-hata-ayiklama-13",,"1078"
"K3914","K3914-hata-ayiklama-14","proposed","""BANT 105""","K3914-hata-ayiklama-14",,"1078"
"K3915","K3915-hata-ayiklama-15","proposed","""BANT 105""","K3915-hata-ayiklama-15",,"1078"
"K3916","K3916-hata-ayiklama-16","proposed","""BANT 105""","K3916-hata-ayiklama-16",,"1078"
"K3917","K3917-hata-ayiklama-17","proposed","""BANT 105""","K3917-hata-ayiklama-17",,"1078"
"K3918","K3918-hata-ayiklama-18","proposed","""BANT 105""","K3918-hata-ayiklama-18",,"1078"
"K3919","K3919-hata-ayiklama-19","proposed","""BANT 105""","K3919-hata-ayiklama-19",,"1078"
"K3920","K3920-hata-ayiklama-20","proposed","""BANT 105""","K3920-hata-ayiklama-20",,"1078"
"K3921","K3921-hata-ayiklama-21","proposed","""BANT 105""","K3921-hata-ayiklama-21",,"1078"
"K3922","K3922-hata-ayiklama-22","proposed","""BANT 105""","K3922-hata-ayiklama-22",,"1078"
"K3923","K3923-hata-ayiklama-23","proposed","""BANT 105""","K3923-hata-ayiklama-23",,"1078"
"K3924","K3924-hata-ayiklama-24","proposed","""BANT 105""","K3924-hata-ayiklama-24",,"1078"
"K3925","K3925-hata-ayiklama-25","proposed","""BANT 105""","K3925-hata-ayiklama-25",,"1078"
"K3926","K3926-hata-ayiklama-26","proposed","""BANT 105""","K3926-hata-ayiklama-26",,"1078"
"K3927","K3927-hata-ayiklama-27","proposed","""BANT 105""","K3927-hata-ayiklama-27",,"1078"
"K3928","K3928-hata-ayiklama-28","proposed","""BANT 105""","K3928-hata-ayiklama-28",,"1078"
"K3929","K3929-hata-ayiklama-29","proposed","""BANT 105""","K3929-hata-ayiklama-29",,"1078"
"K3930","K3930-hata-ayiklama-30","proposed","""BANT 105""","K3930-hata-ayiklama-30",,"1078"
"K3931","K3931-hata-ayiklama-31","proposed","""BANT 105""","K3931-hata-ayiklama-31",,"1078"
"K3932","K3932-hata-ayiklama-32","proposed","""BANT 105""","K3932-hata-ayiklama-32",,"1078"
"K3933","K3933-hata-ayiklama-33","proposed","""BANT 105""","K3933-hata-ayiklama-33",,"1078"
"K3934","K3934-hata-ayiklama-34","proposed","""BANT 105""","K3934-hata-ayiklama-34",,"1078"
"K3935","K3935-hata-ayiklama-35","proposed","""BANT 105""","K3935-hata-ayiklama-35",,"1078"
"K3936","K3936-hata-ayiklama-36","proposed","""BANT 105""","K3936-hata-ayiklama-36",,"1078"
"K3937","K3937-hata-ayiklama-37","proposed","""BANT 105""","K3937-hata-ayiklama-37",,"1078"
"K3938","K3938-hata-ayiklama-38","proposed","""BANT 105""","K3938-hata-ayiklama-38",,"1078"
"K3939","K3939-hata-ayiklama-39","proposed","""BANT 105""","K3939-hata-ayiklama-39",,"1078"
"K3940","K3940-hata-ayiklama-40","proposed","""BANT 105""","K3940-hata-ayiklama-40",,"1078"
"K3941","K3941-test-platformu-01","proposed","""BANT 106""","K3941-test-platformu-01",,"1081"
"K3942","K3942-test-platformu-02","proposed","""BANT 106""","K3942-test-platformu-02",,"1081"
"K3943","K3943-test-platformu-03","proposed","""BANT 106""","K3943-test-platformu-03",,"1081"
"K3944","K3944-test-platformu-04","proposed","""BANT 106""","K3944-test-platformu-04",,"1081"
"K3945","K3945-test-platformu-05","proposed","""BANT 106""","K3945-test-platformu-05",,"1081"
"K3946","K3946-test-platformu-06","proposed","""BANT 106""","K3946-test-platformu-06",,"1081"
"K3947","K3947-test-platformu-07","proposed","""BANT 106""","K3947-test-platformu-07",,"1081"
"K3948","K3948-test-platformu-08","proposed","""BANT 106""","K3948-test-platformu-08",,"1081"
"K3949","K3949-test-platformu-09","proposed","""BANT 106""","K3949-test-platformu-09",,"1081"
"K3950","K3950-test-platformu-10","proposed","""BANT 106""","K3950-test-platformu-10",,"1083"
"K3951","K3951-test-platformu-11","proposed","""BANT 106""","K3951-test-platformu-11",,"1083"
"K3952","K3952-test-platformu-12","proposed","""BANT 106""","K3952-test-platformu-12",,"1083"
"K3953","K3953-test-platformu-13","proposed","""BANT 106""","K3953-test-platformu-13",,"1083"
"K3954","K3954-test-platformu-14","proposed","""BANT 106""","K3954-test-platformu-14",,"1083"
"K3955","K3955-test-platformu-15","proposed","""BANT 106""","K3955-test-platformu-15",,"1083"
"K3956","K3956-test-platformu-16","proposed","""BANT 106""","K3956-test-platformu-16",,"1083"
"K3957","K3957-test-platformu-17","proposed","""BANT 106""","K3957-test-platformu-17",,"1083"
"K3958","K3958-test-platformu-18","proposed","""BANT 106""","K3958-test-platformu-18",,"1083"
"K3959","K3959-test-platformu-19","proposed","""BANT 106""","K3959-test-platformu-19",,"1083"
"K3960","K3960-test-platformu-20","proposed","""BANT 106""","K3960-test-platformu-20",,"1083"
"K3961","K3961-test-platformu-21","proposed","""BANT 106""","K3961-test-platformu-21",,"1083"
"K3962","K3962-test-platformu-22","proposed","""BANT 106""","K3962-test-platformu-22",,"1083"
"K3963","K3963-test-platformu-23","proposed","""BANT 106""","K3963-test-platformu-23",,"1083"
"K3964","K3964-test-platformu-24","proposed","""BANT 106""","K3964-test-platformu-24",,"1083"
"K3965","K3965-test-platformu-25","proposed","""BANT 106""","K3965-test-platformu-25",,"1083"
"K3966","K3966-test-platformu-26","proposed","""BANT 106""","K3966-test-platformu-26",,"1083"
"K3967","K3967-test-platformu-27","proposed","""BANT 106""","K3967-test-platformu-27",,"1083"
"K3968","K3968-test-platformu-28","proposed","""BANT 106""","K3968-test-platformu-28",,"1083"
"K3969","K3969-test-platformu-29","proposed","""BANT 106""","K3969-test-platformu-29",,"1083"
"K3970","K3970-test-platformu-30","proposed","""BANT 106""","K3970-test-platformu-30",,"1083"
"K3971","K3971-test-platformu-31","proposed","""BANT 106""","K3971-test-platformu-31",,"1083"
"K3972","K3972-test-platformu-32","proposed","""BANT 106""","K3972-test-platformu-32",,"1083"
"K3973","K3973-test-platformu-33","proposed","""BANT 106""","K3973-test-platformu-33",,"1083"
"K3974","K3974-test-platformu-34","proposed","""BANT 106""","K3974-test-platformu-34",,"1083"
"K3975","K3975-test-platformu-35","proposed","""BANT 106""","K3975-test-platformu-35",,"1083"
"K3976","K3976-test-platformu-36","proposed","""BANT 106""","K3976-test-platformu-36",,"1083"
"K3977","K3977-test-platformu-37","proposed","""BANT 106""","K3977-test-platformu-37",,"1083"
"K3978","K3978-test-platformu-38","proposed","""BANT 106""","K3978-test-platformu-38",,"1083"
"K3979","K3979-test-platformu-39","proposed","""BANT 106""","K3979-test-platformu-39",,"1083"
"K3980","K3980-test-platformu-40","proposed","""BANT 106""","K3980-test-platformu-40",,"1083"
"K3981","K3981-vergi-01","proposed","""BANT 107""","K3981-vergi-01",,"1036"
"K3982","K3982-vergi-02","proposed","""BANT 107""","K3982-vergi-02",,"1036"
"K3983","K3983-vergi-03","proposed","""BANT 107""","K3983-vergi-03",,"1036"
"K3984","K3984-vergi-04","proposed","""BANT 107""","K3984-vergi-04",,"1036"
"K3985","K3985-vergi-05","proposed","""BANT 107""","K3985-vergi-05",,"1036"
"K3986","K3986-vergi-06","proposed","""BANT 107""","K3986-vergi-06",,"1036"
"K3987","K3987-vergi-07","proposed","""BANT 107""","K3987-vergi-07",,"1036"
"K3988","K3988-vergi-08","proposed","""BANT 107""","K3988-vergi-08",,"1036"
"K3989","K3989-vergi-09","proposed","""BANT 107""","K3989-vergi-09",,"1036"
"K3990","K3990-vergi-10","proposed","""BANT 107""","K3990-vergi-10",,"1038"
"K3991","K3991-vergi-11","proposed","""BANT 107""","K3991-vergi-11",,"1038"
"K3992","K3992-vergi-12","proposed","""BANT 107""","K3992-vergi-12",,"1038"
"K3993","K3993-vergi-13","proposed","""BANT 107""","K3993-vergi-13",,"1038"
"K3994","K3994-vergi-14","proposed","""BANT 107""","K3994-vergi-14",,"1038"
"K3995","K3995-vergi-15","proposed","""BANT 107""","K3995-vergi-15",,"1038"
"K3996","K3996-vergi-16","proposed","""BANT 107""","K3996-vergi-16",,"1038"
"K3997","K3997-vergi-17","proposed","""BANT 107""","K3997-vergi-17",,"1038"
"K3998","K3998-vergi-18","proposed","""BANT 107""","K3998-vergi-18",,"1038"
"K3999","K3999-vergi-19","proposed","""BANT 107""","K3999-vergi-19",,"1038"
"K4000","K4000-vergi-20","proposed","""BANT 107""","K4000-vergi-20",,"1038"
"K4001","K4001-vergi-21","proposed","""BANT 107""","K4001-vergi-21",,"1038"
"K4002","K4002-vergi-22","proposed","""BANT 107""","K4002-vergi-22",,"1038"
"K4003","K4003-vergi-23","proposed","""BANT 107""","K4003-vergi-23",,"1038"
"K4004","K4004-vergi-24","proposed","""BANT 107""","K4004-vergi-24",,"1038"
"K4005","K4005-vergi-25","proposed","""BANT 107""","K4005-vergi-25",,"1038"
"K4006","K4006-vergi-26","proposed","""BANT 107""","K4006-vergi-26",,"1038"
"K4007","K4007-vergi-27","proposed","""BANT 107""","K4007-vergi-27",,"1038"
"K4008","K4008-vergi-28","proposed","""BANT 107""","K4008-vergi-28",,"1038"
"K4009","K4009-vergi-29","proposed","""BANT 107""","K4009-vergi-29",,"1038"
"K4010","K4010-vergi-30","proposed","""BANT 107""","K4010-vergi-30",,"1038"
"K4011","K4011-vergi-31","proposed","""BANT 107""","K4011-vergi-31",,"1038"
"K4012","K4012-vergi-32","proposed","""BANT 107""","K4012-vergi-32",,"1038"
"K4013","K4013-vergi-33","proposed","""BANT 107""","K4013-vergi-33",,"1038"
"K4014","K4014-vergi-34","proposed","""BANT 107""","K4014-vergi-34",,"1038"
"K4015","K4015-vergi-35","proposed","""BANT 107""","K4015-vergi-35",,"1038"
"K4016","K4016-vergi-36","proposed","""BANT 107""","K4016-vergi-36",,"1038"
"K4017","K4017-vergi-37","proposed","""BANT 107""","K4017-vergi-37",,"1038"
"K4018","K4018-vergi-38","proposed","""BANT 107""","K4018-vergi-38",,"1038"
"K4019","K4019-vergi-39","proposed","""BANT 107""","K4019-vergi-39",,"1038"
"K4020","K4020-vergi-40","proposed","""BANT 107""","K4020-vergi-40",,"1038"
"K4021","K4021-dolandiricilik-01","proposed","""BANT 108""","K4021-dolandiricilik-01",,"1081"
"K4022","K4022-dolandiricilik-02","proposed","""BANT 108""","K4022-dolandiricilik-02",,"1081"
"K4023","K4023-dolandiricilik-03","proposed","""BANT 108""","K4023-dolandiricilik-03",,"1081"
"K4024","K4024-dolandiricilik-04","proposed","""BANT 108""","K4024-dolandiricilik-04",,"1081"
"K4025","K4025-dolandiricilik-05","proposed","""BANT 108""","K4025-dolandiricilik-05",,"1081"
"K4026","K4026-dolandiricilik-06","proposed","""BANT 108""","K4026-dolandiricilik-06",,"1081"
"K4027","K4027-dolandiricilik-07","proposed","""BANT 108""","K4027-dolandiricilik-07",,"1081"
"K4028","K4028-dolandiricilik-08","proposed","""BANT 108""","K4028-dolandiricilik-08",,"1081"
"K4029","K4029-dolandiricilik-09","proposed","""BANT 108""","K4029-dolandiricilik-09",,"1081"
"K4030","K4030-dolandiricilik-10","proposed","""BANT 108""","K4030-dolandiricilik-10",,"1083"
"K4031","K4031-dolandiricilik-11","proposed","""BANT 108""","K4031-dolandiricilik-11",,"1083"
"K4032","K4032-dolandiricilik-12","proposed","""BANT 108""","K4032-dolandiricilik-12",,"1083"
"K4033","K4033-dolandiricilik-13","proposed","""BANT 108""","K4033-dolandiricilik-13",,"1083"
"K4034","K4034-dolandiricilik-14","proposed","""BANT 108""","K4034-dolandiricilik-14",,"1083"
"K4035","K4035-dolandiricilik-15","proposed","""BANT 108""","K4035-dolandiricilik-15",,"1083"
"K4036","K4036-dolandiricilik-16","proposed","""BANT 108""","K4036-dolandiricilik-16",,"1083"
"K4037","K4037-dolandiricilik-17","proposed","""BANT 108""","K4037-dolandiricilik-17",,"1083"
"K4038","K4038-dolandiricilik-18","proposed","""BANT 108""","K4038-dolandiricilik-18",,"1083"
"K4039","K4039-dolandiricilik-19","proposed","""BANT 108""","K4039-dolandiricilik-19",,"1083"
"K4040","K4040-dolandiricilik-20","proposed","""BANT 108""","K4040-dolandiricilik-20",,"1083"
"K4041","K4041-dolandiricilik-21","proposed","""BANT 108""","K4041-dolandiricilik-21",,"1083"
"K4042","K4042-dolandiricilik-22","proposed","""BANT 108""","K4042-dolandiricilik-22",,"1083"
"K4043","K4043-dolandiricilik-23","proposed","""BANT 108""","K4043-dolandiricilik-23",,"1083"
"K4044","K4044-dolandiricilik-24","proposed","""BANT 108""","K4044-dolandiricilik-24",,"1083"
"K4045","K4045-dolandiricilik-25","proposed","""BANT 108""","K4045-dolandiricilik-25",,"1083"
"K4046","K4046-dolandiricilik-26","proposed","""BANT 108""","K4046-dolandiricilik-26",,"1083"
"K4047","K4047-dolandiricilik-27","proposed","""BANT 108""","K4047-dolandiricilik-27",,"1083"
"K4048","K4048-dolandiricilik-28","proposed","""BANT 108""","K4048-dolandiricilik-28",,"1083"
"K4049","K4049-dolandiricilik-29","proposed","""BANT 108""","K4049-dolandiricilik-29",,"1083"
"K4050","K4050-dolandiricilik-30","proposed","""BANT 108""","K4050-dolandiricilik-30",,"1083"
"K4051","K4051-dolandiricilik-31","proposed","""BANT 108""","K4051-dolandiricilik-31",,"1083"
"K4052","K4052-dolandiricilik-32","proposed","""BANT 108""","K4052-dolandiricilik-32",,"1083"
"K4053","K4053-dolandiricilik-33","proposed","""BANT 108""","K4053-dolandiricilik-33",,"1083"
"K4054","K4054-dolandiricilik-34","proposed","""BANT 108""","K4054-dolandiricilik-34",,"1083"
"K4055","K4055-dolandiricilik-35","proposed","""BANT 108""","K4055-dolandiricilik-35",,"1083"
"K4056","K4056-dolandiricilik-36","proposed","""BANT 108""","K4056-dolandiricilik-36",,"1083"
"K4057","K4057-dolandiricilik-37","proposed","""BANT 108""","K4057-dolandiricilik-37",,"1083"
"K4058","K4058-dolandiricilik-38","proposed","""BANT 108""","K4058-dolandiricilik-38",,"1083"
"K4059","K4059-dolandiricilik-39","proposed","""BANT 108""","K4059-dolandiricilik-39",,"1083"
"K4060","K4060-dolandiricilik-40","proposed","""BANT 108""","K4060-dolandiricilik-40",,"1083"
"K4061","K4061-katalog-hakki-01","proposed","""BANT 109""","K4061-katalog-hakki-01",,"1076"
"K4062","K4062-katalog-hakki-02","proposed","""BANT 109""","K4062-katalog-hakki-02",,"1076"
"K4063","K4063-katalog-hakki-03","proposed","""BANT 109""","K4063-katalog-hakki-03",,"1076"
"K4064","K4064-katalog-hakki-04","proposed","""BANT 109""","K4064-katalog-hakki-04",,"1076"
"K4065","K4065-katalog-hakki-05","proposed","""BANT 109""","K4065-katalog-hakki-05",,"1076"
"K4066","K4066-katalog-hakki-06","proposed","""BANT 109""","K4066-katalog-hakki-06",,"1076"
"K4067","K4067-katalog-hakki-07","proposed","""BANT 109""","K4067-katalog-hakki-07",,"1076"
"K4068","K4068-katalog-hakki-08","proposed","""BANT 109""","K4068-katalog-hakki-08",,"1076"
"K4069","K4069-katalog-hakki-09","proposed","""BANT 109""","K4069-katalog-hakki-09",,"1076"
"K4070","K4070-katalog-hakki-10","proposed","""BANT 109""","K4070-katalog-hakki-10",,"1078"
"K4071","K4071-katalog-hakki-11","proposed","""BANT 109""","K4071-katalog-hakki-11",,"1078"
"K4072","K4072-katalog-hakki-12","proposed","""BANT 109""","K4072-katalog-hakki-12",,"1078"
"K4073","K4073-katalog-hakki-13","proposed","""BANT 109""","K4073-katalog-hakki-13",,"1078"
"K4074","K4074-katalog-hakki-14","proposed","""BANT 109""","K4074-katalog-hakki-14",,"1078"
"K4075","K4075-katalog-hakki-15","proposed","""BANT 109""","K4075-katalog-hakki-15",,"1078"
"K4076","K4076-katalog-hakki-16","proposed","""BANT 109""","K4076-katalog-hakki-16",,"1078"
"K4077","K4077-katalog-hakki-17","proposed","""BANT 109""","K4077-katalog-hakki-17",,"1078"
"K4078","K4078-katalog-hakki-18","proposed","""BANT 109""","K4078-katalog-hakki-18",,"1078"
"K4079","K4079-katalog-hakki-19","proposed","""BANT 109""","K4079-katalog-hakki-19",,"1078"
"K4080","K4080-katalog-hakki-20","proposed","""BANT 109""","K4080-katalog-hakki-20",,"1078"
"K4081","K4081-katalog-hakki-21","proposed","""BANT 109""","K4081-katalog-hakki-21",,"1078"
"K4082","K4082-katalog-hakki-22","proposed","""BANT 109""","K4082-katalog-hakki-22",,"1078"
"K4083","K4083-katalog-hakki-23","proposed","""BANT 109""","K4083-katalog-hakki-23",,"1078"
"K4084","K4084-katalog-hakki-24","proposed","""BANT 109""","K4084-katalog-hakki-24",,"1078"
"K4085","K4085-katalog-hakki-25","proposed","""BANT 109""","K4085-katalog-hakki-25",,"1078"
"K4086","K4086-katalog-hakki-26","proposed","""BANT 109""","K4086-katalog-hakki-26",,"1078"
"K4087","K4087-katalog-hakki-27","proposed","""BANT 109""","K4087-katalog-hakki-27",,"1078"
"K4088","K4088-katalog-hakki-28","proposed","""BANT 109""","K4088-katalog-hakki-28",,"1078"
"K4089","K4089-katalog-hakki-29","proposed","""BANT 109""","K4089-katalog-hakki-29",,"1078"
"K4090","K4090-katalog-hakki-30","proposed","""BANT 109""","K4090-katalog-hakki-30",,"1078"
"K4091","K4091-katalog-hakki-31","proposed","""BANT 109""","K4091-katalog-hakki-31",,"1078"
"K4092","K4092-katalog-hakki-32","proposed","""BANT 109""","K4092-katalog-hakki-32",,"1078"
"K4093","K4093-katalog-hakki-33","proposed","""BANT 109""","K4093-katalog-hakki-33",,"1078"
"K4094","K4094-katalog-hakki-34","proposed","""BANT 109""","K4094-katalog-hakki-34",,"1078"
"K4095","K4095-katalog-hakki-35","proposed","""BANT 109""","K4095-katalog-hakki-35",,"1078"
"K4096","K4096-katalog-hakki-36","proposed","""BANT 109""","K4096-katalog-hakki-36",,"1078"
"K4097","K4097-katalog-hakki-37","proposed","""BANT 109""","K4097-katalog-hakki-37",,"1078"
"K4098","K4098-katalog-hakki-38","proposed","""BANT 109""","K4098-katalog-hakki-38",,"1078"
"K4099","K4099-katalog-hakki-39","proposed","""BANT 109""","K4099-katalog-hakki-39",,"1078"
"K4100","K4100-katalog-hakki-40","proposed","""BANT 109""","K4100-katalog-hakki-40",,"1078"
"K4101","K4101-royalty-01","proposed","""BANT 110""","K4101-royalty-01",,"1046"
"K4102","K4102-royalty-02","proposed","""BANT 110""","K4102-royalty-02",,"1046"
"K4103","K4103-royalty-03","proposed","""BANT 110""","K4103-royalty-03",,"1046"
"K4104","K4104-royalty-04","proposed","""BANT 110""","K4104-royalty-04",,"1046"
"K4105","K4105-royalty-05","proposed","""BANT 110""","K4105-royalty-05",,"1046"
"K4106","K4106-royalty-06","proposed","""BANT 110""","K4106-royalty-06",,"1046"
"K4107","K4107-royalty-07","proposed","""BANT 110""","K4107-royalty-07",,"1046"
"K4108","K4108-royalty-08","proposed","""BANT 110""","K4108-royalty-08",,"1046"
"K4109","K4109-royalty-09","proposed","""BANT 110""","K4109-royalty-09",,"1046"
"K4110","K4110-royalty-10","proposed","""BANT 110""","K4110-royalty-10",,"1048"
"K4111","K4111-royalty-11","proposed","""BANT 110""","K4111-royalty-11",,"1048"
"K4112","K4112-royalty-12","proposed","""BANT 110""","K4112-royalty-12",,"1048"
"K4113","K4113-royalty-13","proposed","""BANT 110""","K4113-royalty-13",,"1048"
"K4114","K4114-royalty-14","proposed","""BANT 110""","K4114-royalty-14",,"1048"
"K4115","K4115-royalty-15","proposed","""BANT 110""","K4115-royalty-15",,"1048"
"K4116","K4116-royalty-16","proposed","""BANT 110""","K4116-royalty-16",,"1048"
"K4117","K4117-royalty-17","proposed","""BANT 110""","K4117-royalty-17",,"1048"
"K4118","K4118-royalty-18","proposed","""BANT 110""","K4118-royalty-18",,"1048"
"K4119","K4119-royalty-19","proposed","""BANT 110""","K4119-royalty-19",,"1048"
"K4120","K4120-royalty-20","proposed","""BANT 110""","K4120-royalty-20",,"1048"
"K4121","K4121-royalty-21","proposed","""BANT 110""","K4121-royalty-21",,"1048"
"K4122","K4122-royalty-22","proposed","""BANT 110""","K4122-royalty-22",,"1048"
"K4123","K4123-royalty-23","proposed","""BANT 110""","K4123-royalty-23",,"1048"
"K4124","K4124-royalty-24","proposed","""BANT 110""","K4124-royalty-24",,"1048"
"K4125","K4125-royalty-25","proposed","""BANT 110""","K4125-royalty-25",,"1048"
"K4126","K4126-royalty-26","proposed","""BANT 110""","K4126-royalty-26",,"1048"
"K4127","K4127-royalty-27","proposed","""BANT 110""","K4127-royalty-27",,"1048"
"K4128","K4128-royalty-28","proposed","""BANT 110""","K4128-royalty-28",,"1048"
"K4129","K4129-royalty-29","proposed","""BANT 110""","K4129-royalty-29",,"1048"
"K4130","K4130-royalty-30","proposed","""BANT 110""","K4130-royalty-30",,"1048"
"K4131","K4131-royalty-31","proposed","""BANT 110""","K4131-royalty-31",,"1048"
"K4132","K4132-royalty-32","proposed","""BANT 110""","K4132-royalty-32",,"1048"
"K4133","K4133-royalty-33","proposed","""BANT 110""","K4133-royalty-33",,"1048"
"K4134","K4134-royalty-34","proposed","""BANT 110""","K4134-royalty-34",,"1048"
"K4135","K4135-royalty-35","proposed","""BANT 110""","K4135-royalty-35",,"1048"
"K4136","K4136-royalty-36","proposed","""BANT 110""","K4136-royalty-36",,"1048"
"K4137","K4137-royalty-37","proposed","""BANT 110""","K4137-royalty-37",,"1048"
"K4138","K4138-royalty-38","proposed","""BANT 110""","K4138-royalty-38",,"1048"
"K4139","K4139-royalty-39","proposed","""BANT 110""","K4139-royalty-39",,"1048"
"K4140","K4140-royalty-40","proposed","""BANT 110""","K4140-royalty-40",,"1048"
"K4141","K4141-metaveri-01","proposed","""BANT 111""","K4141-metaveri-01",,"1051"
"K4142","K4142-metaveri-02","proposed","""BANT 111""","K4142-metaveri-02",,"1051"
"K4143","K4143-metaveri-03","proposed","""BANT 111""","K4143-metaveri-03",,"1051"
"K4144","K4144-metaveri-04","proposed","""BANT 111""","K4144-metaveri-04",,"1051"
"K4145","K4145-metaveri-05","proposed","""BANT 111""","K4145-metaveri-05",,"1051"
"K4146","K4146-metaveri-06","proposed","""BANT 111""","K4146-metaveri-06",,"1051"
"K4147","K4147-metaveri-07","proposed","""BANT 111""","K4147-metaveri-07",,"1051"
"K4148","K4148-metaveri-08","proposed","""BANT 111""","K4148-metaveri-08",,"1051"
"K4149","K4149-metaveri-09","proposed","""BANT 111""","K4149-metaveri-09",,"1051"
"K4150","K4150-metaveri-10","proposed","""BANT 111""","K4150-metaveri-10",,"1053"
"K4151","K4151-metaveri-11","proposed","""BANT 111""","K4151-metaveri-11",,"1053"
"K4152","K4152-metaveri-12","proposed","""BANT 111""","K4152-metaveri-12",,"1053"
"K4153","K4153-metaveri-13","proposed","""BANT 111""","K4153-metaveri-13",,"1053"
"K4154","K4154-metaveri-14","proposed","""BANT 111""","K4154-metaveri-14",,"1053"
"K4155","K4155-metaveri-15","proposed","""BANT 111""","K4155-metaveri-15",,"1053"
"K4156","K4156-metaveri-16","proposed","""BANT 111""","K4156-metaveri-16",,"1053"
"K4157","K4157-metaveri-17","proposed","""BANT 111""","K4157-metaveri-17",,"1053"
"K4158","K4158-metaveri-18","proposed","""BANT 111""","K4158-metaveri-18",,"1053"
"K4159","K4159-metaveri-19","proposed","""BANT 111""","K4159-metaveri-19",,"1053"
"K4160","K4160-metaveri-20","proposed","""BANT 111""","K4160-metaveri-20",,"1053"
"K4161","K4161-metaveri-21","proposed","""BANT 111""","K4161-metaveri-21",,"1053"
"K4162","K4162-metaveri-22","proposed","""BANT 111""","K4162-metaveri-22",,"1053"
"K4163","K4163-metaveri-23","proposed","""BANT 111""","K4163-metaveri-23",,"1053"
"K4164","K4164-metaveri-24","proposed","""BANT 111""","K4164-metaveri-24",,"1053"
"K4165","K4165-metaveri-25","proposed","""BANT 111""","K4165-metaveri-25",,"1053"
"K4166","K4166-metaveri-26","proposed","""BANT 111""","K4166-metaveri-26",,"1053"
"K4167","K4167-metaveri-27","proposed","""BANT 111""","K4167-metaveri-27",,"1053"
"K4168","K4168-metaveri-28","proposed","""BANT 111""","K4168-metaveri-28",,"1053"
"K4169","K4169-metaveri-29","proposed","""BANT 111""","K4169-metaveri-29",,"1053"
"K4170","K4170-metaveri-30","proposed","""BANT 111""","K4170-metaveri-30",,"1053"
"K4171","K4171-metaveri-31","proposed","""BANT 111""","K4171-metaveri-31",,"1053"
"K4172","K4172-metaveri-32","proposed","""BANT 111""","K4172-metaveri-32",,"1053"
"K4173","K4173-metaveri-33","proposed","""BANT 111""","K4173-metaveri-33",,"1053"
"K4174","K4174-metaveri-34","proposed","""BANT 111""","K4174-metaveri-34",,"1053"
"K4175","K4175-metaveri-35","proposed","""BANT 111""","K4175-metaveri-35",,"1053"
"K4176","K4176-metaveri-36","proposed","""BANT 111""","K4176-metaveri-36",,"1053"
"K4177","K4177-metaveri-37","proposed","""BANT 111""","K4177-metaveri-37",,"1053"
"K4178","K4178-metaveri-38","proposed","""BANT 111""","K4178-metaveri-38",,"1053"
"K4179","K4179-metaveri-39","proposed","""BANT 111""","K4179-metaveri-39",,"1053"
"K4180","K4180-metaveri-40","proposed","""BANT 111""","K4180-metaveri-40",,"1053"
"K4181","K4181-album-kapagi-01","proposed","""BANT 112""","K4181-album-kapagi-01",,"1071"
"K4182","K4182-album-kapagi-02","proposed","""BANT 112""","K4182-album-kapagi-02",,"1071"
"K4183","K4183-album-kapagi-03","proposed","""BANT 112""","K4183-album-kapagi-03",,"1071"
"K4184","K4184-album-kapagi-04","proposed","""BANT 112""","K4184-album-kapagi-04",,"1071"
"K4185","K4185-album-kapagi-05","proposed","""BANT 112""","K4185-album-kapagi-05",,"1071"
"K4186","K4186-album-kapagi-06","proposed","""BANT 112""","K4186-album-kapagi-06",,"1071"
"K4187","K4187-album-kapagi-07","proposed","""BANT 112""","K4187-album-kapagi-07",,"1071"
"K4188","K4188-album-kapagi-08","proposed","""BANT 112""","K4188-album-kapagi-08",,"1071"
"K4189","K4189-album-kapagi-09","proposed","""BANT 112""","K4189-album-kapagi-09",,"1071"
"K4190","K4190-album-kapagi-10","proposed","""BANT 112""","K4190-album-kapagi-10",,"1073"
"K4191","K4191-album-kapagi-11","proposed","""BANT 112""","K4191-album-kapagi-11",,"1073"
"K4192","K4192-album-kapagi-12","proposed","""BANT 112""","K4192-album-kapagi-12",,"1073"
"K4193","K4193-album-kapagi-13","proposed","""BANT 112""","K4193-album-kapagi-13",,"1073"
"K4194","K4194-album-kapagi-14","proposed","""BANT 112""","K4194-album-kapagi-14",,"1073"
"K4195","K4195-album-kapagi-15","proposed","""BANT 112""","K4195-album-kapagi-15",,"1073"
"K4196","K4196-album-kapagi-16","proposed","""BANT 112""","K4196-album-kapagi-16",,"1073"
"K4197","K4197-album-kapagi-17","proposed","""BANT 112""","K4197-album-kapagi-17",,"1073"
"K4198","K4198-album-kapagi-18","proposed","""BANT 112""","K4198-album-kapagi-18",,"1073"
"K4199","K4199-album-kapagi-19","proposed","""BANT 112""","K4199-album-kapagi-19",,"1073"
"K4200","K4200-album-kapagi-20","proposed","""BANT 112""","K4200-album-kapagi-20",,"1073"
"K4201","K4201-album-kapagi-21","proposed","""BANT 112""","K4201-album-kapagi-21",,"1073"
"K4202","K4202-album-kapagi-22","proposed","""BANT 112""","K4202-album-kapagi-22",,"1073"
"K4203","K4203-album-kapagi-23","proposed","""BANT 112""","K4203-album-kapagi-23",,"1073"
"K4204","K4204-album-kapagi-24","proposed","""BANT 112""","K4204-album-kapagi-24",,"1073"
"K4205","K4205-album-kapagi-25","proposed","""BANT 112""","K4205-album-kapagi-25",,"1073"
"K4206","K4206-album-kapagi-26","proposed","""BANT 112""","K4206-album-kapagi-26",,"1073"
"K4207","K4207-album-kapagi-27","proposed","""BANT 112""","K4207-album-kapagi-27",,"1073"
"K4208","K4208-album-kapagi-28","proposed","""BANT 112""","K4208-album-kapagi-28",,"1073"
"K4209","K4209-album-kapagi-29","proposed","""BANT 112""","K4209-album-kapagi-29",,"1073"
"K4210","K4210-album-kapagi-30","proposed","""BANT 112""","K4210-album-kapagi-30",,"1073"
"K4211","K4211-album-kapagi-31","proposed","""BANT 112""","K4211-album-kapagi-31",,"1073"
"K4212","K4212-album-kapagi-32","proposed","""BANT 112""","K4212-album-kapagi-32",,"1073"
"K4213","K4213-album-kapagi-33","proposed","""BANT 112""","K4213-album-kapagi-33",,"1073"
"K4214","K4214-album-kapagi-34","proposed","""BANT 112""","K4214-album-kapagi-34",,"1073"
"K4215","K4215-album-kapagi-35","proposed","""BANT 112""","K4215-album-kapagi-35",,"1073"
"K4216","K4216-album-kapagi-36","proposed","""BANT 112""","K4216-album-kapagi-36",,"1073"
"K4217","K4217-album-kapagi-37","proposed","""BANT 112""","K4217-album-kapagi-37",,"1073"
"K4218","K4218-album-kapagi-38","proposed","""BANT 112""","K4218-album-kapagi-38",,"1073"
"K4219","K4219-album-kapagi-39","proposed","""BANT 112""","K4219-album-kapagi-39",,"1073"
"K4220","K4220-album-kapagi-40","proposed","""BANT 112""","K4220-album-kapagi-40",,"1073"
"K4221","K4221-sarki-sozu-01","proposed","""BANT 113""","K4221-sarki-sozu-01",,"1061"
"K4222","K4222-sarki-sozu-02","proposed","""BANT 113""","K4222-sarki-sozu-02",,"1061"
"K4223","K4223-sarki-sozu-03","proposed","""BANT 113""","K4223-sarki-sozu-03",,"1061"
"K4224","K4224-sarki-sozu-04","proposed","""BANT 113""","K4224-sarki-sozu-04",,"1061"
"K4225","K4225-sarki-sozu-05","proposed","""BANT 113""","K4225-sarki-sozu-05",,"1061"
"K4226","K4226-sarki-sozu-06","proposed","""BANT 113""","K4226-sarki-sozu-06",,"1061"
"K4227","K4227-sarki-sozu-07","proposed","""BANT 113""","K4227-sarki-sozu-07",,"1061"
"K4228","K4228-sarki-sozu-08","proposed","""BANT 113""","K4228-sarki-sozu-08",,"1061"
"K4229","K4229-sarki-sozu-09","proposed","""BANT 113""","K4229-sarki-sozu-09",,"1061"
"K4230","K4230-sarki-sozu-10","proposed","""BANT 113""","K4230-sarki-sozu-10",,"1063"
"K4231","K4231-sarki-sozu-11","proposed","""BANT 113""","K4231-sarki-sozu-11",,"1063"
"K4232","K4232-sarki-sozu-12","proposed","""BANT 113""","K4232-sarki-sozu-12",,"1063"
"K4233","K4233-sarki-sozu-13","proposed","""BANT 113""","K4233-sarki-sozu-13",,"1063"
"K4234","K4234-sarki-sozu-14","proposed","""BANT 113""","K4234-sarki-sozu-14",,"1063"
"K4235","K4235-sarki-sozu-15","proposed","""BANT 113""","K4235-sarki-sozu-15",,"1063"
"K4236","K4236-sarki-sozu-16","proposed","""BANT 113""","K4236-sarki-sozu-16",,"1063"
"K4237","K4237-sarki-sozu-17","proposed","""BANT 113""","K4237-sarki-sozu-17",,"1063"
"K4238","K4238-sarki-sozu-18","proposed","""BANT 113""","K4238-sarki-sozu-18",,"1063"
"K4239","K4239-sarki-sozu-19","proposed","""BANT 113""","K4239-sarki-sozu-19",,"1063"
"K4240","K4240-sarki-sozu-20","proposed","""BANT 113""","K4240-sarki-sozu-20",,"1063"
"K4241","K4241-sarki-sozu-21","proposed","""BANT 113""","K4241-sarki-sozu-21",,"1063"
"K4242","K4242-sarki-sozu-22","proposed","""BANT 113""","K4242-sarki-sozu-22",,"1063"
"K4243","K4243-sarki-sozu-23","proposed","""BANT 113""","K4243-sarki-sozu-23",,"1063"
"K4244","K4244-sarki-sozu-24","proposed","""BANT 113""","K4244-sarki-sozu-24",,"1063"
"K4245","K4245-sarki-sozu-25","proposed","""BANT 113""","K4245-sarki-sozu-25",,"1063"
"K4246","K4246-sarki-sozu-26","proposed","""BANT 113""","K4246-sarki-sozu-26",,"1063"
"K4247","K4247-sarki-sozu-27","proposed","""BANT 113""","K4247-sarki-sozu-27",,"1063"
"K4248","K4248-sarki-sozu-28","proposed","""BANT 113""","K4248-sarki-sozu-28",,"1063"
"K4249","K4249-sarki-sozu-29","proposed","""BANT 113""","K4249-sarki-sozu-29",,"1063"
"K4250","K4250-sarki-sozu-30","proposed","""BANT 113""","K4250-sarki-sozu-30",,"1063"
"K4251","K4251-sarki-sozu-31","proposed","""BANT 113""","K4251-sarki-sozu-31",,"1063"
"K4252","K4252-sarki-sozu-32","proposed","""BANT 113""","K4252-sarki-sozu-32",,"1063"
"K4253","K4253-sarki-sozu-33","proposed","""BANT 113""","K4253-sarki-sozu-33",,"1063"
"K4254","K4254-sarki-sozu-34","proposed","""BANT 113""","K4254-sarki-sozu-34",,"1063"
"K4255","K4255-sarki-sozu-35","proposed","""BANT 113""","K4255-sarki-sozu-35",,"1063"
"K4256","K4256-sarki-sozu-36","proposed","""BANT 113""","K4256-sarki-sozu-36",,"1063"
"K4257","K4257-sarki-sozu-37","proposed","""BANT 113""","K4257-sarki-sozu-37",,"1063"
"K4258","K4258-sarki-sozu-38","proposed","""BANT 113""","K4258-sarki-sozu-38",,"1063"
"K4259","K4259-sarki-sozu-39","proposed","""BANT 113""","K4259-sarki-sozu-39",,"1063"
"K4260","K4260-sarki-sozu-40","proposed","""BANT 113""","K4260-sarki-sozu-40",,"1063"
"K4261","K4261-coklu-oda-agi-01","proposed","""BANT 114""","K4261-coklu-oda-agi-01",,"1076"
"K4262","K4262-coklu-oda-agi-02","proposed","""BANT 114""","K4262-coklu-oda-agi-02",,"1076"
"K4263","K4263-coklu-oda-agi-03","proposed","""BANT 114""","K4263-coklu-oda-agi-03",,"1076"
"K4264","K4264-coklu-oda-agi-04","proposed","""BANT 114""","K4264-coklu-oda-agi-04",,"1076"
"K4265","K4265-coklu-oda-agi-05","proposed","""BANT 114""","K4265-coklu-oda-agi-05",,"1076"
"K4266","K4266-coklu-oda-agi-06","proposed","""BANT 114""","K4266-coklu-oda-agi-06",,"1076"
"K4267","K4267-coklu-oda-agi-07","proposed","""BANT 114""","K4267-coklu-oda-agi-07",,"1076"
"K4268","K4268-coklu-oda-agi-08","proposed","""BANT 114""","K4268-coklu-oda-agi-08",,"1076"
"K4269","K4269-coklu-oda-agi-09","proposed","""BANT 114""","K4269-coklu-oda-agi-09",,"1076"
"K4270","K4270-coklu-oda-agi-10","proposed","""BANT 114""","K4270-coklu-oda-agi-10",,"1078"
"K4271","K4271-coklu-oda-agi-11","proposed","""BANT 114""","K4271-coklu-oda-agi-11",,"1078"
"K4272","K4272-coklu-oda-agi-12","proposed","""BANT 114""","K4272-coklu-oda-agi-12",,"1078"
"K4273","K4273-coklu-oda-agi-13","proposed","""BANT 114""","K4273-coklu-oda-agi-13",,"1078"
"K4274","K4274-coklu-oda-agi-14","proposed","""BANT 114""","K4274-coklu-oda-agi-14",,"1078"
"K4275","K4275-coklu-oda-agi-15","proposed","""BANT 114""","K4275-coklu-oda-agi-15",,"1078"
"K4276","K4276-coklu-oda-agi-16","proposed","""BANT 114""","K4276-coklu-oda-agi-16",,"1078"
"K4277","K4277-coklu-oda-agi-17","proposed","""BANT 114""","K4277-coklu-oda-agi-17",,"1078"
"K4278","K4278-coklu-oda-agi-18","proposed","""BANT 114""","K4278-coklu-oda-agi-18",,"1078"
"K4279","K4279-coklu-oda-agi-19","proposed","""BANT 114""","K4279-coklu-oda-agi-19",,"1078"
"K4280","K4280-coklu-oda-agi-20","proposed","""BANT 114""","K4280-coklu-oda-agi-20",,"1078"
"K4281","K4281-coklu-oda-agi-21","proposed","""BANT 114""","K4281-coklu-oda-agi-21",,"1078"
"K4282","K4282-coklu-oda-agi-22","proposed","""BANT 114""","K4282-coklu-oda-agi-22",,"1078"
"K4283","K4283-coklu-oda-agi-23","proposed","""BANT 114""","K4283-coklu-oda-agi-23",,"1078"
"K4284","K4284-coklu-oda-agi-24","proposed","""BANT 114""","K4284-coklu-oda-agi-24",,"1078"
"K4285","K4285-coklu-oda-agi-25","proposed","""BANT 114""","K4285-coklu-oda-agi-25",,"1078"
"K4286","K4286-coklu-oda-agi-26","proposed","""BANT 114""","K4286-coklu-oda-agi-26",,"1078"
"K4287","K4287-coklu-oda-agi-27","proposed","""BANT 114""","K4287-coklu-oda-agi-27",,"1078"
"K4288","K4288-coklu-oda-agi-28","proposed","""BANT 114""","K4288-coklu-oda-agi-28",,"1078"
"K4289","K4289-coklu-oda-agi-29","proposed","""BANT 114""","K4289-coklu-oda-agi-29",,"1078"
"K4290","K4290-coklu-oda-agi-30","proposed","""BANT 114""","K4290-coklu-oda-agi-30",,"1078"
"K4291","K4291-coklu-oda-agi-31","proposed","""BANT 114""","K4291-coklu-oda-agi-31",,"1078"
"K4292","K4292-coklu-oda-agi-32","proposed","""BANT 114""","K4292-coklu-oda-agi-32",,"1078"
"K4293","K4293-coklu-oda-agi-33","proposed","""BANT 114""","K4293-coklu-oda-agi-33",,"1078"
"K4294","K4294-coklu-oda-agi-34","proposed","""BANT 114""","K4294-coklu-oda-agi-34",,"1078"
"K4295","K4295-coklu-oda-agi-35","proposed","""BANT 114""","K4295-coklu-oda-agi-35",,"1078"
"K4296","K4296-coklu-oda-agi-36","proposed","""BANT 114""","K4296-coklu-oda-agi-36",,"1078"
"K4297","K4297-coklu-oda-agi-37","proposed","""BANT 114""","K4297-coklu-oda-agi-37",,"1078"
"K4298","K4298-coklu-oda-agi-38","proposed","""BANT 114""","K4298-coklu-oda-agi-38",,"1078"
"K4299","K4299-coklu-oda-agi-39","proposed","""BANT 114""","K4299-coklu-oda-agi-39",,"1078"
"K4300","K4300-coklu-oda-agi-40","proposed","""BANT 114""","K4300-coklu-oda-agi-40",,"1078"
"K4301","K4301-arac-agi-01","proposed","""BANT 115""","K4301-arac-agi-01",,"1051"
"K4302","K4302-arac-agi-02","proposed","""BANT 115""","K4302-arac-agi-02",,"1051"
"K4303","K4303-arac-agi-03","proposed","""BANT 115""","K4303-arac-agi-03",,"1051"
"K4304","K4304-arac-agi-04","proposed","""BANT 115""","K4304-arac-agi-04",,"1051"
"K4305","K4305-arac-agi-05","proposed","""BANT 115""","K4305-arac-agi-05",,"1051"
"K4306","K4306-arac-agi-06","proposed","""BANT 115""","K4306-arac-agi-06",,"1051"
"K4307","K4307-arac-agi-07","proposed","""BANT 115""","K4307-arac-agi-07",,"1051"
"K4308","K4308-arac-agi-08","proposed","""BANT 115""","K4308-arac-agi-08",,"1051"
"K4309","K4309-arac-agi-09","proposed","""BANT 115""","K4309-arac-agi-09",,"1051"
"K4310","K4310-arac-agi-10","proposed","""BANT 115""","K4310-arac-agi-10",,"1053"
"K4311","K4311-arac-agi-11","proposed","""BANT 115""","K4311-arac-agi-11",,"1053"
"K4312","K4312-arac-agi-12","proposed","""BANT 115""","K4312-arac-agi-12",,"1053"
"K4313","K4313-arac-agi-13","proposed","""BANT 115""","K4313-arac-agi-13",,"1053"
"K4314","K4314-arac-agi-14","proposed","""BANT 115""","K4314-arac-agi-14",,"1053"
"K4315","K4315-arac-agi-15","proposed","""BANT 115""","K4315-arac-agi-15",,"1053"
"K4316","K4316-arac-agi-16","proposed","""BANT 115""","K4316-arac-agi-16",,"1053"
"K4317","K4317-arac-agi-17","proposed","""BANT 115""","K4317-arac-agi-17",,"1053"
"K4318","K4318-arac-agi-18","proposed","""BANT 115""","K4318-arac-agi-18",,"1053"
"K4319","K4319-arac-agi-19","proposed","""BANT 115""","K4319-arac-agi-19",,"1053"
"K4320","K4320-arac-agi-20","proposed","""BANT 115""","K4320-arac-agi-20",,"1053"
"K4321","K4321-arac-agi-21","proposed","""BANT 115""","K4321-arac-agi-21",,"1053"
"K4322","K4322-arac-agi-22","proposed","""BANT 115""","K4322-arac-agi-22",,"1053"
"K4323","K4323-arac-agi-23","proposed","""BANT 115""","K4323-arac-agi-23",,"1053"
"K4324","K4324-arac-agi-24","proposed","""BANT 115""","K4324-arac-agi-24",,"1053"
"K4325","K4325-arac-agi-25","proposed","""BANT 115""","K4325-arac-agi-25",,"1053"
"K4326","K4326-arac-agi-26","proposed","""BANT 115""","K4326-arac-agi-26",,"1053"
"K4327","K4327-arac-agi-27","proposed","""BANT 115""","K4327-arac-agi-27",,"1053"
"K4328","K4328-arac-agi-28","proposed","""BANT 115""","K4328-arac-agi-28",,"1053"
"K4329","K4329-arac-agi-29","proposed","""BANT 115""","K4329-arac-agi-29",,"1053"
"K4330","K4330-arac-agi-30","proposed","""BANT 115""","K4330-arac-agi-30",,"1053"
"K4331","K4331-arac-agi-31","proposed","""BANT 115""","K4331-arac-agi-31",,"1053"
"K4332","K4332-arac-agi-32","proposed","""BANT 115""","K4332-arac-agi-32",,"1053"
"K4333","K4333-arac-agi-33","proposed","""BANT 115""","K4333-arac-agi-33",,"1053"
"K4334","K4334-arac-agi-34","proposed","""BANT 115""","K4334-arac-agi-34",,"1053"
"K4335","K4335-arac-agi-35","proposed","""BANT 115""","K4335-arac-agi-35",,"1053"
"K4336","K4336-arac-agi-36","proposed","""BANT 115""","K4336-arac-agi-36",,"1053"
"K4337","K4337-arac-agi-37","proposed","""BANT 115""","K4337-arac-agi-37",,"1053"
"K4338","K4338-arac-agi-38","proposed","""BANT 115""","K4338-arac-agi-38",,"1053"
"K4339","K4339-arac-agi-39","proposed","""BANT 115""","K4339-arac-agi-39",,"1053"
"K4340","K4340-arac-agi-40","proposed","""BANT 115""","K4340-arac-agi-40",,"1053"
"K4341","K4341-studyo-agi-01","proposed","""BANT 116""","K4341-studyo-agi-01",,"1061"
"K4342","K4342-studyo-agi-02","proposed","""BANT 116""","K4342-studyo-agi-02",,"1061"
"K4343","K4343-studyo-agi-03","proposed","""BANT 116""","K4343-studyo-agi-03",,"1061"
"K4344","K4344-studyo-agi-04","proposed","""BANT 116""","K4344-studyo-agi-04",,"1061"
"K4345","K4345-studyo-agi-05","proposed","""BANT 116""","K4345-studyo-agi-05",,"1061"
"K4346","K4346-studyo-agi-06","proposed","""BANT 116""","K4346-studyo-agi-06",,"1061"
"K4347","K4347-studyo-agi-07","proposed","""BANT 116""","K4347-studyo-agi-07",,"1061"
"K4348","K4348-studyo-agi-08","proposed","""BANT 116""","K4348-studyo-agi-08",,"1061"
"K4349","K4349-studyo-agi-09","proposed","""BANT 116""","K4349-studyo-agi-09",,"1061"
"K4350","K4350-studyo-agi-10","proposed","""BANT 116""","K4350-studyo-agi-10",,"1063"
"K4351","K4351-studyo-agi-11","proposed","""BANT 116""","K4351-studyo-agi-11",,"1063"
"K4352","K4352-studyo-agi-12","proposed","""BANT 116""","K4352-studyo-agi-12",,"1063"
"K4353","K4353-studyo-agi-13","proposed","""BANT 116""","K4353-studyo-agi-13",,"1063"
"K4354","K4354-studyo-agi-14","proposed","""BANT 116""","K4354-studyo-agi-14",,"1063"
"K4355","K4355-studyo-agi-15","proposed","""BANT 116""","K4355-studyo-agi-15",,"1063"
"K4356","K4356-studyo-agi-16","proposed","""BANT 116""","K4356-studyo-agi-16",,"1063"
"K4357","K4357-studyo-agi-17","proposed","""BANT 116""","K4357-studyo-agi-17",,"1063"
"K4358","K4358-studyo-agi-18","proposed","""BANT 116""","K4358-studyo-agi-18",,"1063"
"K4359","K4359-studyo-agi-19","proposed","""BANT 116""","K4359-studyo-agi-19",,"1063"
"K4360","K4360-studyo-agi-20","proposed","""BANT 116""","K4360-studyo-agi-20",,"1063"
"K4361","K4361-studyo-agi-21","proposed","""BANT 116""","K4361-studyo-agi-21",,"1063"
"K4362","K4362-studyo-agi-22","proposed","""BANT 116""","K4362-studyo-agi-22",,"1063"
"K4363","K4363-studyo-agi-23","proposed","""BANT 116""","K4363-studyo-agi-23",,"1063"
"K4364","K4364-studyo-agi-24","proposed","""BANT 116""","K4364-studyo-agi-24",,"1063"
"K4365","K4365-studyo-agi-25","proposed","""BANT 116""","K4365-studyo-agi-25",,"1063"
"K4366","K4366-studyo-agi-26","proposed","""BANT 116""","K4366-studyo-agi-26",,"1063"
"K4367","K4367-studyo-agi-27","proposed","""BANT 116""","K4367-studyo-agi-27",,"1063"
"K4368","K4368-studyo-agi-28","proposed","""BANT 116""","K4368-studyo-agi-28",,"1063"
"K4369","K4369-studyo-agi-29","proposed","""BANT 116""","K4369-studyo-agi-29",,"1063"
"K4370","K4370-studyo-agi-30","proposed","""BANT 116""","K4370-studyo-agi-30",,"1063"
"K4371","K4371-studyo-agi-31","proposed","""BANT 116""","K4371-studyo-agi-31",,"1063"
"K4372","K4372-studyo-agi-32","proposed","""BANT 116""","K4372-studyo-agi-32",,"1063"
"K4373","K4373-studyo-agi-33","proposed","""BANT 116""","K4373-studyo-agi-33",,"1063"
"K4374","K4374-studyo-agi-34","proposed","""BANT 116""","K4374-studyo-agi-34",,"1063"
"K4375","K4375-studyo-agi-35","proposed","""BANT 116""","K4375-studyo-agi-35",,"1063"
"K4376","K4376-studyo-agi-36","proposed","""BANT 116""","K4376-studyo-agi-36",,"1063"
"K4377","K4377-studyo-agi-37","proposed","""BANT 116""","K4377-studyo-agi-37",,"1063"
"K4378","K4378-studyo-agi-38","proposed","""BANT 116""","K4378-studyo-agi-38",,"1063"
"K4379","K4379-studyo-agi-39","proposed","""BANT 116""","K4379-studyo-agi-39",,"1063"
"K4380","K4380-studyo-agi-40","proposed","""BANT 116""","K4380-studyo-agi-40",,"1063"
"K4381","K4381-firmware-guvenligi-01","proposed","""BANT 117""","K4381-firmware-guvenligi-01",,"1101"
"K4382","K4382-firmware-guvenligi-02","proposed","""BANT 117""","K4382-firmware-guvenligi-02",,"1101"
"K4383","K4383-firmware-guvenligi-03","proposed","""BANT 117""","K4383-firmware-guvenligi-03",,"1101"
"K4384","K4384-firmware-guvenligi-04","proposed","""BANT 117""","K4384-firmware-guvenligi-04",,"1101"
"K4385","K4385-firmware-guvenligi-05","proposed","""BANT 117""","K4385-firmware-guvenligi-05",,"1101"
"K4386","K4386-firmware-guvenligi-06","proposed","""BANT 117""","K4386-firmware-guvenligi-06",,"1101"
"K4387","K4387-firmware-guvenligi-07","proposed","""BANT 117""","K4387-firmware-guvenligi-07",,"1101"
"K4388","K4388-firmware-guvenligi-08","proposed","""BANT 117""","K4388-firmware-guvenligi-08",,"1101"
"K4389","K4389-firmware-guvenligi-09","proposed","""BANT 117""","K4389-firmware-guvenligi-09",,"1101"
"K4390","K4390-firmware-guvenligi-10","proposed","""BANT 117""","K4390-firmware-guvenligi-10",,"1103"
"K4391","K4391-firmware-guvenligi-11","proposed","""BANT 117""","K4391-firmware-guvenligi-11",,"1103"
"K4392","K4392-firmware-guvenligi-12","proposed","""BANT 117""","K4392-firmware-guvenligi-12",,"1103"
"K4393","K4393-firmware-guvenligi-13","proposed","""BANT 117""","K4393-firmware-guvenligi-13",,"1103"
"K4394","K4394-firmware-guvenligi-14","proposed","""BANT 117""","K4394-firmware-guvenligi-14",,"1103"
"K4395","K4395-firmware-guvenligi-15","proposed","""BANT 117""","K4395-firmware-guvenligi-15",,"1103"
"K4396","K4396-firmware-guvenligi-16","proposed","""BANT 117""","K4396-firmware-guvenligi-16",,"1103"
"K4397","K4397-firmware-guvenligi-17","proposed","""BANT 117""","K4397-firmware-guvenligi-17",,"1103"
"K4398","K4398-firmware-guvenligi-18","proposed","""BANT 117""","K4398-firmware-guvenligi-18",,"1103"
"K4399","K4399-firmware-guvenligi-19","proposed","""BANT 117""","K4399-firmware-guvenligi-19",,"1103"
"K4400","K4400-firmware-guvenligi-20","proposed","""BANT 117""","K4400-firmware-guvenligi-20",,"1103"
"K4401","K4401-firmware-guvenligi-21","proposed","""BANT 117""","K4401-firmware-guvenligi-21",,"1103"
"K4402","K4402-firmware-guvenligi-22","proposed","""BANT 117""","K4402-firmware-guvenligi-22",,"1103"
"K4403","K4403-firmware-guvenligi-23","proposed","""BANT 117""","K4403-firmware-guvenligi-23",,"1103"
"K4404","K4404-firmware-guvenligi-24","proposed","""BANT 117""","K4404-firmware-guvenligi-24",,"1103"
"K4405","K4405-firmware-guvenligi-25","proposed","""BANT 117""","K4405-firmware-guvenligi-25",,"1103"
"K4406","K4406-firmware-guvenligi-26","proposed","""BANT 117""","K4406-firmware-guvenligi-26",,"1103"
"K4407","K4407-firmware-guvenligi-27","proposed","""BANT 117""","K4407-firmware-guvenligi-27",,"1103"
"K4408","K4408-firmware-guvenligi-28","proposed","""BANT 117""","K4408-firmware-guvenligi-28",,"1103"
"K4409","K4409-firmware-guvenligi-29","proposed","""BANT 117""","K4409-firmware-guvenligi-29",,"1103"
"K4410","K4410-firmware-guvenligi-30","proposed","""BANT 117""","K4410-firmware-guvenligi-30",,"1103"
"K4411","K4411-firmware-guvenligi-31","proposed","""BANT 117""","K4411-firmware-guvenligi-31",,"1103"
"K4412","K4412-firmware-guvenligi-32","proposed","""BANT 117""","K4412-firmware-guvenligi-32",,"1103"
"K4413","K4413-firmware-guvenligi-33","proposed","""BANT 117""","K4413-firmware-guvenligi-33",,"1103"
"K4414","K4414-firmware-guvenligi-34","proposed","""BANT 117""","K4414-firmware-guvenligi-34",,"1103"
"K4415","K4415-firmware-guvenligi-35","proposed","""BANT 117""","K4415-firmware-guvenligi-35",,"1103"
"K4416","K4416-firmware-guvenligi-36","proposed","""BANT 117""","K4416-firmware-guvenligi-36",,"1103"
"K4417","K4417-firmware-guvenligi-37","proposed","""BANT 117""","K4417-firmware-guvenligi-37",,"1103"
"K4418","K4418-firmware-guvenligi-38","proposed","""BANT 117""","K4418-firmware-guvenligi-38",,"1103"
"K4419","K4419-firmware-guvenligi-39","proposed","""BANT 117""","K4419-firmware-guvenligi-39",,"1103"
"K4420","K4420-firmware-guvenligi-40","proposed","""BANT 117""","K4420-firmware-guvenligi-40",,"1103"
"K4421","K4421-surucu-guvenligi-01","proposed","""BANT 118""","K4421-surucu-guvenligi-01",,"1091"
"K4422","K4422-surucu-guvenligi-02","proposed","""BANT 118""","K4422-surucu-guvenligi-02",,"1091"
"K4423","K4423-surucu-guvenligi-03","proposed","""BANT 118""","K4423-surucu-guvenligi-03",,"1091"
"K4424","K4424-surucu-guvenligi-04","proposed","""BANT 118""","K4424-surucu-guvenligi-04",,"1091"
"K4425","K4425-surucu-guvenligi-05","proposed","""BANT 118""","K4425-surucu-guvenligi-05",,"1091"
"K4426","K4426-surucu-guvenligi-06","proposed","""BANT 118""","K4426-surucu-guvenligi-06",,"1091"
"K4427","K4427-surucu-guvenligi-07","proposed","""BANT 118""","K4427-surucu-guvenligi-07",,"1091"
"K4428","K4428-surucu-guvenligi-08","proposed","""BANT 118""","K4428-surucu-guvenligi-08",,"1091"
"K4429","K4429-surucu-guvenligi-09","proposed","""BANT 118""","K4429-surucu-guvenligi-09",,"1091"
"K4430","K4430-surucu-guvenligi-10","proposed","""BANT 118""","K4430-surucu-guvenligi-10",,"1093"
"K4431","K4431-surucu-guvenligi-11","proposed","""BANT 118""","K4431-surucu-guvenligi-11",,"1093"
"K4432","K4432-surucu-guvenligi-12","proposed","""BANT 118""","K4432-surucu-guvenligi-12",,"1093"
"K4433","K4433-surucu-guvenligi-13","proposed","""BANT 118""","K4433-surucu-guvenligi-13",,"1093"
"K4434","K4434-surucu-guvenligi-14","proposed","""BANT 118""","K4434-surucu-guvenligi-14",,"1093"
"K4435","K4435-surucu-guvenligi-15","proposed","""BANT 118""","K4435-surucu-guvenligi-15",,"1093"
"K4436","K4436-surucu-guvenligi-16","proposed","""BANT 118""","K4436-surucu-guvenligi-16",,"1093"
"K4437","K4437-surucu-guvenligi-17","proposed","""BANT 118""","K4437-surucu-guvenligi-17",,"1093"
"K4438","K4438-surucu-guvenligi-18","proposed","""BANT 118""","K4438-surucu-guvenligi-18",,"1093"
"K4439","K4439-surucu-guvenligi-19","proposed","""BANT 118""","K4439-surucu-guvenligi-19",,"1093"
"K4440","K4440-surucu-guvenligi-20","proposed","""BANT 118""","K4440-surucu-guvenligi-20",,"1093"
"K4441","K4441-surucu-guvenligi-21","proposed","""BANT 118""","K4441-surucu-guvenligi-21",,"1093"
"K4442","K4442-surucu-guvenligi-22","proposed","""BANT 118""","K4442-surucu-guvenligi-22",,"1093"
"K4443","K4443-surucu-guvenligi-23","proposed","""BANT 118""","K4443-surucu-guvenligi-23",,"1093"
"K4444","K4444-surucu-guvenligi-24","proposed","""BANT 118""","K4444-surucu-guvenligi-24",,"1093"
"K4445","K4445-surucu-guvenligi-25","proposed","""BANT 118""","K4445-surucu-guvenligi-25",,"1093"
"K4446","K4446-surucu-guvenligi-26","proposed","""BANT 118""","K4446-surucu-guvenligi-26",,"1093"
"K4447","K4447-surucu-guvenligi-27","proposed","""BANT 118""","K4447-surucu-guvenligi-27",,"1093"
"K4448","K4448-surucu-guvenligi-28","proposed","""BANT 118""","K4448-surucu-guvenligi-28",,"1093"
"K4449","K4449-surucu-guvenligi-29","proposed","""BANT 118""","K4449-surucu-guvenligi-29",,"1093"
"K4450","K4450-surucu-guvenligi-30","proposed","""BANT 118""","K4450-surucu-guvenligi-30",,"1093"
"K4451","K4451-surucu-guvenligi-31","proposed","""BANT 118""","K4451-surucu-guvenligi-31",,"1093"
"K4452","K4452-surucu-guvenligi-32","proposed","""BANT 118""","K4452-surucu-guvenligi-32",,"1093"
"K4453","K4453-surucu-guvenligi-33","proposed","""BANT 118""","K4453-surucu-guvenligi-33",,"1093"
"K4454","K4454-surucu-guvenligi-34","proposed","""BANT 118""","K4454-surucu-guvenligi-34",,"1093"
"K4455","K4455-surucu-guvenligi-35","proposed","""BANT 118""","K4455-surucu-guvenligi-35",,"1093"
"K4456","K4456-surucu-guvenligi-36","proposed","""BANT 118""","K4456-surucu-guvenligi-36",,"1093"
"K4457","K4457-surucu-guvenligi-37","proposed","""BANT 118""","K4457-surucu-guvenligi-37",,"1093"
"K4458","K4458-surucu-guvenligi-38","proposed","""BANT 118""","K4458-surucu-guvenligi-38",,"1093"
"K4459","K4459-surucu-guvenligi-39","proposed","""BANT 118""","K4459-surucu-guvenligi-39",,"1093"
"K4460","K4460-surucu-guvenligi-40","proposed","""BANT 118""","K4460-surucu-guvenligi-40",,"1093"
"K4461","K4461-icerik-guvenligi-01","proposed","""BANT 119""","K4461-icerik-guvenligi-01",,"1091"
"K4462","K4462-icerik-guvenligi-02","proposed","""BANT 119""","K4462-icerik-guvenligi-02",,"1091"
"K4463","K4463-icerik-guvenligi-03","proposed","""BANT 119""","K4463-icerik-guvenligi-03",,"1091"
"K4464","K4464-icerik-guvenligi-04","proposed","""BANT 119""","K4464-icerik-guvenligi-04",,"1091"
"K4465","K4465-icerik-guvenligi-05","proposed","""BANT 119""","K4465-icerik-guvenligi-05",,"1091"
"K4466","K4466-icerik-guvenligi-06","proposed","""BANT 119""","K4466-icerik-guvenligi-06",,"1091"
"K4467","K4467-icerik-guvenligi-07","proposed","""BANT 119""","K4467-icerik-guvenligi-07",,"1091"
"K4468","K4468-icerik-guvenligi-08","proposed","""BANT 119""","K4468-icerik-guvenligi-08",,"1091"
"K4469","K4469-icerik-guvenligi-09","proposed","""BANT 119""","K4469-icerik-guvenligi-09",,"1091"
"K4470","K4470-icerik-guvenligi-10","proposed","""BANT 119""","K4470-icerik-guvenligi-10",,"1093"
"K4471","K4471-icerik-guvenligi-11","proposed","""BANT 119""","K4471-icerik-guvenligi-11",,"1093"
"K4472","K4472-icerik-guvenligi-12","proposed","""BANT 119""","K4472-icerik-guvenligi-12",,"1093"
"K4473","K4473-icerik-guvenligi-13","proposed","""BANT 119""","K4473-icerik-guvenligi-13",,"1093"
"K4474","K4474-icerik-guvenligi-14","proposed","""BANT 119""","K4474-icerik-guvenligi-14",,"1093"
"K4475","K4475-icerik-guvenligi-15","proposed","""BANT 119""","K4475-icerik-guvenligi-15",,"1093"
"K4476","K4476-icerik-guvenligi-16","proposed","""BANT 119""","K4476-icerik-guvenligi-16",,"1093"
"K4477","K4477-icerik-guvenligi-17","proposed","""BANT 119""","K4477-icerik-guvenligi-17",,"1093"
"K4478","K4478-icerik-guvenligi-18","proposed","""BANT 119""","K4478-icerik-guvenligi-18",,"1093"
"K4479","K4479-icerik-guvenligi-19","proposed","""BANT 119""","K4479-icerik-guvenligi-19",,"1093"
"K4480","K4480-icerik-guvenligi-20","proposed","""BANT 119""","K4480-icerik-guvenligi-20",,"1093"
"K4481","K4481-icerik-guvenligi-21","proposed","""BANT 119""","K4481-icerik-guvenligi-21",,"1093"
"K4482","K4482-icerik-guvenligi-22","proposed","""BANT 119""","K4482-icerik-guvenligi-22",,"1093"
"K4483","K4483-icerik-guvenligi-23","proposed","""BANT 119""","K4483-icerik-guvenligi-23",,"1093"
"K4484","K4484-icerik-guvenligi-24","proposed","""BANT 119""","K4484-icerik-guvenligi-24",,"1093"
"K4485","K4485-icerik-guvenligi-25","proposed","""BANT 119""","K4485-icerik-guvenligi-25",,"1093"
"K4486","K4486-icerik-guvenligi-26","proposed","""BANT 119""","K4486-icerik-guvenligi-26",,"1093"
"K4487","K4487-icerik-guvenligi-27","proposed","""BANT 119""","K4487-icerik-guvenligi-27",,"1093"
"K4488","K4488-icerik-guvenligi-28","proposed","""BANT 119""","K4488-icerik-guvenligi-28",,"1093"
"K4489","K4489-icerik-guvenligi-29","proposed","""BANT 119""","K4489-icerik-guvenligi-29",,"1093"
"K4490","K4490-icerik-guvenligi-30","proposed","""BANT 119""","K4490-icerik-guvenligi-30",,"1093"
"K4491","K4491-icerik-guvenligi-31","proposed","""BANT 119""","K4491-icerik-guvenligi-31",,"1093"
"K4492","K4492-icerik-guvenligi-32","proposed","""BANT 119""","K4492-icerik-guvenligi-32",,"1093"
"K4493","K4493-icerik-guvenligi-33","proposed","""BANT 119""","K4493-icerik-guvenligi-33",,"1093"
"K4494","K4494-icerik-guvenligi-34","proposed","""BANT 119""","K4494-icerik-guvenligi-34",,"1093"
"K4495","K4495-icerik-guvenligi-35","proposed","""BANT 119""","K4495-icerik-guvenligi-35",,"1093"
"K4496","K4496-icerik-guvenligi-36","proposed","""BANT 119""","K4496-icerik-guvenligi-36",,"1093"
"K4497","K4497-icerik-guvenligi-37","proposed","""BANT 119""","K4497-icerik-guvenligi-37",,"1093"
"K4498","K4498-icerik-guvenligi-38","proposed","""BANT 119""","K4498-icerik-guvenligi-38",,"1093"
"K4499","K4499-icerik-guvenligi-39","proposed","""BANT 119""","K4499-icerik-guvenligi-39",,"1093"
"K4500","K4500-icerik-guvenligi-40","proposed","""BANT 119""","K4500-icerik-guvenligi-40",,"1093"
"K4501","K4501-kisisellestirme-derinligi-01","proposed","""BANT 120""","K4501-kisisellestirme-derinligi-01",,"1136"
"K4502","K4502-kisisellestirme-derinligi-02","proposed","""BANT 120""","K4502-kisisellestirme-derinligi-02",,"1136"
"K4503","K4503-kisisellestirme-derinligi-03","proposed","""BANT 120""","K4503-kisisellestirme-derinligi-03",,"1136"
"K4504","K4504-kisisellestirme-derinligi-04","proposed","""BANT 120""","K4504-kisisellestirme-derinligi-04",,"1136"
"K4505","K4505-kisisellestirme-derinligi-05","proposed","""BANT 120""","K4505-kisisellestirme-derinligi-05",,"1136"
"K4506","K4506-kisisellestirme-derinligi-06","proposed","""BANT 120""","K4506-kisisellestirme-derinligi-06",,"1136"
"K4507","K4507-kisisellestirme-derinligi-07","proposed","""BANT 120""","K4507-kisisellestirme-derinligi-07",,"1136"
"K4508","K4508-kisisellestirme-derinligi-08","proposed","""BANT 120""","K4508-kisisellestirme-derinligi-08",,"1136"
"K4509","K4509-kisisellestirme-derinligi-09","proposed","""BANT 120""","K4509-kisisellestirme-derinligi-09",,"1136"
"K4510","K4510-kisisellestirme-derinligi-10","proposed","""BANT 120""","K4510-kisisellestirme-derinligi-10",,"1138"
"K4511","K4511-kisisellestirme-derinligi-11","proposed","""BANT 120""","K4511-kisisellestirme-derinligi-11",,"1138"
"K4512","K4512-kisisellestirme-derinligi-12","proposed","""BANT 120""","K4512-kisisellestirme-derinligi-12",,"1138"
"K4513","K4513-kisisellestirme-derinligi-13","proposed","""BANT 120""","K4513-kisisellestirme-derinligi-13",,"1138"
"K4514","K4514-kisisellestirme-derinligi-14","proposed","""BANT 120""","K4514-kisisellestirme-derinligi-14",,"1138"
"K4515","K4515-kisisellestirme-derinligi-15","proposed","""BANT 120""","K4515-kisisellestirme-derinligi-15",,"1138"
"K4516","K4516-kisisellestirme-derinligi-16","proposed","""BANT 120""","K4516-kisisellestirme-derinligi-16",,"1138"
"K4517","K4517-kisisellestirme-derinligi-17","proposed","""BANT 120""","K4517-kisisellestirme-derinligi-17",,"1138"
"K4518","K4518-kisisellestirme-derinligi-18","proposed","""BANT 120""","K4518-kisisellestirme-derinligi-18",,"1138"
"K4519","K4519-kisisellestirme-derinligi-19","proposed","""BANT 120""","K4519-kisisellestirme-derinligi-19",,"1138"
"K4520","K4520-kisisellestirme-derinligi-20","proposed","""BANT 120""","K4520-kisisellestirme-derinligi-20",,"1138"
"K4521","K4521-kisisellestirme-derinligi-21","proposed","""BANT 120""","K4521-kisisellestirme-derinligi-21",,"1138"
"K4522","K4522-kisisellestirme-derinligi-22","proposed","""BANT 120""","K4522-kisisellestirme-derinligi-22",,"1138"
"K4523","K4523-kisisellestirme-derinligi-23","proposed","""BANT 120""","K4523-kisisellestirme-derinligi-23",,"1138"
"K4524","K4524-kisisellestirme-derinligi-24","proposed","""BANT 120""","K4524-kisisellestirme-derinligi-24",,"1138"
"K4525","K4525-kisisellestirme-derinligi-25","proposed","""BANT 120""","K4525-kisisellestirme-derinligi-25",,"1138"
"K4526","K4526-kisisellestirme-derinligi-26","proposed","""BANT 120""","K4526-kisisellestirme-derinligi-26",,"1138"
"K4527","K4527-kisisellestirme-derinligi-27","proposed","""BANT 120""","K4527-kisisellestirme-derinligi-27",,"1138"
"K4528","K4528-kisisellestirme-derinligi-28","proposed","""BANT 120""","K4528-kisisellestirme-derinligi-28",,"1138"
"K4529","K4529-kisisellestirme-derinligi-29","proposed","""BANT 120""","K4529-kisisellestirme-derinligi-29",,"1138"
"K4530","K4530-kisisellestirme-derinligi-30","proposed","""BANT 120""","K4530-kisisellestirme-derinligi-30",,"1138"
"K4531","K4531-kisisellestirme-derinligi-31","proposed","""BANT 120""","K4531-kisisellestirme-derinligi-31",,"1138"
"K4532","K4532-kisisellestirme-derinligi-32","proposed","""BANT 120""","K4532-kisisellestirme-derinligi-32",,"1138"
"K4533","K4533-kisisellestirme-derinligi-33","proposed","""BANT 120""","K4533-kisisellestirme-derinligi-33",,"1138"
"K4534","K4534-kisisellestirme-derinligi-34","proposed","""BANT 120""","K4534-kisisellestirme-derinligi-34",,"1138"
"K4535","K4535-kisisellestirme-derinligi-35","proposed","""BANT 120""","K4535-kisisellestirme-derinligi-35",,"1138"
"K4536","K4536-kisisellestirme-derinligi-36","proposed","""BANT 120""","K4536-kisisellestirme-derinligi-36",,"1138"
"K4537","K4537-kisisellestirme-derinligi-37","proposed","""BANT 120""","K4537-kisisellestirme-derinligi-37",,"1138"
"K4538","K4538-kisisellestirme-derinligi-38","proposed","""BANT 120""","K4538-kisisellestirme-derinligi-38",,"1138"
"K4539","K4539-kisisellestirme-derinligi-39","proposed","""BANT 120""","K4539-kisisellestirme-derinligi-39",,"1138"
"K4540","K4540-kisisellestirme-derinligi-40","proposed","""BANT 120""","K4540-kisisellestirme-derinligi-40",,"1138"
"K4541","K4541-sesli-arayuz-01","proposed","""BANT 121""","K4541-sesli-arayuz-01",,"1071"
"K4542","K4542-sesli-arayuz-02","proposed","""BANT 121""","K4542-sesli-arayuz-02",,"1071"
"K4543","K4543-sesli-arayuz-03","proposed","""BANT 121""","K4543-sesli-arayuz-03",,"1071"
"K4544","K4544-sesli-arayuz-04","proposed","""BANT 121""","K4544-sesli-arayuz-04",,"1071"
"K4545","K4545-sesli-arayuz-05","proposed","""BANT 121""","K4545-sesli-arayuz-05",,"1071"
"K4546","K4546-sesli-arayuz-06","proposed","""BANT 121""","K4546-sesli-arayuz-06",,"1071"
"K4547","K4547-sesli-arayuz-07","proposed","""BANT 121""","K4547-sesli-arayuz-07",,"1071"
"K4548","K4548-sesli-arayuz-08","proposed","""BANT 121""","K4548-sesli-arayuz-08",,"1071"
"K4549","K4549-sesli-arayuz-09","proposed","""BANT 121""","K4549-sesli-arayuz-09",,"1071"
"K4550","K4550-sesli-arayuz-10","proposed","""BANT 121""","K4550-sesli-arayuz-10",,"1073"
"K4551","K4551-sesli-arayuz-11","proposed","""BANT 121""","K4551-sesli-arayuz-11",,"1073"
"K4552","K4552-sesli-arayuz-12","proposed","""BANT 121""","K4552-sesli-arayuz-12",,"1073"
"K4553","K4553-sesli-arayuz-13","proposed","""BANT 121""","K4553-sesli-arayuz-13",,"1073"
"K4554","K4554-sesli-arayuz-14","proposed","""BANT 121""","K4554-sesli-arayuz-14",,"1073"
"K4555","K4555-sesli-arayuz-15","proposed","""BANT 121""","K4555-sesli-arayuz-15",,"1073"
"K4556","K4556-sesli-arayuz-16","proposed","""BANT 121""","K4556-sesli-arayuz-16",,"1073"
"K4557","K4557-sesli-arayuz-17","proposed","""BANT 121""","K4557-sesli-arayuz-17",,"1073"
"K4558","K4558-sesli-arayuz-18","proposed","""BANT 121""","K4558-sesli-arayuz-18",,"1073"
"K4559","K4559-sesli-arayuz-19","proposed","""BANT 121""","K4559-sesli-arayuz-19",,"1073"
"K4560","K4560-sesli-arayuz-20","proposed","""BANT 121""","K4560-sesli-arayuz-20",,"1073"
"K4561","K4561-sesli-arayuz-21","proposed","""BANT 121""","K4561-sesli-arayuz-21",,"1073"
"K4562","K4562-sesli-arayuz-22","proposed","""BANT 121""","K4562-sesli-arayuz-22",,"1073"
"K4563","K4563-sesli-arayuz-23","proposed","""BANT 121""","K4563-sesli-arayuz-23",,"1073"
"K4564","K4564-sesli-arayuz-24","proposed","""BANT 121""","K4564-sesli-arayuz-24",,"1073"
"K4565","K4565-sesli-arayuz-25","proposed","""BANT 121""","K4565-sesli-arayuz-25",,"1073"
"K4566","K4566-sesli-arayuz-26","proposed","""BANT 121""","K4566-sesli-arayuz-26",,"1073"
"K4567","K4567-sesli-arayuz-27","proposed","""BANT 121""","K4567-sesli-arayuz-27",,"1073"
"K4568","K4568-sesli-arayuz-28","proposed","""BANT 121""","K4568-sesli-arayuz-28",,"1073"
"K4569","K4569-sesli-arayuz-29","proposed","""BANT 121""","K4569-sesli-arayuz-29",,"1073"
"K4570","K4570-sesli-arayuz-30","proposed","""BANT 121""","K4570-sesli-arayuz-30",,"1073"
"K4571","K4571-sesli-arayuz-31","proposed","""BANT 121""","K4571-sesli-arayuz-31",,"1073"
"K4572","K4572-sesli-arayuz-32","proposed","""BANT 121""","K4572-sesli-arayuz-32",,"1073"
"K4573","K4573-sesli-arayuz-33","proposed","""BANT 121""","K4573-sesli-arayuz-33",,"1073"
"K4574","K4574-sesli-arayuz-34","proposed","""BANT 121""","K4574-sesli-arayuz-34",,"1073"
"K4575","K4575-sesli-arayuz-35","proposed","""BANT 121""","K4575-sesli-arayuz-35",,"1073"
"K4576","K4576-sesli-arayuz-36","proposed","""BANT 121""","K4576-sesli-arayuz-36",,"1073"
"K4577","K4577-sesli-arayuz-37","proposed","""BANT 121""","K4577-sesli-arayuz-37",,"1073"
"K4578","K4578-sesli-arayuz-38","proposed","""BANT 121""","K4578-sesli-arayuz-38",,"1073"
"K4579","K4579-sesli-arayuz-39","proposed","""BANT 121""","K4579-sesli-arayuz-39",,"1073"
"K4580","K4580-sesli-arayuz-40","proposed","""BANT 121""","K4580-sesli-arayuz-40",,"1073"
"K4581","K4581-otomatik-eq-01","proposed","""BANT 122""","K4581-otomatik-eq-01",,"1066"
"K4582","K4582-otomatik-eq-02","proposed","""BANT 122""","K4582-otomatik-eq-02",,"1066"
"K4583","K4583-otomatik-eq-03","proposed","""BANT 122""","K4583-otomatik-eq-03",,"1066"
"K4584","K4584-otomatik-eq-04","proposed","""BANT 122""","K4584-otomatik-eq-04",,"1066"
"K4585","K4585-otomatik-eq-05","proposed","""BANT 122""","K4585-otomatik-eq-05",,"1066"
"K4586","K4586-otomatik-eq-06","proposed","""BANT 122""","K4586-otomatik-eq-06",,"1066"
"K4587","K4587-otomatik-eq-07","proposed","""BANT 122""","K4587-otomatik-eq-07",,"1066"
"K4588","K4588-otomatik-eq-08","proposed","""BANT 122""","K4588-otomatik-eq-08",,"1066"
"K4589","K4589-otomatik-eq-09","proposed","""BANT 122""","K4589-otomatik-eq-09",,"1066"
"K4590","K4590-otomatik-eq-10","proposed","""BANT 122""","K4590-otomatik-eq-10",,"1068"
"K4591","K4591-otomatik-eq-11","proposed","""BANT 122""","K4591-otomatik-eq-11",,"1068"
"K4592","K4592-otomatik-eq-12","proposed","""BANT 122""","K4592-otomatik-eq-12",,"1068"
"K4593","K4593-otomatik-eq-13","proposed","""BANT 122""","K4593-otomatik-eq-13",,"1068"
"K4594","K4594-otomatik-eq-14","proposed","""BANT 122""","K4594-otomatik-eq-14",,"1068"
"K4595","K4595-otomatik-eq-15","proposed","""BANT 122""","K4595-otomatik-eq-15",,"1068"
"K4596","K4596-otomatik-eq-16","proposed","""BANT 122""","K4596-otomatik-eq-16",,"1068"
"K4597","K4597-otomatik-eq-17","proposed","""BANT 122""","K4597-otomatik-eq-17",,"1068"
"K4598","K4598-otomatik-eq-18","proposed","""BANT 122""","K4598-otomatik-eq-18",,"1068"
"K4599","K4599-otomatik-eq-19","proposed","""BANT 122""","K4599-otomatik-eq-19",,"1068"
"K4600","K4600-otomatik-eq-20","proposed","""BANT 122""","K4600-otomatik-eq-20",,"1068"
"K4601","K4601-otomatik-eq-21","proposed","""BANT 122""","K4601-otomatik-eq-21",,"1068"
"K4602","K4602-otomatik-eq-22","proposed","""BANT 122""","K4602-otomatik-eq-22",,"1068"
"K4603","K4603-otomatik-eq-23","proposed","""BANT 122""","K4603-otomatik-eq-23",,"1068"
"K4604","K4604-otomatik-eq-24","proposed","""BANT 122""","K4604-otomatik-eq-24",,"1068"
"K4605","K4605-otomatik-eq-25","proposed","""BANT 122""","K4605-otomatik-eq-25",,"1068"
"K4606","K4606-otomatik-eq-26","proposed","""BANT 122""","K4606-otomatik-eq-26",,"1068"
"K4607","K4607-otomatik-eq-27","proposed","""BANT 122""","K4607-otomatik-eq-27",,"1068"
"K4608","K4608-otomatik-eq-28","proposed","""BANT 122""","K4608-otomatik-eq-28",,"1068"
"K4609","K4609-otomatik-eq-29","proposed","""BANT 122""","K4609-otomatik-eq-29",,"1068"
"K4610","K4610-otomatik-eq-30","proposed","""BANT 122""","K4610-otomatik-eq-30",,"1068"
"K4611","K4611-otomatik-eq-31","proposed","""BANT 122""","K4611-otomatik-eq-31",,"1068"
"K4612","K4612-otomatik-eq-32","proposed","""BANT 122""","K4612-otomatik-eq-32",,"1068"
"K4613","K4613-otomatik-eq-33","proposed","""BANT 122""","K4613-otomatik-eq-33",,"1068"
"K4614","K4614-otomatik-eq-34","proposed","""BANT 122""","K4614-otomatik-eq-34",,"1068"
"K4615","K4615-otomatik-eq-35","proposed","""BANT 122""","K4615-otomatik-eq-35",,"1068"
"K4616","K4616-otomatik-eq-36","proposed","""BANT 122""","K4616-otomatik-eq-36",,"1068"
"K4617","K4617-otomatik-eq-37","proposed","""BANT 122""","K4617-otomatik-eq-37",,"1068"
"K4618","K4618-otomatik-eq-38","proposed","""BANT 122""","K4618-otomatik-eq-38",,"1068"
"K4619","K4619-otomatik-eq-39","proposed","""BANT 122""","K4619-otomatik-eq-39",,"1068"
"K4620","K4620-otomatik-eq-40","proposed","""BANT 122""","K4620-otomatik-eq-40",,"1068"
"K4621","K4621-kenar-yapay-zekasi-01","proposed","""BANT 123""","K4621-kenar-yapay-zekasi-01",,"1101"
"K4622","K4622-kenar-yapay-zekasi-02","proposed","""BANT 123""","K4622-kenar-yapay-zekasi-02",,"1101"
"K4623","K4623-kenar-yapay-zekasi-03","proposed","""BANT 123""","K4623-kenar-yapay-zekasi-03",,"1101"
"K4624","K4624-kenar-yapay-zekasi-04","proposed","""BANT 123""","K4624-kenar-yapay-zekasi-04",,"1101"
"K4625","K4625-kenar-yapay-zekasi-05","proposed","""BANT 123""","K4625-kenar-yapay-zekasi-05",,"1101"
"K4626","K4626-kenar-yapay-zekasi-06","proposed","""BANT 123""","K4626-kenar-yapay-zekasi-06",,"1101"
"K4627","K4627-kenar-yapay-zekasi-07","proposed","""BANT 123""","K4627-kenar-yapay-zekasi-07",,"1101"
"K4628","K4628-kenar-yapay-zekasi-08","proposed","""BANT 123""","K4628-kenar-yapay-zekasi-08",,"1101"
"K4629","K4629-kenar-yapay-zekasi-09","proposed","""BANT 123""","K4629-kenar-yapay-zekasi-09",,"1101"
"K4630","K4630-kenar-yapay-zekasi-10","proposed","""BANT 123""","K4630-kenar-yapay-zekasi-10",,"1103"
"K4631","K4631-kenar-yapay-zekasi-11","proposed","""BANT 123""","K4631-kenar-yapay-zekasi-11",,"1103"
"K4632","K4632-kenar-yapay-zekasi-12","proposed","""BANT 123""","K4632-kenar-yapay-zekasi-12",,"1103"
"K4633","K4633-kenar-yapay-zekasi-13","proposed","""BANT 123""","K4633-kenar-yapay-zekasi-13",,"1103"
"K4634","K4634-kenar-yapay-zekasi-14","proposed","""BANT 123""","K4634-kenar-yapay-zekasi-14",,"1103"
"K4635","K4635-kenar-yapay-zekasi-15","proposed","""BANT 123""","K4635-kenar-yapay-zekasi-15",,"1103"
"K4636","K4636-kenar-yapay-zekasi-16","proposed","""BANT 123""","K4636-kenar-yapay-zekasi-16",,"1103"
"K4637","K4637-kenar-yapay-zekasi-17","proposed","""BANT 123""","K4637-kenar-yapay-zekasi-17",,"1103"
"K4638","K4638-kenar-yapay-zekasi-18","proposed","""BANT 123""","K4638-kenar-yapay-zekasi-18",,"1103"
"K4639","K4639-kenar-yapay-zekasi-19","proposed","""BANT 123""","K4639-kenar-yapay-zekasi-19",,"1103"
"K4640","K4640-kenar-yapay-zekasi-20","proposed","""BANT 123""","K4640-kenar-yapay-zekasi-20",,"1103"
"K4641","K4641-kenar-yapay-zekasi-21","proposed","""BANT 123""","K4641-kenar-yapay-zekasi-21",,"1103"
"K4642","K4642-kenar-yapay-zekasi-22","proposed","""BANT 123""","K4642-kenar-yapay-zekasi-22",,"1103"
"K4643","K4643-kenar-yapay-zekasi-23","proposed","""BANT 123""","K4643-kenar-yapay-zekasi-23",,"1103"
"K4644","K4644-kenar-yapay-zekasi-24","proposed","""BANT 123""","K4644-kenar-yapay-zekasi-24",,"1103"
"K4645","K4645-kenar-yapay-zekasi-25","proposed","""BANT 123""","K4645-kenar-yapay-zekasi-25",,"1103"
"K4646","K4646-kenar-yapay-zekasi-26","proposed","""BANT 123""","K4646-kenar-yapay-zekasi-26",,"1103"
"K4647","K4647-kenar-yapay-zekasi-27","proposed","""BANT 123""","K4647-kenar-yapay-zekasi-27",,"1103"
"K4648","K4648-kenar-yapay-zekasi-28","proposed","""BANT 123""","K4648-kenar-yapay-zekasi-28",,"1103"
"K4649","K4649-kenar-yapay-zekasi-29","proposed","""BANT 123""","K4649-kenar-yapay-zekasi-29",,"1103"
"K4650","K4650-kenar-yapay-zekasi-30","proposed","""BANT 123""","K4650-kenar-yapay-zekasi-30",,"1103"
"K4651","K4651-kenar-yapay-zekasi-31","proposed","""BANT 123""","K4651-kenar-yapay-zekasi-31",,"1103"
"K4652","K4652-kenar-yapay-zekasi-32","proposed","""BANT 123""","K4652-kenar-yapay-zekasi-32",,"1103"
"K4653","K4653-kenar-yapay-zekasi-33","proposed","""BANT 123""","K4653-kenar-yapay-zekasi-33",,"1103"
"K4654","K4654-kenar-yapay-zekasi-34","proposed","""BANT 123""","K4654-kenar-yapay-zekasi-34",,"1103"
"K4655","K4655-kenar-yapay-zekasi-35","proposed","""BANT 123""","K4655-kenar-yapay-zekasi-35",,"1103"
"K4656","K4656-kenar-yapay-zekasi-36","proposed","""BANT 123""","K4656-kenar-yapay-zekasi-36",,"1103"
"K4657","K4657-kenar-yapay-zekasi-37","proposed","""BANT 123""","K4657-kenar-yapay-zekasi-37",,"1103"
"K4658","K4658-kenar-yapay-zekasi-38","proposed","""BANT 123""","K4658-kenar-yapay-zekasi-38",,"1103"
"K4659","K4659-kenar-yapay-zekasi-39","proposed","""BANT 123""","K4659-kenar-yapay-zekasi-39",,"1103"
"K4660","K4660-kenar-yapay-zekasi-40","proposed","""BANT 123""","K4660-kenar-yapay-zekasi-40",,"1103"
"K4661","K4661-yerel-oncelikli-01","proposed","""BANT 124""","K4661-yerel-oncelikli-01",,"1086"
"K4662","K4662-yerel-oncelikli-02","proposed","""BANT 124""","K4662-yerel-oncelikli-02",,"1086"
"K4663","K4663-yerel-oncelikli-03","proposed","""BANT 124""","K4663-yerel-oncelikli-03",,"1086"
"K4664","K4664-yerel-oncelikli-04","proposed","""BANT 124""","K4664-yerel-oncelikli-04",,"1086"
"K4665","K4665-yerel-oncelikli-05","proposed","""BANT 124""","K4665-yerel-oncelikli-05",,"1086"
"K4666","K4666-yerel-oncelikli-06","proposed","""BANT 124""","K4666-yerel-oncelikli-06",,"1086"
"K4667","K4667-yerel-oncelikli-07","proposed","""BANT 124""","K4667-yerel-oncelikli-07",,"1086"
"K4668","K4668-yerel-oncelikli-08","proposed","""BANT 124""","K4668-yerel-oncelikli-08",,"1086"
"K4669","K4669-yerel-oncelikli-09","proposed","""BANT 124""","K4669-yerel-oncelikli-09",,"1086"
"K4670","K4670-yerel-oncelikli-10","proposed","""BANT 124""","K4670-yerel-oncelikli-10",,"1088"
"K4671","K4671-yerel-oncelikli-11","proposed","""BANT 124""","K4671-yerel-oncelikli-11",,"1088"
"K4672","K4672-yerel-oncelikli-12","proposed","""BANT 124""","K4672-yerel-oncelikli-12",,"1088"
"K4673","K4673-yerel-oncelikli-13","proposed","""BANT 124""","K4673-yerel-oncelikli-13",,"1088"
"K4674","K4674-yerel-oncelikli-14","proposed","""BANT 124""","K4674-yerel-oncelikli-14",,"1088"
"K4675","K4675-yerel-oncelikli-15","proposed","""BANT 124""","K4675-yerel-oncelikli-15",,"1088"
"K4676","K4676-yerel-oncelikli-16","proposed","""BANT 124""","K4676-yerel-oncelikli-16",,"1088"
"K4677","K4677-yerel-oncelikli-17","proposed","""BANT 124""","K4677-yerel-oncelikli-17",,"1088"
"K4678","K4678-yerel-oncelikli-18","proposed","""BANT 124""","K4678-yerel-oncelikli-18",,"1088"
"K4679","K4679-yerel-oncelikli-19","proposed","""BANT 124""","K4679-yerel-oncelikli-19",,"1088"
"K4680","K4680-yerel-oncelikli-20","proposed","""BANT 124""","K4680-yerel-oncelikli-20",,"1088"
"K4681","K4681-yerel-oncelikli-21","proposed","""BANT 124""","K4681-yerel-oncelikli-21",,"1088"
"K4682","K4682-yerel-oncelikli-22","proposed","""BANT 124""","K4682-yerel-oncelikli-22",,"1088"
"K4683","K4683-yerel-oncelikli-23","proposed","""BANT 124""","K4683-yerel-oncelikli-23",,"1088"
"K4684","K4684-yerel-oncelikli-24","proposed","""BANT 124""","K4684-yerel-oncelikli-24",,"1088"
"K4685","K4685-yerel-oncelikli-25","proposed","""BANT 124""","K4685-yerel-oncelikli-25",,"1088"
"K4686","K4686-yerel-oncelikli-26","proposed","""BANT 124""","K4686-yerel-oncelikli-26",,"1088"
"K4687","K4687-yerel-oncelikli-27","proposed","""BANT 124""","K4687-yerel-oncelikli-27",,"1088"
"K4688","K4688-yerel-oncelikli-28","proposed","""BANT 124""","K4688-yerel-oncelikli-28",,"1088"
"K4689","K4689-yerel-oncelikli-29","proposed","""BANT 124""","K4689-yerel-oncelikli-29",,"1088"
"K4690","K4690-yerel-oncelikli-30","proposed","""BANT 124""","K4690-yerel-oncelikli-30",,"1088"
"K4691","K4691-yerel-oncelikli-31","proposed","""BANT 124""","K4691-yerel-oncelikli-31",,"1088"
"K4692","K4692-yerel-oncelikli-32","proposed","""BANT 124""","K4692-yerel-oncelikli-32",,"1088"
"K4693","K4693-yerel-oncelikli-33","proposed","""BANT 124""","K4693-yerel-oncelikli-33",,"1088"
"K4694","K4694-yerel-oncelikli-34","proposed","""BANT 124""","K4694-yerel-oncelikli-34",,"1088"
"K4695","K4695-yerel-oncelikli-35","proposed","""BANT 124""","K4695-yerel-oncelikli-35",,"1088"
"K4696","K4696-yerel-oncelikli-36","proposed","""BANT 124""","K4696-yerel-oncelikli-36",,"1088"
"K4697","K4697-yerel-oncelikli-37","proposed","""BANT 124""","K4697-yerel-oncelikli-37",,"1088"
"K4698","K4698-yerel-oncelikli-38","proposed","""BANT 124""","K4698-yerel-oncelikli-38",,"1088"
"K4699","K4699-yerel-oncelikli-39","proposed","""BANT 124""","K4699-yerel-oncelikli-39",,"1088"
"K4700","K4700-yerel-oncelikli-40","proposed","""BANT 124""","K4700-yerel-oncelikli-40",,"1088"
"K4701","K4701-yedekleme-derinligi-01","proposed","""BANT 125""","K4701-yedekleme-derinligi-01",,"1106"
"K4702","K4702-yedekleme-derinligi-02","proposed","""BANT 125""","K4702-yedekleme-derinligi-02",,"1106"
"K4703","K4703-yedekleme-derinligi-03","proposed","""BANT 125""","K4703-yedekleme-derinligi-03",,"1106"
"K4704","K4704-yedekleme-derinligi-04","proposed","""BANT 125""","K4704-yedekleme-derinligi-04",,"1106"
"K4705","K4705-yedekleme-derinligi-05","proposed","""BANT 125""","K4705-yedekleme-derinligi-05",,"1106"
"K4706","K4706-yedekleme-derinligi-06","proposed","""BANT 125""","K4706-yedekleme-derinligi-06",,"1106"
"K4707","K4707-yedekleme-derinligi-07","proposed","""BANT 125""","K4707-yedekleme-derinligi-07",,"1106"
"K4708","K4708-yedekleme-derinligi-08","proposed","""BANT 125""","K4708-yedekleme-derinligi-08",,"1106"
"K4709","K4709-yedekleme-derinligi-09","proposed","""BANT 125""","K4709-yedekleme-derinligi-09",,"1106"
"K4710","K4710-yedekleme-derinligi-10","proposed","""BANT 125""","K4710-yedekleme-derinligi-10",,"1108"
"K4711","K4711-yedekleme-derinligi-11","proposed","""BANT 125""","K4711-yedekleme-derinligi-11",,"1108"
"K4712","K4712-yedekleme-derinligi-12","proposed","""BANT 125""","K4712-yedekleme-derinligi-12",,"1108"
"K4713","K4713-yedekleme-derinligi-13","proposed","""BANT 125""","K4713-yedekleme-derinligi-13",,"1108"
"K4714","K4714-yedekleme-derinligi-14","proposed","""BANT 125""","K4714-yedekleme-derinligi-14",,"1108"
"K4715","K4715-yedekleme-derinligi-15","proposed","""BANT 125""","K4715-yedekleme-derinligi-15",,"1108"
"K4716","K4716-yedekleme-derinligi-16","proposed","""BANT 125""","K4716-yedekleme-derinligi-16",,"1108"
"K4717","K4717-yedekleme-derinligi-17","proposed","""BANT 125""","K4717-yedekleme-derinligi-17",,"1108"
"K4718","K4718-yedekleme-derinligi-18","proposed","""BANT 125""","K4718-yedekleme-derinligi-18",,"1108"
"K4719","K4719-yedekleme-derinligi-19","proposed","""BANT 125""","K4719-yedekleme-derinligi-19",,"1108"
"K4720","K4720-yedekleme-derinligi-20","proposed","""BANT 125""","K4720-yedekleme-derinligi-20",,"1108"
"K4721","K4721-yedekleme-derinligi-21","proposed","""BANT 125""","K4721-yedekleme-derinligi-21",,"1108"
"K4722","K4722-yedekleme-derinligi-22","proposed","""BANT 125""","K4722-yedekleme-derinligi-22",,"1108"
"K4723","K4723-yedekleme-derinligi-23","proposed","""BANT 125""","K4723-yedekleme-derinligi-23",,"1108"
"K4724","K4724-yedekleme-derinligi-24","proposed","""BANT 125""","K4724-yedekleme-derinligi-24",,"1108"
"K4725","K4725-yedekleme-derinligi-25","proposed","""BANT 125""","K4725-yedekleme-derinligi-25",,"1108"
"K4726","K4726-yedekleme-derinligi-26","proposed","""BANT 125""","K4726-yedekleme-derinligi-26",,"1108"
"K4727","K4727-yedekleme-derinligi-27","proposed","""BANT 125""","K4727-yedekleme-derinligi-27",,"1108"
"K4728","K4728-yedekleme-derinligi-28","proposed","""BANT 125""","K4728-yedekleme-derinligi-28",,"1108"
"K4729","K4729-yedekleme-derinligi-29","proposed","""BANT 125""","K4729-yedekleme-derinligi-29",,"1108"
"K4730","K4730-yedekleme-derinligi-30","proposed","""BANT 125""","K4730-yedekleme-derinligi-30",,"1108"
"K4731","K4731-yedekleme-derinligi-31","proposed","""BANT 125""","K4731-yedekleme-derinligi-31",,"1108"
"K4732","K4732-yedekleme-derinligi-32","proposed","""BANT 125""","K4732-yedekleme-derinligi-32",,"1108"
"K4733","K4733-yedekleme-derinligi-33","proposed","""BANT 125""","K4733-yedekleme-derinligi-33",,"1108"
"K4734","K4734-yedekleme-derinligi-34","proposed","""BANT 125""","K4734-yedekleme-derinligi-34",,"1108"
"K4735","K4735-yedekleme-derinligi-35","proposed","""BANT 125""","K4735-yedekleme-derinligi-35",,"1108"
"K4736","K4736-yedekleme-derinligi-36","proposed","""BANT 125""","K4736-yedekleme-derinligi-36",,"1108"
"K4737","K4737-yedekleme-derinligi-37","proposed","""BANT 125""","K4737-yedekleme-derinligi-37",,"1108"
"K4738","K4738-yedekleme-derinligi-38","proposed","""BANT 125""","K4738-yedekleme-derinligi-38",,"1108"
"K4739","K4739-yedekleme-derinligi-39","proposed","""BANT 125""","K4739-yedekleme-derinligi-39",,"1108"
"K4740","K4740-yedekleme-derinligi-40","proposed","""BANT 125""","K4740-yedekleme-derinligi-40",,"1108"
"K4741","K4741-tanitim-akisi-01","proposed","""BANT 126""","K4741-tanitim-akisi-01",,"1076"
"K4742","K4742-tanitim-akisi-02","proposed","""BANT 126""","K4742-tanitim-akisi-02",,"1076"
"K4743","K4743-tanitim-akisi-03","proposed","""BANT 126""","K4743-tanitim-akisi-03",,"1076"
"K4744","K4744-tanitim-akisi-04","proposed","""BANT 126""","K4744-tanitim-akisi-04",,"1076"
"K4745","K4745-tanitim-akisi-05","proposed","""BANT 126""","K4745-tanitim-akisi-05",,"1076"
"K4746","K4746-tanitim-akisi-06","proposed","""BANT 126""","K4746-tanitim-akisi-06",,"1076"
"K4747","K4747-tanitim-akisi-07","proposed","""BANT 126""","K4747-tanitim-akisi-07",,"1076"
"K4748","K4748-tanitim-akisi-08","proposed","""BANT 126""","K4748-tanitim-akisi-08",,"1076"
"K4749","K4749-tanitim-akisi-09","proposed","""BANT 126""","K4749-tanitim-akisi-09",,"1076"
"K4750","K4750-tanitim-akisi-10","proposed","""BANT 126""","K4750-tanitim-akisi-10",,"1078"
"K4751","K4751-tanitim-akisi-11","proposed","""BANT 126""","K4751-tanitim-akisi-11",,"1078"
"K4752","K4752-tanitim-akisi-12","proposed","""BANT 126""","K4752-tanitim-akisi-12",,"1078"
"K4753","K4753-tanitim-akisi-13","proposed","""BANT 126""","K4753-tanitim-akisi-13",,"1078"
"K4754","K4754-tanitim-akisi-14","proposed","""BANT 126""","K4754-tanitim-akisi-14",,"1078"
"K4755","K4755-tanitim-akisi-15","proposed","""BANT 126""","K4755-tanitim-akisi-15",,"1078"
"K4756","K4756-tanitim-akisi-16","proposed","""BANT 126""","K4756-tanitim-akisi-16",,"1078"
"K4757","K4757-tanitim-akisi-17","proposed","""BANT 126""","K4757-tanitim-akisi-17",,"1078"
"K4758","K4758-tanitim-akisi-18","proposed","""BANT 126""","K4758-tanitim-akisi-18",,"1078"
"K4759","K4759-tanitim-akisi-19","proposed","""BANT 126""","K4759-tanitim-akisi-19",,"1078"
"K4760","K4760-tanitim-akisi-20","proposed","""BANT 126""","K4760-tanitim-akisi-20",,"1078"
"K4761","K4761-tanitim-akisi-21","proposed","""BANT 126""","K4761-tanitim-akisi-21",,"1078"
"K4762","K4762-tanitim-akisi-22","proposed","""BANT 126""","K4762-tanitim-akisi-22",,"1078"
"K4763","K4763-tanitim-akisi-23","proposed","""BANT 126""","K4763-tanitim-akisi-23",,"1078"
"K4764","K4764-tanitim-akisi-24","proposed","""BANT 126""","K4764-tanitim-akisi-24",,"1078"
"K4765","K4765-tanitim-akisi-25","proposed","""BANT 126""","K4765-tanitim-akisi-25",,"1078"
"K4766","K4766-tanitim-akisi-26","proposed","""BANT 126""","K4766-tanitim-akisi-26",,"1078"
"K4767","K4767-tanitim-akisi-27","proposed","""BANT 126""","K4767-tanitim-akisi-27",,"1078"
"K4768","K4768-tanitim-akisi-28","proposed","""BANT 126""","K4768-tanitim-akisi-28",,"1078"
"K4769","K4769-tanitim-akisi-29","proposed","""BANT 126""","K4769-tanitim-akisi-29",,"1078"
"K4770","K4770-tanitim-akisi-30","proposed","""BANT 126""","K4770-tanitim-akisi-30",,"1078"
"K4771","K4771-tanitim-akisi-31","proposed","""BANT 126""","K4771-tanitim-akisi-31",,"1078"
"K4772","K4772-tanitim-akisi-32","proposed","""BANT 126""","K4772-tanitim-akisi-32",,"1078"
"K4773","K4773-tanitim-akisi-33","proposed","""BANT 126""","K4773-tanitim-akisi-33",,"1078"
"K4774","K4774-tanitim-akisi-34","proposed","""BANT 126""","K4774-tanitim-akisi-34",,"1078"
"K4775","K4775-tanitim-akisi-35","proposed","""BANT 126""","K4775-tanitim-akisi-35",,"1078"
"K4776","K4776-tanitim-akisi-36","proposed","""BANT 126""","K4776-tanitim-akisi-36",,"1078"
"K4777","K4777-tanitim-akisi-37","proposed","""BANT 126""","K4777-tanitim-akisi-37",,"1078"
"K4778","K4778-tanitim-akisi-38","proposed","""BANT 126""","K4778-tanitim-akisi-38",,"1078"
"K4779","K4779-tanitim-akisi-39","proposed","""BANT 126""","K4779-tanitim-akisi-39",,"1078"
"K4780","K4780-tanitim-akisi-40","proposed","""BANT 126""","K4780-tanitim-akisi-40",,"1078"
"K4781","K4781-bildirim-arayuzu-01","proposed","""BANT 127""","K4781-bildirim-arayuzu-01",,"1091"
"K4782","K4782-bildirim-arayuzu-02","proposed","""BANT 127""","K4782-bildirim-arayuzu-02",,"1091"
"K4783","K4783-bildirim-arayuzu-03","proposed","""BANT 127""","K4783-bildirim-arayuzu-03",,"1091"
"K4784","K4784-bildirim-arayuzu-04","proposed","""BANT 127""","K4784-bildirim-arayuzu-04",,"1091"
"K4785","K4785-bildirim-arayuzu-05","proposed","""BANT 127""","K4785-bildirim-arayuzu-05",,"1091"
"K4786","K4786-bildirim-arayuzu-06","proposed","""BANT 127""","K4786-bildirim-arayuzu-06",,"1091"
"K4787","K4787-bildirim-arayuzu-07","proposed","""BANT 127""","K4787-bildirim-arayuzu-07",,"1091"
"K4788","K4788-bildirim-arayuzu-08","proposed","""BANT 127""","K4788-bildirim-arayuzu-08",,"1091"
"K4789","K4789-bildirim-arayuzu-09","proposed","""BANT 127""","K4789-bildirim-arayuzu-09",,"1091"
"K4790","K4790-bildirim-arayuzu-10","proposed","""BANT 127""","K4790-bildirim-arayuzu-10",,"1093"
"K4791","K4791-bildirim-arayuzu-11","proposed","""BANT 127""","K4791-bildirim-arayuzu-11",,"1093"
"K4792","K4792-bildirim-arayuzu-12","proposed","""BANT 127""","K4792-bildirim-arayuzu-12",,"1093"
"K4793","K4793-bildirim-arayuzu-13","proposed","""BANT 127""","K4793-bildirim-arayuzu-13",,"1093"
"K4794","K4794-bildirim-arayuzu-14","proposed","""BANT 127""","K4794-bildirim-arayuzu-14",,"1093"
"K4795","K4795-bildirim-arayuzu-15","proposed","""BANT 127""","K4795-bildirim-arayuzu-15",,"1093"
"K4796","K4796-bildirim-arayuzu-16","proposed","""BANT 127""","K4796-bildirim-arayuzu-16",,"1093"
"K4797","K4797-bildirim-arayuzu-17","proposed","""BANT 127""","K4797-bildirim-arayuzu-17",,"1093"
"K4798","K4798-bildirim-arayuzu-18","proposed","""BANT 127""","K4798-bildirim-arayuzu-18",,"1093"
"K4799","K4799-bildirim-arayuzu-19","proposed","""BANT 127""","K4799-bildirim-arayuzu-19",,"1093"
"K4800","K4800-bildirim-arayuzu-20","proposed","""BANT 127""","K4800-bildirim-arayuzu-20",,"1093"
"K4801","K4801-bildirim-arayuzu-21","proposed","""BANT 127""","K4801-bildirim-arayuzu-21",,"1093"
"K4802","K4802-bildirim-arayuzu-22","proposed","""BANT 127""","K4802-bildirim-arayuzu-22",,"1093"
"K4803","K4803-bildirim-arayuzu-23","proposed","""BANT 127""","K4803-bildirim-arayuzu-23",,"1093"
"K4804","K4804-bildirim-arayuzu-24","proposed","""BANT 127""","K4804-bildirim-arayuzu-24",,"1093"
"K4805","K4805-bildirim-arayuzu-25","proposed","""BANT 127""","K4805-bildirim-arayuzu-25",,"1093"
"K4806","K4806-bildirim-arayuzu-26","proposed","""BANT 127""","K4806-bildirim-arayuzu-26",,"1093"
"K4807","K4807-bildirim-arayuzu-27","proposed","""BANT 127""","K4807-bildirim-arayuzu-27",,"1093"
"K4808","K4808-bildirim-arayuzu-28","proposed","""BANT 127""","K4808-bildirim-arayuzu-28",,"1093"
"K4809","K4809-bildirim-arayuzu-29","proposed","""BANT 127""","K4809-bildirim-arayuzu-29",,"1093"
"K4810","K4810-bildirim-arayuzu-30","proposed","""BANT 127""","K4810-bildirim-arayuzu-30",,"1093"
"K4811","K4811-bildirim-arayuzu-31","proposed","""BANT 127""","K4811-bildirim-arayuzu-31",,"1093"
"K4812","K4812-bildirim-arayuzu-32","proposed","""BANT 127""","K4812-bildirim-arayuzu-32",,"1093"
"K4813","K4813-bildirim-arayuzu-33","proposed","""BANT 127""","K4813-bildirim-arayuzu-33",,"1093"
"K4814","K4814-bildirim-arayuzu-34","proposed","""BANT 127""","K4814-bildirim-arayuzu-34",,"1093"
"K4815","K4815-bildirim-arayuzu-35","proposed","""BANT 127""","K4815-bildirim-arayuzu-35",,"1093"
"K4816","K4816-bildirim-arayuzu-36","proposed","""BANT 127""","K4816-bildirim-arayuzu-36",,"1093"
"K4817","K4817-bildirim-arayuzu-37","proposed","""BANT 127""","K4817-bildirim-arayuzu-37",,"1093"
"K4818","K4818-bildirim-arayuzu-38","proposed","""BANT 127""","K4818-bildirim-arayuzu-38",,"1093"
"K4819","K4819-bildirim-arayuzu-39","proposed","""BANT 127""","K4819-bildirim-arayuzu-39",,"1093"
"K4820","K4820-bildirim-arayuzu-40","proposed","""BANT 127""","K4820-bildirim-arayuzu-40",,"1093"
"K4821","K4821-hata-arayuzu-01","proposed","""BANT 128""","K4821-hata-arayuzu-01",,"1071"
"K4822","K4822-hata-arayuzu-02","proposed","""BANT 128""","K4822-hata-arayuzu-02",,"1071"
"K4823","K4823-hata-arayuzu-03","proposed","""BANT 128""","K4823-hata-arayuzu-03",,"1071"
"K4824","K4824-hata-arayuzu-04","proposed","""BANT 128""","K4824-hata-arayuzu-04",,"1071"
"K4825","K4825-hata-arayuzu-05","proposed","""BANT 128""","K4825-hata-arayuzu-05",,"1071"
"K4826","K4826-hata-arayuzu-06","proposed","""BANT 128""","K4826-hata-arayuzu-06",,"1071"
"K4827","K4827-hata-arayuzu-07","proposed","""BANT 128""","K4827-hata-arayuzu-07",,"1071"
"K4828","K4828-hata-arayuzu-08","proposed","""BANT 128""","K4828-hata-arayuzu-08",,"1071"
"K4829","K4829-hata-arayuzu-09","proposed","""BANT 128""","K4829-hata-arayuzu-09",,"1071"
"K4830","K4830-hata-arayuzu-10","proposed","""BANT 128""","K4830-hata-arayuzu-10",,"1073"
"K4831","K4831-hata-arayuzu-11","proposed","""BANT 128""","K4831-hata-arayuzu-11",,"1073"
"K4832","K4832-hata-arayuzu-12","proposed","""BANT 128""","K4832-hata-arayuzu-12",,"1073"
"K4833","K4833-hata-arayuzu-13","proposed","""BANT 128""","K4833-hata-arayuzu-13",,"1073"
"K4834","K4834-hata-arayuzu-14","proposed","""BANT 128""","K4834-hata-arayuzu-14",,"1073"
"K4835","K4835-hata-arayuzu-15","proposed","""BANT 128""","K4835-hata-arayuzu-15",,"1073"
"K4836","K4836-hata-arayuzu-16","proposed","""BANT 128""","K4836-hata-arayuzu-16",,"1073"
"K4837","K4837-hata-arayuzu-17","proposed","""BANT 128""","K4837-hata-arayuzu-17",,"1073"
"K4838","K4838-hata-arayuzu-18","proposed","""BANT 128""","K4838-hata-arayuzu-18",,"1073"
"K4839","K4839-hata-arayuzu-19","proposed","""BANT 128""","K4839-hata-arayuzu-19",,"1073"
"K4840","K4840-hata-arayuzu-20","proposed","""BANT 128""","K4840-hata-arayuzu-20",,"1073"
"K4841","K4841-hata-arayuzu-21","proposed","""BANT 128""","K4841-hata-arayuzu-21",,"1073"
"K4842","K4842-hata-arayuzu-22","proposed","""BANT 128""","K4842-hata-arayuzu-22",,"1073"
"K4843","K4843-hata-arayuzu-23","proposed","""BANT 128""","K4843-hata-arayuzu-23",,"1073"
"K4844","K4844-hata-arayuzu-24","proposed","""BANT 128""","K4844-hata-arayuzu-24",,"1073"
"K4845","K4845-hata-arayuzu-25","proposed","""BANT 128""","K4845-hata-arayuzu-25",,"1073"
"K4846","K4846-hata-arayuzu-26","proposed","""BANT 128""","K4846-hata-arayuzu-26",,"1073"
"K4847","K4847-hata-arayuzu-27","proposed","""BANT 128""","K4847-hata-arayuzu-27",,"1073"
"K4848","K4848-hata-arayuzu-28","proposed","""BANT 128""","K4848-hata-arayuzu-28",,"1073"
"K4849","K4849-hata-arayuzu-29","proposed","""BANT 128""","K4849-hata-arayuzu-29",,"1073"
"K4850","K4850-hata-arayuzu-30","proposed","""BANT 128""","K4850-hata-arayuzu-30",,"1073"
"K4851","K4851-hata-arayuzu-31","proposed","""BANT 128""","K4851-hata-arayuzu-31",,"1073"
"K4852","K4852-hata-arayuzu-32","proposed","""BANT 128""","K4852-hata-arayuzu-32",,"1073"
"K4853","K4853-hata-arayuzu-33","proposed","""BANT 128""","K4853-hata-arayuzu-33",,"1073"
"K4854","K4854-hata-arayuzu-34","proposed","""BANT 128""","K4854-hata-arayuzu-34",,"1073"
"K4855","K4855-hata-arayuzu-35","proposed","""BANT 128""","K4855-hata-arayuzu-35",,"1073"
"K4856","K4856-hata-arayuzu-36","proposed","""BANT 128""","K4856-hata-arayuzu-36",,"1073"
"K4857","K4857-hata-arayuzu-37","proposed","""BANT 128""","K4857-hata-arayuzu-37",,"1073"
"K4858","K4858-hata-arayuzu-38","proposed","""BANT 128""","K4858-hata-arayuzu-38",,"1073"
"K4859","K4859-hata-arayuzu-39","proposed","""BANT 128""","K4859-hata-arayuzu-39",,"1073"
"K4860","K4860-hata-arayuzu-40","proposed","""BANT 128""","K4860-hata-arayuzu-40",,"1073"
"K4861","K4861-magaza-01","proposed","""BANT 129""","K4861-magaza-01",,"1041"
"K4862","K4862-magaza-02","proposed","""BANT 129""","K4862-magaza-02",,"1041"
"K4863","K4863-magaza-03","proposed","""BANT 129""","K4863-magaza-03",,"1041"
"K4864","K4864-magaza-04","proposed","""BANT 129""","K4864-magaza-04",,"1041"
"K4865","K4865-magaza-05","proposed","""BANT 129""","K4865-magaza-05",,"1041"
"K4866","K4866-magaza-06","proposed","""BANT 129""","K4866-magaza-06",,"1041"
"K4867","K4867-magaza-07","proposed","""BANT 129""","K4867-magaza-07",,"1041"
"K4868","K4868-magaza-08","proposed","""BANT 129""","K4868-magaza-08",,"1041"
"K4869","K4869-magaza-09","proposed","""BANT 129""","K4869-magaza-09",,"1041"
"K4870","K4870-magaza-10","proposed","""BANT 129""","K4870-magaza-10",,"1043"
"K4871","K4871-magaza-11","proposed","""BANT 129""","K4871-magaza-11",,"1043"
"K4872","K4872-magaza-12","proposed","""BANT 129""","K4872-magaza-12",,"1043"
"K4873","K4873-magaza-13","proposed","""BANT 129""","K4873-magaza-13",,"1043"
"K4874","K4874-magaza-14","proposed","""BANT 129""","K4874-magaza-14",,"1043"
"K4875","K4875-magaza-15","proposed","""BANT 129""","K4875-magaza-15",,"1043"
"K4876","K4876-magaza-16","proposed","""BANT 129""","K4876-magaza-16",,"1043"
"K4877","K4877-magaza-17","proposed","""BANT 129""","K4877-magaza-17",,"1043"
"K4878","K4878-magaza-18","proposed","""BANT 129""","K4878-magaza-18",,"1043"
"K4879","K4879-magaza-19","proposed","""BANT 129""","K4879-magaza-19",,"1043"
"K4880","K4880-magaza-20","proposed","""BANT 129""","K4880-magaza-20",,"1043"
"K4881","K4881-magaza-21","proposed","""BANT 129""","K4881-magaza-21",,"1043"
"K4882","K4882-magaza-22","proposed","""BANT 129""","K4882-magaza-22",,"1043"
"K4883","K4883-magaza-23","proposed","""BANT 129""","K4883-magaza-23",,"1043"
"K4884","K4884-magaza-24","proposed","""BANT 129""","K4884-magaza-24",,"1043"
"K4885","K4885-magaza-25","proposed","""BANT 129""","K4885-magaza-25",,"1043"
"K4886","K4886-magaza-26","proposed","""BANT 129""","K4886-magaza-26",,"1043"
"K4887","K4887-magaza-27","proposed","""BANT 129""","K4887-magaza-27",,"1043"
"K4888","K4888-magaza-28","proposed","""BANT 129""","K4888-magaza-28",,"1043"
"K4889","K4889-magaza-29","proposed","""BANT 129""","K4889-magaza-29",,"1043"
"K4890","K4890-magaza-30","proposed","""BANT 129""","K4890-magaza-30",,"1043"
"K4891","K4891-magaza-31","proposed","""BANT 129""","K4891-magaza-31",,"1043"
"K4892","K4892-magaza-32","proposed","""BANT 129""","K4892-magaza-32",,"1043"
"K4893","K4893-magaza-33","proposed","""BANT 129""","K4893-magaza-33",,"1043"
"K4894","K4894-magaza-34","proposed","""BANT 129""","K4894-magaza-34",,"1043"
"K4895","K4895-magaza-35","proposed","""BANT 129""","K4895-magaza-35",,"1043"
"K4896","K4896-magaza-36","proposed","""BANT 129""","K4896-magaza-36",,"1043"
"K4897","K4897-magaza-37","proposed","""BANT 129""","K4897-magaza-37",,"1043"
"K4898","K4898-magaza-38","proposed","""BANT 129""","K4898-magaza-38",,"1043"
"K4899","K4899-magaza-39","proposed","""BANT 129""","K4899-magaza-39",,"1043"
"K4900","K4900-magaza-40","proposed","""BANT 129""","K4900-magaza-40",,"1043"
"K4901","K4901-gelistirici-deneyimi-01","proposed","""BANT 130""","K4901-gelistirici-deneyimi-01",,"1111"
"K4902","K4902-gelistirici-deneyimi-02","proposed","""BANT 130""","K4902-gelistirici-deneyimi-02",,"1111"
"K4903","K4903-gelistirici-deneyimi-03","proposed","""BANT 130""","K4903-gelistirici-deneyimi-03",,"1111"
"K4904","K4904-gelistirici-deneyimi-04","proposed","""BANT 130""","K4904-gelistirici-deneyimi-04",,"1111"
"K4905","K4905-gelistirici-deneyimi-05","proposed","""BANT 130""","K4905-gelistirici-deneyimi-05",,"1111"
"K4906","K4906-gelistirici-deneyimi-06","proposed","""BANT 130""","K4906-gelistirici-deneyimi-06",,"1111"
"K4907","K4907-gelistirici-deneyimi-07","proposed","""BANT 130""","K4907-gelistirici-deneyimi-07",,"1111"
"K4908","K4908-gelistirici-deneyimi-08","proposed","""BANT 130""","K4908-gelistirici-deneyimi-08",,"1111"
"K4909","K4909-gelistirici-deneyimi-09","proposed","""BANT 130""","K4909-gelistirici-deneyimi-09",,"1111"
"K4910","K4910-gelistirici-deneyimi-10","proposed","""BANT 130""","K4910-gelistirici-deneyimi-10",,"1113"
"K4911","K4911-gelistirici-deneyimi-11","proposed","""BANT 130""","K4911-gelistirici-deneyimi-11",,"1113"
"K4912","K4912-gelistirici-deneyimi-12","proposed","""BANT 130""","K4912-gelistirici-deneyimi-12",,"1113"
"K4913","K4913-gelistirici-deneyimi-13","proposed","""BANT 130""","K4913-gelistirici-deneyimi-13",,"1113"
"K4914","K4914-gelistirici-deneyimi-14","proposed","""BANT 130""","K4914-gelistirici-deneyimi-14",,"1113"
"K4915","K4915-gelistirici-deneyimi-15","proposed","""BANT 130""","K4915-gelistirici-deneyimi-15",,"1113"
"K4916","K4916-gelistirici-deneyimi-16","proposed","""BANT 130""","K4916-gelistirici-deneyimi-16",,"1113"
"K4917","K4917-gelistirici-deneyimi-17","proposed","""BANT 130""","K4917-gelistirici-deneyimi-17",,"1113"
"K4918","K4918-gelistirici-deneyimi-18","proposed","""BANT 130""","K4918-gelistirici-deneyimi-18",,"1113"
"K4919","K4919-gelistirici-deneyimi-19","proposed","""BANT 130""","K4919-gelistirici-deneyimi-19",,"1113"
"K4920","K4920-gelistirici-deneyimi-20","proposed","""BANT 130""","K4920-gelistirici-deneyimi-20",,"1113"
"K4921","K4921-gelistirici-deneyimi-21","proposed","""BANT 130""","K4921-gelistirici-deneyimi-21",,"1113"
"K4922","K4922-gelistirici-deneyimi-22","proposed","""BANT 130""","K4922-gelistirici-deneyimi-22",,"1113"
"K4923","K4923-gelistirici-deneyimi-23","proposed","""BANT 130""","K4923-gelistirici-deneyimi-23",,"1113"
"K4924","K4924-gelistirici-deneyimi-24","proposed","""BANT 130""","K4924-gelistirici-deneyimi-24",,"1113"
"K4925","K4925-gelistirici-deneyimi-25","proposed","""BANT 130""","K4925-gelistirici-deneyimi-25",,"1113"
"K4926","K4926-gelistirici-deneyimi-26","proposed","""BANT 130""","K4926-gelistirici-deneyimi-26",,"1113"
"K4927","K4927-gelistirici-deneyimi-27","proposed","""BANT 130""","K4927-gelistirici-deneyimi-27",,"1113"
"K4928","K4928-gelistirici-deneyimi-28","proposed","""BANT 130""","K4928-gelistirici-deneyimi-28",,"1113"
"K4929","K4929-gelistirici-deneyimi-29","proposed","""BANT 130""","K4929-gelistirici-deneyimi-29",,"1113"
"K4930","K4930-gelistirici-deneyimi-30","proposed","""BANT 130""","K4930-gelistirici-deneyimi-30",,"1113"
"K4931","K4931-gelistirici-deneyimi-31","proposed","""BANT 130""","K4931-gelistirici-deneyimi-31",,"1113"
"K4932","K4932-gelistirici-deneyimi-32","proposed","""BANT 130""","K4932-gelistirici-deneyimi-32",,"1113"
"K4933","K4933-gelistirici-deneyimi-33","proposed","""BANT 130""","K4933-gelistirici-deneyimi-33",,"1113"
"K4934","K4934-gelistirici-deneyimi-34","proposed","""BANT 130""","K4934-gelistirici-deneyimi-34",,"1113"
"K4935","K4935-gelistirici-deneyimi-35","proposed","""BANT 130""","K4935-gelistirici-deneyimi-35",,"1113"
"K4936","K4936-gelistirici-deneyimi-36","proposed","""BANT 130""","K4936-gelistirici-deneyimi-36",,"1113"
"K4937","K4937-gelistirici-deneyimi-37","proposed","""BANT 130""","K4937-gelistirici-deneyimi-37",,"1113"
"K4938","K4938-gelistirici-deneyimi-38","proposed","""BANT 130""","K4938-gelistirici-deneyimi-38",,"1113"
"K4939","K4939-gelistirici-deneyimi-39","proposed","""BANT 130""","K4939-gelistirici-deneyimi-39",,"1113"
"K4940","K4940-gelistirici-deneyimi-40","proposed","""BANT 130""","K4940-gelistirici-deneyimi-40",,"1113"
"K4941","K4941-genisletilebilirlik-01","proposed","""BANT 131""","K4941-genisletilebilirlik-01",,"1106"
"K4942","K4942-genisletilebilirlik-02","proposed","""BANT 131""","K4942-genisletilebilirlik-02",,"1106"
"K4943","K4943-genisletilebilirlik-03","proposed","""BANT 131""","K4943-genisletilebilirlik-03",,"1106"
"K4944","K4944-genisletilebilirlik-04","proposed","""BANT 131""","K4944-genisletilebilirlik-04",,"1106"
"K4945","K4945-genisletilebilirlik-05","proposed","""BANT 131""","K4945-genisletilebilirlik-05",,"1106"
"K4946","K4946-genisletilebilirlik-06","proposed","""BANT 131""","K4946-genisletilebilirlik-06",,"1106"
"K4947","K4947-genisletilebilirlik-07","proposed","""BANT 131""","K4947-genisletilebilirlik-07",,"1106"
"K4948","K4948-genisletilebilirlik-08","proposed","""BANT 131""","K4948-genisletilebilirlik-08",,"1106"
"K4949","K4949-genisletilebilirlik-09","proposed","""BANT 131""","K4949-genisletilebilirlik-09",,"1106"
"K4950","K4950-genisletilebilirlik-10","proposed","""BANT 131""","K4950-genisletilebilirlik-10",,"1108"
"K4951","K4951-genisletilebilirlik-11","proposed","""BANT 131""","K4951-genisletilebilirlik-11",,"1108"
"K4952","K4952-genisletilebilirlik-12","proposed","""BANT 131""","K4952-genisletilebilirlik-12",,"1108"
"K4953","K4953-genisletilebilirlik-13","proposed","""BANT 131""","K4953-genisletilebilirlik-13",,"1108"
"K4954","K4954-genisletilebilirlik-14","proposed","""BANT 131""","K4954-genisletilebilirlik-14",,"1108"
"K4955","K4955-genisletilebilirlik-15","proposed","""BANT 131""","K4955-genisletilebilirlik-15",,"1108"
"K4956","K4956-genisletilebilirlik-16","proposed","""BANT 131""","K4956-genisletilebilirlik-16",,"1108"
"K4957","K4957-genisletilebilirlik-17","proposed","""BANT 131""","K4957-genisletilebilirlik-17",,"1108"
"K4958","K4958-genisletilebilirlik-18","proposed","""BANT 131""","K4958-genisletilebilirlik-18",,"1108"
"K4959","K4959-genisletilebilirlik-19","proposed","""BANT 131""","K4959-genisletilebilirlik-19",,"1108"
"K4960","K4960-genisletilebilirlik-20","proposed","""BANT 131""","K4960-genisletilebilirlik-20",,"1108"
"K4961","K4961-genisletilebilirlik-21","proposed","""BANT 131""","K4961-genisletilebilirlik-21",,"1108"
"K4962","K4962-genisletilebilirlik-22","proposed","""BANT 131""","K4962-genisletilebilirlik-22",,"1108"
"K4963","K4963-genisletilebilirlik-23","proposed","""BANT 131""","K4963-genisletilebilirlik-23",,"1108"
"K4964","K4964-genisletilebilirlik-24","proposed","""BANT 131""","K4964-genisletilebilirlik-24",,"1108"
"K4965","K4965-genisletilebilirlik-25","proposed","""BANT 131""","K4965-genisletilebilirlik-25",,"1108"
"K4966","K4966-genisletilebilirlik-26","proposed","""BANT 131""","K4966-genisletilebilirlik-26",,"1108"
"K4967","K4967-genisletilebilirlik-27","proposed","""BANT 131""","K4967-genisletilebilirlik-27",,"1108"
"K4968","K4968-genisletilebilirlik-28","proposed","""BANT 131""","K4968-genisletilebilirlik-28",,"1108"
"K4969","K4969-genisletilebilirlik-29","proposed","""BANT 131""","K4969-genisletilebilirlik-29",,"1108"
"K4970","K4970-genisletilebilirlik-30","proposed","""BANT 131""","K4970-genisletilebilirlik-30",,"1108"
"K4971","K4971-genisletilebilirlik-31","proposed","""BANT 131""","K4971-genisletilebilirlik-31",,"1108"
"K4972","K4972-genisletilebilirlik-32","proposed","""BANT 131""","K4972-genisletilebilirlik-32",,"1108"
"K4973","K4973-genisletilebilirlik-33","proposed","""BANT 131""","K4973-genisletilebilirlik-33",,"1108"
"K4974","K4974-genisletilebilirlik-34","proposed","""BANT 131""","K4974-genisletilebilirlik-34",,"1108"
"K4975","K4975-genisletilebilirlik-35","proposed","""BANT 131""","K4975-genisletilebilirlik-35",,"1108"
"K4976","K4976-genisletilebilirlik-36","proposed","""BANT 131""","K4976-genisletilebilirlik-36",,"1108"
"K4977","K4977-genisletilebilirlik-37","proposed","""BANT 131""","K4977-genisletilebilirlik-37",,"1108"
"K4978","K4978-genisletilebilirlik-38","proposed","""BANT 131""","K4978-genisletilebilirlik-38",,"1108"
"K4979","K4979-genisletilebilirlik-39","proposed","""BANT 131""","K4979-genisletilebilirlik-39",,"1108"
"K4980","K4980-genisletilebilirlik-40","proposed","""BANT 131""","K4980-genisletilebilirlik-40",,"1108"
"K4981","K4981-olceklenme-01","proposed","""BANT 132""","K4981-olceklenme-01",,"1061"
"K4982","K4982-olceklenme-02","proposed","""BANT 132""","K4982-olceklenme-02",,"1061"
"K4983","K4983-olceklenme-03","proposed","""BANT 132""","K4983-olceklenme-03",,"1061"
"K4984","K4984-olceklenme-04","proposed","""BANT 132""","K4984-olceklenme-04",,"1061"
"K4985","K4985-olceklenme-05","proposed","""BANT 132""","K4985-olceklenme-05",,"1061"
"K4986","K4986-olceklenme-06","proposed","""BANT 132""","K4986-olceklenme-06",,"1061"
"K4987","K4987-olceklenme-07","proposed","""BANT 132""","K4987-olceklenme-07",,"1061"
"K4988","K4988-olceklenme-08","proposed","""BANT 132""","K4988-olceklenme-08",,"1061"
"K4989","K4989-olceklenme-09","proposed","""BANT 132""","K4989-olceklenme-09",,"1061"
"K4990","K4990-olceklenme-10","proposed","""BANT 132""","K4990-olceklenme-10",,"1063"
"K4991","K4991-olceklenme-11","proposed","""BANT 132""","K4991-olceklenme-11",,"1063"
"K4992","K4992-olceklenme-12","proposed","""BANT 132""","K4992-olceklenme-12",,"1063"
"K4993","K4993-olceklenme-13","proposed","""BANT 132""","K4993-olceklenme-13",,"1063"
"K4994","K4994-olceklenme-14","proposed","""BANT 132""","K4994-olceklenme-14",,"1063"
"K4995","K4995-olceklenme-15","proposed","""BANT 132""","K4995-olceklenme-15",,"1063"
"K4996","K4996-olceklenme-16","proposed","""BANT 132""","K4996-olceklenme-16",,"1063"
"K4997","K4997-olceklenme-17","proposed","""BANT 132""","K4997-olceklenme-17",,"1063"
"K4998","K4998-olceklenme-18","proposed","""BANT 132""","K4998-olceklenme-18",,"1063"
"K4999","K4999-olceklenme-19","proposed","""BANT 132""","K4999-olceklenme-19",,"1063"
"K5000","K5000-olceklenme-20","proposed","""BANT 132""","K5000-olceklenme-20",,"1063"
"K5001","K5001-olceklenme-21","proposed","""BANT 132""","K5001-olceklenme-21",,"1063"
"K5002","K5002-olceklenme-22","proposed","""BANT 132""","K5002-olceklenme-22",,"1063"
"K5003","K5003-olceklenme-23","proposed","""BANT 132""","K5003-olceklenme-23",,"1063"
"K5004","K5004-olceklenme-24","proposed","""BANT 132""","K5004-olceklenme-24",,"1063"
"K5005","K5005-olceklenme-25","proposed","""BANT 132""","K5005-olceklenme-25",,"1063"
"K5006","K5006-olceklenme-26","proposed","""BANT 132""","K5006-olceklenme-26",,"1063"
"K5007","K5007-olceklenme-27","proposed","""BANT 132""","K5007-olceklenme-27",,"1063"
"K5008","K5008-olceklenme-28","proposed","""BANT 132""","K5008-olceklenme-28",,"1063"
"K5009","K5009-olceklenme-29","proposed","""BANT 132""","K5009-olceklenme-29",,"1063"
"K5010","K5010-olceklenme-30","proposed","""BANT 132""","K5010-olceklenme-30",,"1063"
"K5011","K5011-olceklenme-31","proposed","""BANT 132""","K5011-olceklenme-31",,"1063"
"K5012","K5012-olceklenme-32","proposed","""BANT 132""","K5012-olceklenme-32",,"1063"
"K5013","K5013-olceklenme-33","proposed","""BANT 132""","K5013-olceklenme-33",,"1063"
"K5014","K5014-olceklenme-34","proposed","""BANT 132""","K5014-olceklenme-34",,"1063"
"K5015","K5015-olceklenme-35","proposed","""BANT 132""","K5015-olceklenme-35",,"1063"
"K5016","K5016-olceklenme-36","proposed","""BANT 132""","K5016-olceklenme-36",,"1063"
"K5017","K5017-olceklenme-37","proposed","""BANT 132""","K5017-olceklenme-37",,"1063"
"K5018","K5018-olceklenme-38","proposed","""BANT 132""","K5018-olceklenme-38",,"1063"
"K5019","K5019-olceklenme-39","proposed","""BANT 132""","K5019-olceklenme-39",,"1063"
"K5020","K5020-olceklenme-40","proposed","""BANT 132""","K5020-olceklenme-40",,"1063"
"K5021","K5021-dayaniklilik-01","proposed","""BANT 133""","K5021-dayaniklilik-01",,"1071"
"K5022","K5022-dayaniklilik-02","proposed","""BANT 133""","K5022-dayaniklilik-02",,"1071"
"K5023","K5023-dayaniklilik-03","proposed","""BANT 133""","K5023-dayaniklilik-03",,"1071"
"K5024","K5024-dayaniklilik-04","proposed","""BANT 133""","K5024-dayaniklilik-04",,"1071"
"K5025","K5025-dayaniklilik-05","proposed","""BANT 133""","K5025-dayaniklilik-05",,"1071"
"K5026","K5026-dayaniklilik-06","proposed","""BANT 133""","K5026-dayaniklilik-06",,"1071"
"K5027","K5027-dayaniklilik-07","proposed","""BANT 133""","K5027-dayaniklilik-07",,"1071"
"K5028","K5028-dayaniklilik-08","proposed","""BANT 133""","K5028-dayaniklilik-08",,"1071"
"K5029","K5029-dayaniklilik-09","proposed","""BANT 133""","K5029-dayaniklilik-09",,"1071"
"K5030","K5030-dayaniklilik-10","proposed","""BANT 133""","K5030-dayaniklilik-10",,"1073"
"K5031","K5031-dayaniklilik-11","proposed","""BANT 133""","K5031-dayaniklilik-11",,"1073"
"K5032","K5032-dayaniklilik-12","proposed","""BANT 133""","K5032-dayaniklilik-12",,"1073"
"K5033","K5033-dayaniklilik-13","proposed","""BANT 133""","K5033-dayaniklilik-13",,"1073"
"K5034","K5034-dayaniklilik-14","proposed","""BANT 133""","K5034-dayaniklilik-14",,"1073"
"K5035","K5035-dayaniklilik-15","proposed","""BANT 133""","K5035-dayaniklilik-15",,"1073"
"K5036","K5036-dayaniklilik-16","proposed","""BANT 133""","K5036-dayaniklilik-16",,"1073"
"K5037","K5037-dayaniklilik-17","proposed","""BANT 133""","K5037-dayaniklilik-17",,"1073"
"K5038","K5038-dayaniklilik-18","proposed","""BANT 133""","K5038-dayaniklilik-18",,"1073"
"K5039","K5039-dayaniklilik-19","proposed","""BANT 133""","K5039-dayaniklilik-19",,"1073"
"K5040","K5040-dayaniklilik-20","proposed","""BANT 133""","K5040-dayaniklilik-20",,"1073"
"K5041","K5041-dayaniklilik-21","proposed","""BANT 133""","K5041-dayaniklilik-21",,"1073"
"K5042","K5042-dayaniklilik-22","proposed","""BANT 133""","K5042-dayaniklilik-22",,"1073"
"K5043","K5043-dayaniklilik-23","proposed","""BANT 133""","K5043-dayaniklilik-23",,"1073"
"K5044","K5044-dayaniklilik-24","proposed","""BANT 133""","K5044-dayaniklilik-24",,"1073"
"K5045","K5045-dayaniklilik-25","proposed","""BANT 133""","K5045-dayaniklilik-25",,"1073"
"K5046","K5046-dayaniklilik-26","proposed","""BANT 133""","K5046-dayaniklilik-26",,"1073"
"K5047","K5047-dayaniklilik-27","proposed","""BANT 133""","K5047-dayaniklilik-27",,"1073"
"K5048","K5048-dayaniklilik-28","proposed","""BANT 133""","K5048-dayaniklilik-28",,"1073"
"K5049","K5049-dayaniklilik-29","proposed","""BANT 133""","K5049-dayaniklilik-29",,"1073"
"K5050","K5050-dayaniklilik-30","proposed","""BANT 133""","K5050-dayaniklilik-30",,"1073"
"K5051","K5051-dayaniklilik-31","proposed","""BANT 133""","K5051-dayaniklilik-31",,"1073"
"K5052","K5052-dayaniklilik-32","proposed","""BANT 133""","K5052-dayaniklilik-32",,"1073"
"K5053","K5053-dayaniklilik-33","proposed","""BANT 133""","K5053-dayaniklilik-33",,"1073"
"K5054","K5054-dayaniklilik-34","proposed","""BANT 133""","K5054-dayaniklilik-34",,"1073"
"K5055","K5055-dayaniklilik-35","proposed","""BANT 133""","K5055-dayaniklilik-35",,"1073"
"K5056","K5056-dayaniklilik-36","proposed","""BANT 133""","K5056-dayaniklilik-36",,"1073"
"K5057","K5057-dayaniklilik-37","proposed","""BANT 133""","K5057-dayaniklilik-37",,"1073"
"K5058","K5058-dayaniklilik-38","proposed","""BANT 133""","K5058-dayaniklilik-38",,"1073"
"K5059","K5059-dayaniklilik-39","proposed","""BANT 133""","K5059-dayaniklilik-39",,"1073"
"K5060","K5060-dayaniklilik-40","proposed","""BANT 133""","K5060-dayaniklilik-40",,"1073"
"K5061","K5061-kaos-muhendisligi-01","proposed","""BANT 134""","K5061-kaos-muhendisligi-01",,"1096"
"K5062","K5062-kaos-muhendisligi-02","proposed","""BANT 134""","K5062-kaos-muhendisligi-02",,"1096"
"K5063","K5063-kaos-muhendisligi-03","proposed","""BANT 134""","K5063-kaos-muhendisligi-03",,"1096"
"K5064","K5064-kaos-muhendisligi-04","proposed","""BANT 134""","K5064-kaos-muhendisligi-04",,"1096"
"K5065","K5065-kaos-muhendisligi-05","proposed","""BANT 134""","K5065-kaos-muhendisligi-05",,"1096"
"K5066","K5066-kaos-muhendisligi-06","proposed","""BANT 134""","K5066-kaos-muhendisligi-06",,"1096"
"K5067","K5067-kaos-muhendisligi-07","proposed","""BANT 134""","K5067-kaos-muhendisligi-07",,"1096"
"K5068","K5068-kaos-muhendisligi-08","proposed","""BANT 134""","K5068-kaos-muhendisligi-08",,"1096"
"K5069","K5069-kaos-muhendisligi-09","proposed","""BANT 134""","K5069-kaos-muhendisligi-09",,"1096"
"K5070","K5070-kaos-muhendisligi-10","proposed","""BANT 134""","K5070-kaos-muhendisligi-10",,"1098"
"K5071","K5071-kaos-muhendisligi-11","proposed","""BANT 134""","K5071-kaos-muhendisligi-11",,"1098"
"K5072","K5072-kaos-muhendisligi-12","proposed","""BANT 134""","K5072-kaos-muhendisligi-12",,"1098"
"K5073","K5073-kaos-muhendisligi-13","proposed","""BANT 134""","K5073-kaos-muhendisligi-13",,"1098"
"K5074","K5074-kaos-muhendisligi-14","proposed","""BANT 134""","K5074-kaos-muhendisligi-14",,"1098"
"K5075","K5075-kaos-muhendisligi-15","proposed","""BANT 134""","K5075-kaos-muhendisligi-15",,"1098"
"K5076","K5076-kaos-muhendisligi-16","proposed","""BANT 134""","K5076-kaos-muhendisligi-16",,"1098"
"K5077","K5077-kaos-muhendisligi-17","proposed","""BANT 134""","K5077-kaos-muhendisligi-17",,"1098"
"K5078","K5078-kaos-muhendisligi-18","proposed","""BANT 134""","K5078-kaos-muhendisligi-18",,"1098"
"K5079","K5079-kaos-muhendisligi-19","proposed","""BANT 134""","K5079-kaos-muhendisligi-19",,"1098"
"K5080","K5080-kaos-muhendisligi-20","proposed","""BANT 134""","K5080-kaos-muhendisligi-20",,"1098"
"K5081","K5081-kaos-muhendisligi-21","proposed","""BANT 134""","K5081-kaos-muhendisligi-21",,"1098"
"K5082","K5082-kaos-muhendisligi-22","proposed","""BANT 134""","K5082-kaos-muhendisligi-22",,"1098"
"K5083","K5083-kaos-muhendisligi-23","proposed","""BANT 134""","K5083-kaos-muhendisligi-23",,"1098"
"K5084","K5084-kaos-muhendisligi-24","proposed","""BANT 134""","K5084-kaos-muhendisligi-24",,"1098"
"K5085","K5085-kaos-muhendisligi-25","proposed","""BANT 134""","K5085-kaos-muhendisligi-25",,"1098"
"K5086","K5086-kaos-muhendisligi-26","proposed","""BANT 134""","K5086-kaos-muhendisligi-26",,"1098"
"K5087","K5087-kaos-muhendisligi-27","proposed","""BANT 134""","K5087-kaos-muhendisligi-27",,"1098"
"K5088","K5088-kaos-muhendisligi-28","proposed","""BANT 134""","K5088-kaos-muhendisligi-28",,"1098"
"K5089","K5089-kaos-muhendisligi-29","proposed","""BANT 134""","K5089-kaos-muhendisligi-29",,"1098"
"K5090","K5090-kaos-muhendisligi-30","proposed","""BANT 134""","K5090-kaos-muhendisligi-30",,"1098"
"K5091","K5091-kaos-muhendisligi-31","proposed","""BANT 134""","K5091-kaos-muhendisligi-31",,"1098"
"K5092","K5092-kaos-muhendisligi-32","proposed","""BANT 134""","K5092-kaos-muhendisligi-32",,"1098"
"K5093","K5093-kaos-muhendisligi-33","proposed","""BANT 134""","K5093-kaos-muhendisligi-33",,"1098"
"K5094","K5094-kaos-muhendisligi-34","proposed","""BANT 134""","K5094-kaos-muhendisligi-34",,"1098"
"K5095","K5095-kaos-muhendisligi-35","proposed","""BANT 134""","K5095-kaos-muhendisligi-35",,"1098"
"K5096","K5096-kaos-muhendisligi-36","proposed","""BANT 134""","K5096-kaos-muhendisligi-36",,"1098"
"K5097","K5097-kaos-muhendisligi-37","proposed","""BANT 134""","K5097-kaos-muhendisligi-37",,"1098"
"K5098","K5098-kaos-muhendisligi-38","proposed","""BANT 134""","K5098-kaos-muhendisligi-38",,"1098"
"K5099","K5099-kaos-muhendisligi-39","proposed","""BANT 134""","K5099-kaos-muhendisligi-39",,"1098"
"K5100","K5100-kaos-muhendisligi-40","proposed","""BANT 134""","K5100-kaos-muhendisligi-40",,"1098"
"K5101","K5101-kapasite-01","proposed","""BANT 135""","K5101-kapasite-01",,"1051"
"K5102","K5102-kapasite-02","proposed","""BANT 135""","K5102-kapasite-02",,"1051"
"K5103","K5103-kapasite-03","proposed","""BANT 135""","K5103-kapasite-03",,"1051"
"K5104","K5104-kapasite-04","proposed","""BANT 135""","K5104-kapasite-04",,"1051"
"K5105","K5105-kapasite-05","proposed","""BANT 135""","K5105-kapasite-05",,"1051"
"K5106","K5106-kapasite-06","proposed","""BANT 135""","K5106-kapasite-06",,"1051"
"K5107","K5107-kapasite-07","proposed","""BANT 135""","K5107-kapasite-07",,"1051"
"K5108","K5108-kapasite-08","proposed","""BANT 135""","K5108-kapasite-08",,"1051"
"K5109","K5109-kapasite-09","proposed","""BANT 135""","K5109-kapasite-09",,"1051"
"K5110","K5110-kapasite-10","proposed","""BANT 135""","K5110-kapasite-10",,"1053"
"K5111","K5111-kapasite-11","proposed","""BANT 135""","K5111-kapasite-11",,"1053"
"K5112","K5112-kapasite-12","proposed","""BANT 135""","K5112-kapasite-12",,"1053"
"K5113","K5113-kapasite-13","proposed","""BANT 135""","K5113-kapasite-13",,"1053"
"K5114","K5114-kapasite-14","proposed","""BANT 135""","K5114-kapasite-14",,"1053"
"K5115","K5115-kapasite-15","proposed","""BANT 135""","K5115-kapasite-15",,"1053"
"K5116","K5116-kapasite-16","proposed","""BANT 135""","K5116-kapasite-16",,"1053"
"K5117","K5117-kapasite-17","proposed","""BANT 135""","K5117-kapasite-17",,"1053"
"K5118","K5118-kapasite-18","proposed","""BANT 135""","K5118-kapasite-18",,"1053"
"K5119","K5119-kapasite-19","proposed","""BANT 135""","K5119-kapasite-19",,"1053"
"K5120","K5120-kapasite-20","proposed","""BANT 135""","K5120-kapasite-20",,"1053"
"K5121","K5121-kapasite-21","proposed","""BANT 135""","K5121-kapasite-21",,"1053"
"K5122","K5122-kapasite-22","proposed","""BANT 135""","K5122-kapasite-22",,"1053"
"K5123","K5123-kapasite-23","proposed","""BANT 135""","K5123-kapasite-23",,"1053"
"K5124","K5124-kapasite-24","proposed","""BANT 135""","K5124-kapasite-24",,"1053"
"K5125","K5125-kapasite-25","proposed","""BANT 135""","K5125-kapasite-25",,"1053"
"K5126","K5126-kapasite-26","proposed","""BANT 135""","K5126-kapasite-26",,"1053"
"K5127","K5127-kapasite-27","proposed","""BANT 135""","K5127-kapasite-27",,"1053"
"K5128","K5128-kapasite-28","proposed","""BANT 135""","K5128-kapasite-28",,"1053"
"K5129","K5129-kapasite-29","proposed","""BANT 135""","K5129-kapasite-29",,"1053"
"K5130","K5130-kapasite-30","proposed","""BANT 135""","K5130-kapasite-30",,"1053"
"K5131","K5131-kapasite-31","proposed","""BANT 135""","K5131-kapasite-31",,"1053"
"K5132","K5132-kapasite-32","proposed","""BANT 135""","K5132-kapasite-32",,"1053"
"K5133","K5133-kapasite-33","proposed","""BANT 135""","K5133-kapasite-33",,"1053"
"K5134","K5134-kapasite-34","proposed","""BANT 135""","K5134-kapasite-34",,"1053"
"K5135","K5135-kapasite-35","proposed","""BANT 135""","K5135-kapasite-35",,"1053"
"K5136","K5136-kapasite-36","proposed","""BANT 135""","K5136-kapasite-36",,"1053"
"K5137","K5137-kapasite-37","proposed","""BANT 135""","K5137-kapasite-37",,"1053"
"K5138","K5138-kapasite-38","proposed","""BANT 135""","K5138-kapasite-38",,"1053"
"K5139","K5139-kapasite-39","proposed","""BANT 135""","K5139-kapasite-39",,"1053"
"K5140","K5140-kapasite-40","proposed","""BANT 135""","K5140-kapasite-40",,"1053"
